UID,Country,Programs_Applied_To,Count_of_Programs,Status,Applicant
26000003,Американское Самоа /,Языкознание и литературоведение (на французском языке) / Linguistics and Literary Studies (in French); Языкознание и литературоведение (на итальянском языке) / Linguistics and Literary Studies (in Italian),2,Accepted with budget,Master
26000004,Греция /,Нефтегазовое дело / Petroleum Engineering (in Russian); Менеджмент (на английском языке) / Management (in English); Физическая культура / Physical Education (in Russian),3,Accepted with budget,Bachelor
26000005,Казахстан /,Менеджмент и государственное и муниципальное управление / Management and Public Administration (in Russian); Международные отношения / International Relations (in Russian); Психология / Psychology (in Russian),3,Accepted with budget,Bachelor
26000006,Казахстан /,Науки о Земле / Earth Sciences (in Russian),1,Accepted with budget,Bachelor
26000007,КИТАЙ /,Философия / Philosophy (in Russian),1,Accepted with budget,PhD
26000008,Казахстан /,Живопись / Painting (in Russian); Графика / Graphics (in Russian),2,Accepted with budget,Specialist
26000008,Казахстан /,Графический дизайн / Graphic Design (in Russian),1,Accepted with budget,Bachelor
26000009,Индия /,Стоматология (на английском языке) / Dental Medicine (in English),1,Accepted with budget,Specialist
26000009,Индия /,Менеджмент (на английском языке) / Management (in English),1,Accepted with budget,Bachelor
26000010,Иордания /,Медицина / Medicine (in Russian),1,Accepted with budget,PhD
26000011,Казахстан /,Дизайн среды / Environmental Design (in Russian); Реставрация / Restoration of Fine and Applied Art Objects (in Russian); Английский язык / English,3,Accepted with budget,Bachelor
26000012,Индия /,Менеджмент (на английском языке) / Management (in English); Медицина / Medicine (in Russian),2,Accepted with budget,PhD
26000013,Пакистан /,Менеджмент (на английском языке) / Management (in English),1,Accepted with budget,Master
26000014,Казахстан /,Биология / Biology (in Russian); Химия / Chemistry (in Russian),2,Accepted with budget,Master
26000015,Нигерия /,Медицина (на английском языке) / Medicine (in English),1,Accepted with budget,Specialist
26000016,Казахстан /,Психология / Psychology (in Russian); Менеджмент и государственное и муниципальное управление / Management and Public Administration (in Russian),2,Accepted with budget,Bachelor
26000018,Нигерия /,Экономика / Economics (in Russian); Менеджмент (на английском языке) / Management (in English); Журналистика и массовые коммуникации / Journalism and Mass Communication (in Russian),3,Accepted with budget,Bachelor
26000019,Казахстан /,Журналистика и массовые коммуникации / Journalism and Mass Communication (in Russian),1,Accepted with budget,Bachelor
26000020,Пакистан /,Юриспруденция (на английском языке) / Law (in English); Международные отношения (на английском языке) / International Relations (in English),2,Accepted with budget,Master
26000021,Нигерия /,Менеджмент (на английском языке) / Management (in English),1,Accepted with budget,Bachelor
26000022,Египет /,Менеджмент (на английском языке) / Management (in English); Экономика (на английском языке) / Economics (in English); Международные отношения (на английском языке) / International Relations (in English),3,Accepted with budget,Master
26000023,Азербайджан /,Психология / Psychology (in Russian),1,Accepted with budget,Bachelor
26000024,Кения /,Медицина (на английском языке) / Medicine (in English),1,Accepted with budget,Specialist
26000025,Казахстан /,Журналистика и массовые коммуникации / Journalism and Mass Communication (in Russian); Психология / Psychology (in Russian); Международные отношения / International Relations (in Russian),3,Accepted with budget,Bachelor
26000026,Казахстан /,Химия / Chemistry (in Russian); Биология / Biology (in Russian); Науки о Земле / Earth Sciences (in Russian),3,Accepted with budget,Bachelor
26000027,Азербайджан /,Юриспруденция / Law (in Russian),1,Accepted with budget,Bachelor
26000028,Перу /,Медицина / Medicine (in Russian),1,Accepted with budget,Specialist
26000030,Нигерия /,Медицина (на английском языке) / Medicine (in English),1,Accepted with budget,Specialist
26000030,Нигерия /,Менеджмент (на английском языке) / Management (in English); Международные отношения / International Relations (in Russian),2,Accepted with budget,Bachelor
26000031,Ирак /,Менеджмент и государственное и муниципальное управление / Management and Public Administration (in Russian); Международные отношения / International Relations (in Russian); Менеджмент (на английском языке) / Management (in English),3,Accepted with budget,Bachelor
26000032,Казахстан /,Юриспруденция / Law (in Russian); Социология / Sociology (in Russian),2,Accepted with budget,Bachelor
26000033,Казахстан /,Журналистика и массовые коммуникации / Journalism and Mass Communication (in Russian); Социология / Sociology (in Russian); Менеджмент и государственное и муниципальное управление / Management and Public Administration (in Russian),3,Accepted with budget,Bachelor
26000034,Узбекистан /,Юриспруденция / Law (in Russian); Международные отношения / International Relations (in Russian),2,Accepted with budget,Bachelor
26000035,Пакистан /,Медицина (на английском языке) / Medicine (in English); Стоматология (на английском языке) / Dental Medicine (in English); Медицина / Medicine (in Russian),3,Accepted with budget,Specialist
26000036,ТУРКМЕНИСТАН /,Стоматология / Dental Medicine (in Russian); Медицина / Medicine (in Russian),2,Accepted with budget,Specialist
26000037,Индия /,Медицина (на английском языке) / Medicine (in English),1,Accepted with budget,Specialist
26000038,Казахстан /,Стоматология / Dental Medicine (in Russian); Медицина / Medicine (in Russian),2,Accepted with budget,Specialist
26000039,Индия /,Менеджмент (на английском языке) / Management (in English),1,Accepted with budget,PhD
26000040,Казахстан /,Медицина / Medicine (in Russian); Стоматология / Dental Medicine (in Russian),2,Accepted with budget,Specialist
26000041,Беларусь /,Менеджмент и государственное и муниципальное управление / Management and Public Administration (in Russian),1,Accepted with budget,Bachelor
26000042,Афганистан /,Менеджмент и государственное и муниципальное управление / Management and Public Administration (in Russian),1,Accepted with budget,Bachelor
26000043,Казахстан /,Юриспруденция / Law (in Russian); Социология / Sociology (in Russian); Международные отношения / International Relations (in Russian),3,Accepted with budget,Bachelor
26000044,Казахстан /,Английский язык / English; Философия / Philosophy (in Russian),2,Accepted with budget,Bachelor
26000045,Нигерия /,Компьютерные науки и информационные технологии / Computer Science and Information Technology (in Russian),1,Accepted with budget,PhD
26000046,Узбекистан /,Физические науки / Physical Sciences (in Russian),1,Accepted with budget,PhD
26000047,Нигер /,Медицина / Medicine (in Russian),1,Accepted with budget,PhD
26000048,Пакистан /,Графический дизайн / Graphic Design (in Russian),1,Accepted with budget,Master
26000049,Гаити /,Экономика / Economics (in Russian); Менеджмент (на английском языке) / Management (in English); Политология / Political Science (in Russian),3,Accepted with budget,Master
26000050,КОНГО /,Науки о Земле и окружающей среде / Earth and Environmental Sciences (in Russian),1,Accepted with budget,Master
26000051,Казахстан /,Международные отношения / International Relations (in Russian); Политология / Political Science (in Russian),2,Accepted with budget,Bachelor
26000052,Йемен /,Медицина / Medicine (in Russian),1,Accepted with budget,PhD
26000053,Казахстан /,Менеджмент и государственное и муниципальное управление / Management and Public Administration (in Russian); Менеджмент (на английском языке) / Management (in English),2,Accepted with budget,Bachelor
26000054,Казахстан /,Менеджмент и государственное и муниципальное управление / Management and Public Administration (in Russian); Психология / Psychology (in Russian),2,Accepted with budget,Bachelor
26000055,Болгария /,Международные отношения / International Relations (in Russian); Политология / Political Science (in Russian); Менеджмент и государственное и муниципальное управление / Management and Public Administration (in Russian),3,Accepted with budget,Bachelor
26000056,Узбекистан /,Математика и компьютерные науки / Mathematics and Computer Science (in Russian),1,Accepted with budget,Bachelor
26000057,Бангладеш /,Стоматология (на английском языке) / Dental Medicine (in English),1,Accepted with budget,Specialist
26000057,Бангладеш /,Социология / Sociology (in Russian),1,Accepted with budget,Bachelor
26000058,Египет /,Биологические науки / Biological sciences (in Russian); Менеджмент / Management (in Russian),2,Accepted with budget,PhD
26000059,Индонезия /,Международные отношения (на английском языке) / International Relations (in English); Международные отношения / International Relations (in Russian); Деловая коммуникация на английском языке / Business Communication in English,3,Accepted with budget,Master
26000060,Нигерия /,Биология / Biology (in Russian); Химия / Chemistry (in Russian),2,Accepted with budget,Master
26000061,"ИРАН, ИСЛАМСКАЯ РЕСПУБЛИКА /",Стоматология (на английском языке) / Dental Medicine (in English); Стоматология / Dental Medicine (in Russian); Медицина (на английском языке) / Medicine (in English),3,Accepted with budget,Specialist
26000062,"ТАНЗАНИЯ, ОБЪЕДИНЕННАЯ РЕСПУБЛИКА /",Менеджмент (на английском языке) / Management (in English),1,Accepted with budget,PhD
26000063,Индия /,Менеджмент (на английском языке) / Management (in English),1,Accepted with budget,Master
26000064,Египет /,Экономика (на английском языке) / Economics (in English),1,Accepted with budget,Master
26000065,Нигерия /,Менеджмент (на английском языке) / Management (in English),1,Accepted with budget,PhD
26000066,Мавритания /,Языкознание и литературоведение (на испанском языке) / Linguistics and Literary Studies (in Spanish); Иностранные языки / Foreign Languages (in Russian),2,Accepted with budget,Master
26000067,Бангладеш /,Международные отношения (на английском языке) / International Relations (in English); Языкознание и литературоведение (на английском языке) / Foreign Languages (in English),2,Accepted with budget,Master
26000068,Нигерия /,Физика (на английском языке) / Physics (in English); Биология / Biology (in Russian); Химия / Chemistry (in Russian),3,Accepted with budget,Master
26000069,Бангладеш /,Математика и компьютерные науки / Mathematics and Computer Science (in Russian); Международные отношения / International Relations (in Russian),2,Accepted with budget,Bachelor
26000070,"МОЛДОВА, РЕСПУБЛИКА /",Экономика / Economics (in Russian); Менеджмент и государственное и муниципальное управление / Management and Public Administration (in Russian); Юриспруденция / Law (in Russian),3,Accepted with budget,Bachelor
26000071,Казахстан /,Математика и компьютерные науки / Mathematics and Computer Science (in Russian),1,Accepted with budget,Bachelor
26000072,Азербайджан /,Математика и механика / Mathematics and Mechanics (in Russian); Физика / Physics (in Russian); Нефтегазовое дело / Petroleum Engineering (in Russian),3,Accepted with budget,Bachelor
26000073,ТУРКМЕНИСТАН /,Нефтегазовое дело / Petroleum Engineering (in Russian); Химия / Chemistry (in Russian); Психология / Psychology (in Russian),3,Accepted with budget,Bachelor
26000074,Казахстан /,Графический дизайн / Graphic Design (in Russian),1,Accepted with budget,Bachelor
26000075,Казахстан /,Журналистика и массовые коммуникации / Journalism and Mass Communication (in Russian); Искусства и гуманитарные науки / Arts and Humanities (in Russian); Юриспруденция / Law (in Russian),3,Accepted with budget,Bachelor
26000076,Бангладеш /,Международные отношения (на английском языке) / International Relations (in English); Деловая коммуникация на английском языке / Business Communication in English; Прикладная математика и процессы управления (на английском языке) / Applied Mathematics and Control Processes (in English),3,Accepted with budget,Master
26000077,Сенегал /,Нефтегазовая геология / Petroleum Geology (in Russian),1,Accepted with budget,Master
26000078,Российская Федерация /,Физическая культура / Physical Education (in Russian); Менеджмент и государственное и муниципальное управление / Management and Public Administration (in Russian); Журналистика и массовые коммуникации / Journalism and Mass Communication (in Russian),3,Accepted with budget,Bachelor
26000079,КИТАЙ /,Языкознание и литературоведение / Linguistics and Literary Studies (in Russian),1,Accepted with budget,Bachelor
26000080,Турция /,Медицина (на английском языке) / Medicine (in English),1,Accepted with budget,Specialist
26000081,Беларусь /,Медицина / Medicine (in Russian); Стоматология / Dental Medicine (in Russian),2,Accepted with budget,Specialist
26000082,Узбекистан /,Языкознание и литературоведение / Linguistics and Literary Studies (in Russian); Педагогика / Pedagogy (in Russian); Языкознание и литературоведение (на английском языке) / Foreign Languages (in English),3,Accepted with budget,Master
26000083,Бангладеш /,Прикладная математика и процессы управления (на английском языке) / Applied Mathematics and Control Processes (in English); Современная математика (на английском языке) / Modern Mathematics (in English); Экономика (на английском языке) / Economics (in English),3,Accepted with budget,Master
26000084,Бангладеш /,Современная математика (на английском языке) / Modern Mathematics (in English); Прикладная математика и процессы управления (на английском языке) / Applied Mathematics and Control Processes (in English); Экономика (на английском языке) / Economics (in English),3,Accepted with budget,Master
26000085,Индия /,Медицина (на английском языке) / Medicine (in English),1,Accepted with budget,Specialist
26000085,Индия /,Менеджмент (на английском языке) / Management (in English),1,Accepted with budget,Bachelor
26000086,Индонезия /,Культурология (на английском языке) / Cultural Studies (in English); Социология (на английском языке) / Sociology (in English),2,Accepted with budget,Master
26000087,КОНГО /,Международные отношения / International Relations (in Russian); Политология / Political Science (in Russian),2,Accepted with budget,Master
26000088,Нигерия /,Менеджмент (на английском языке) / Management (in English),1,Accepted with budget,Bachelor
26000089,Казахстан /,Прикладная математика и процессы управления / Applied Mathematics and Control Processes (in Russian); Нефтегазовое дело / Petroleum Engineering (in Russian); Международные отношения / International Relations (in Russian),3,Accepted with budget,Bachelor
26000091,Афганистан /,Науки о Земле и окружающей среде / Earth and Environmental Sciences (in Russian),1,Accepted with budget,Master
26000092,Ливан /,Медицина (на английском языке) / Medicine (in English),1,Accepted with budget,Specialist
26000093,Индия /,Менеджмент (на английском языке) / Management (in English),1,Accepted with budget,PhD
26000094,"ИРАН, ИСЛАМСКАЯ РЕСПУБЛИКА /",Стоматология / Dental Medicine (in Russian); Стоматология (на английском языке) / Dental Medicine (in English); Медицина / Medicine (in Russian),3,Accepted with budget,Specialist
26000095,Узбекистан /,Юриспруденция / Law (in Russian),1,Accepted with budget,Master
26000096,СИРИЙСКАЯ АРАБСКАЯ РЕСПУБЛИКА /,Стоматология / Dental Medicine (in Russian),1,Accepted with budget,PhD
26000097,Казахстан /,Английский язык / English,1,Accepted with budget,Bachelor
26000098,КИТАЙ /,Языкознание и литературоведение / Linguistics and Literary Studies (in Russian); Педагогика / Pedagogy (in Russian); Международные отношения / International Relations (in Russian),3,Accepted with budget,PhD
26000099,Индонезия /,Международные отношения / International Relations (in Russian),1,Accepted with budget,PhD
26000100,Иордания /,Медицина / Medicine (in Russian),1,Accepted with budget,PhD
26000101,КИТАЙ /,Медиакоммуникации и журналистика / Mediacommunications and Journalism (in Russian),1,Accepted with budget,PhD
26000102,Беларусь /,Химия / Chemistry (in Russian),1,Accepted with budget,Bachelor
26000103,Казахстан /,Языкознание и литературоведение / Linguistics and Literary Studies (in Russian); Востоковедение и африканистика / Asian and African Studies (in Russian),2,Accepted with budget,Bachelor
26000104,Гватемала /,Менеджмент и государственное и муниципальное управление / Management and Public Administration (in Russian),1,Accepted with budget,Bachelor
26000105,Узбекистан /,Биология / Biology (in Russian); Химия / Chemistry (in Russian),2,Accepted with budget,Bachelor
26000105,Узбекистан /,Стоматология / Dental Medicine (in Russian),1,Accepted with budget,Specialist
26000106,Марокко /,Физика / Physics (in Russian); Дизайн среды / Environmental Design (in Russian); Английский язык / English,3,Accepted with budget,Bachelor
26000107,Казахстан /,Графический дизайн / Graphic Design (in Russian),1,Accepted with budget,Bachelor
26000108,Казахстан /,Менеджмент и государственное и муниципальное управление / Management and Public Administration (in Russian); Менеджмент (на английском языке) / Management (in English),2,Accepted with budget,Bachelor
26000109,ТУРКМЕНИСТАН /,Менеджмент и государственное и муниципальное управление / Management and Public Administration (in Russian); Науки о Земле / Earth Sciences (in Russian),2,Accepted with budget,Bachelor
26000110,Египет /,Нефтегазовое дело / Petroleum Engineering (in Russian),1,Accepted with budget,Bachelor
26000111,Йемен /,Медицина (на английском языке) / Medicine (in English); Медицина / Medicine (in Russian); Стоматология (на английском языке) / Dental Medicine (in English),3,Accepted with budget,Specialist
26000112,Бангладеш /,Математика и механика (на английском языке) / Mathematics and Mechanics (in English),1,Accepted with budget,PhD
26000113,Казахстан /,Математика и компьютерные науки / Mathematics and Computer Science (in Russian); Прикладная математика и процессы управления / Applied Mathematics and Control Processes (in Russian); Математика и механика / Mathematics and Mechanics (in Russian),3,Accepted with budget,Bachelor
26000114,ТУРКМЕНИСТАН /,Химия / Chemistry (in Russian); Биология / Biology (in Russian),2,Accepted with budget,Bachelor
26000115,ТУРКМЕНИСТАН /,Менеджмент и государственное и муниципальное управление / Management and Public Administration (in Russian),1,Accepted with budget,Bachelor
26000116,Нигерия /,Международные отношения (на английском языке) / International Relations (in English),1,Accepted with budget,Master
26000117,Казахстан /,Юриспруденция / Law (in Russian); История / History (in Russian),2,Accepted with budget,Bachelor
26000118,Узбекистан /,Педагогика / Pedagogy (in Russian),1,Accepted with budget,PhD
26000119,Казахстан /,Биология / Biology (in Russian),1,Accepted with budget,Bachelor
26000120,Казахстан /,Биология / Biology (in Russian),1,Accepted with budget,Bachelor
26000120,Казахстан /,Медицина (на английском языке) / Medicine (in English),1,Accepted with budget,Specialist
26000121,КИРГИЗИЯ /,Нефтегазовое дело / Petroleum Engineering (in Russian); Менеджмент (на английском языке) / Management (in English); Экономика / Economics (in Russian),3,Accepted with budget,Bachelor
26000122,КИТАЙ /,Биологические науки / Biological sciences (in Russian),1,Accepted with budget,PhD
26000123,Казахстан /,Психология / Psychology (in Russian),1,Accepted with budget,Bachelor
26000124,КИТАЙ /,Языкознание и литературоведение / Linguistics and Literary Studies (in Russian),1,Accepted with budget,Bachelor
26000124,КИТАЙ /,Медицина / Medicine (in Russian),1,Accepted with budget,Specialist
26000125,Украина /,Стоматология / Dental Medicine (in Russian); Медицина / Medicine (in Russian),2,Accepted with budget,Specialist
26000125,Украина /,Менеджмент и государственное и муниципальное управление / Management and Public Administration (in Russian),1,Accepted with budget,Bachelor
26000126,ТУРКМЕНИСТАН /,Журналистика и массовые коммуникации / Journalism and Mass Communication (in Russian); Востоковедение и африканистика / Asian and African Studies (in Russian),2,Accepted with budget,Bachelor
26000127,Беларусь /,Менеджмент и государственное и муниципальное управление / Management and Public Administration (in Russian),1,Accepted with budget,Bachelor
26000128,Казахстан /,Прикладная математика и процессы управления / Applied Mathematics and Control Processes (in Russian),1,Accepted with budget,Bachelor
26000129,Египет /,Международные отношения (на английском языке) / International Relations (in English); Политология / Political Science (in Russian); Иностранные языки / Foreign Languages (in Russian),3,Accepted with budget,Master
26000130,Пакистан /,Политология / Political Science (in Russian); Физическая культура / Physical Education (in Russian); История / History (in Russian),3,Accepted with budget,Bachelor
26000131,Пакистан /,Менеджмент (на английском языке) / Management (in English); Менеджмент и государственное и муниципальное управление / Management and Public Administration (in Russian); Деловая коммуникация на английском языке / Business Communication in English,3,Accepted with budget,Master
26000132,Пакистан /,Политология / Political Science (in Russian); Международные отношения / International Relations (in Russian); Физическая культура / Physical Education (in Russian),3,Accepted with budget,Bachelor
26000133,Камерун /,Экономика / Economics (in Russian),1,Accepted with budget,Master
26000134,КИРГИЗИЯ /,Математика и компьютерные науки / Mathematics and Computer Science (in Russian); Физика / Physics (in Russian),2,Accepted with budget,Bachelor
26000135,КИРГИЗИЯ /,Журналистика и массовые коммуникации / Journalism and Mass Communication (in Russian),1,Accepted with budget,Bachelor
26000136,Узбекистан /,Экономика / Economics (in Russian); Английский язык / English,2,Accepted with budget,Bachelor
26000138,Узбекистан /,Нефтегазовое дело / Petroleum Engineering (in Russian),1,Accepted with budget,Bachelor
26000139,Узбекистан /,Экономика / Economics (in Russian); Английский язык / English,2,Accepted with budget,Bachelor
26000140,Российская Федерация /,Экономика / Economics (in Russian),1,Accepted with budget,Master
26000141,Узбекистан /,Математика и механика / Mathematics and Mechanics (in Russian); Физика / Physics (in Russian),2,Accepted with budget,Bachelor
26000142,Казахстан /,Менеджмент и государственное и муниципальное управление / Management and Public Administration (in Russian),1,Accepted with budget,Bachelor
26000143,Узбекистан /,Психология / Psychology (in Russian),1,Accepted with budget,Bachelor
26000144,Беларусь /,Языкознание и литературоведение / Linguistics and Literary Studies (in Russian),1,Accepted with budget,Bachelor
26000145,Ирак /,Медицина (на английском языке) / Medicine (in English),1,Accepted with budget,Specialist
26000146,"ИРАН, ИСЛАМСКАЯ РЕСПУБЛИКА /",Стоматология / Dental Medicine (in Russian); Стоматология (на английском языке) / Dental Medicine (in English); Медицина / Medicine (in Russian),3,Accepted with budget,Specialist
26000147,Ирак /,Медицина / Medicine (in Russian); Медицина (на английском языке) / Medicine (in English),2,Accepted with budget,Specialist
26000148,Казахстан /,Медицина / Medicine (in Russian),1,Accepted with budget,Specialist
26000149,"МОЛДОВА, РЕСПУБЛИКА /",Биология / Biology (in Russian),1,Accepted with budget,Bachelor
26000150,"ТАНЗАНИЯ, ОБЪЕДИНЕННАЯ РЕСПУБЛИКА /",Менеджмент (на английском языке) / Management (in English),1,Accepted with budget,Bachelor
26000151,Азербайджан /,Юриспруденция / Law (in Russian),1,Accepted with budget,Bachelor
26000152,Нигерия /,Менеджмент (на английском языке) / Management (in English),1,Accepted with budget,Bachelor
26000153,"КОНГО, ДЕМОКРАТИЧЕСКАЯ РЕСПУБЛИКА /",Математика и механика / Mathematics and Mechanics (in Russian),1,Accepted with budget,Bachelor
26000154,Казахстан /,Менеджмент (на английском языке) / Management (in English); Менеджмент и государственное и муниципальное управление / Management and Public Administration (in Russian); Психология / Psychology (in Russian),3,Accepted with budget,Master
26000155,Казахстан /,Стоматология / Dental Medicine (in Russian),1,Accepted with budget,Specialist
26000156,КИТАЙ /,Менеджмент (на английском языке) / Management (in English),1,Accepted with budget,Master
26000157,ТУРКМЕНИСТАН /,Юриспруденция / Law (in Russian),1,Accepted with budget,Bachelor
26000159,ТУРКМЕНИСТАН /,Международные отношения / International Relations (in Russian),1,Accepted with budget,Bachelor
26000160,КИРГИЗИЯ /,Биология / Biology (in Russian); Менеджмент и государственное и муниципальное управление / Management and Public Administration (in Russian); Нефтегазовое дело / Petroleum Engineering (in Russian),3,Accepted with budget,Bachelor
26000161,ТУРКМЕНИСТАН /,Языкознание и литературоведение / Linguistics and Literary Studies (in Russian); Английский язык / English; Нефтегазовое дело / Petroleum Engineering (in Russian),3,Accepted with budget,Bachelor
26000162,Узбекистан /,Экономика / Economics (in Russian); Менеджмент и государственное и муниципальное управление / Management and Public Administration (in Russian),2,Accepted with budget,Bachelor
26000163,"ИРАН, ИСЛАМСКАЯ РЕСПУБЛИКА /",Медицина (на английском языке) / Medicine (in English); Стоматология (на английском языке) / Dental Medicine (in English),2,Accepted with budget,Specialist
26000164,Бангладеш /,Медицина (на английском языке) / Medicine (in English),1,Accepted with budget,Specialist
26000164,Бангладеш /,Менеджмент (на английском языке) / Management (in English),1,Accepted with budget,Bachelor
26000165,Казахстан /,Менеджмент и государственное и муниципальное управление / Management and Public Administration (in Russian),1,Accepted with budget,Bachelor
26000166,Казахстан /,Журналистика и массовые коммуникации / Journalism and Mass Communication (in Russian); Менеджмент и государственное и муниципальное управление / Management and Public Administration (in Russian); Менеджмент (на английском языке) / Management (in English),3,Accepted with budget,Bachelor
26000167,"ИРАН, ИСЛАМСКАЯ РЕСПУБЛИКА /",Стоматология (на английском языке) / Dental Medicine (in English),1,Accepted with budget,Specialist
26000168,"ИРАН, ИСЛАМСКАЯ РЕСПУБЛИКА /",Менеджмент (на английском языке) / Management (in English),1,Accepted with budget,Master
26000169,"ИРАН, ИСЛАМСКАЯ РЕСПУБЛИКА /",Языкознание и литературоведение (на английском языке) / Foreign Languages (in English),1,Accepted with budget,Master
26000170,"ИРАН, ИСЛАМСКАЯ РЕСПУБЛИКА /",Математика и механика (на английском языке) / Mathematics and Mechanics (in English),1,Accepted with budget,Master
26000171,КИРГИЗИЯ /,Экономика (на английском языке) / Economics (in English); Менеджмент и государственное и муниципальное управление / Management and Public Administration (in Russian); Экономика / Economics (in Russian),3,Accepted with budget,Master
26000172,Нигерия /,Деловая коммуникация на английском языке / Business Communication in English; Менеджмент (на английском языке) / Management (in English),2,Accepted with budget,Master
26000173,Бангладеш /,Менеджмент (на английском языке) / Management (in English); Английский язык / English; Математика и компьютерные науки / Mathematics and Computer Science (in Russian),3,Accepted with budget,Bachelor
26000174,Эфиопия /,Прикладная математика и процессы управления (на английском языке) / Applied Mathematics and Control Processes (in English); Менеджмент (на английском языке) / Management (in English); Физика (на английском языке) / Physics (in English),3,Accepted with budget,Master
26000175,"ИРАН, ИСЛАМСКАЯ РЕСПУБЛИКА /",Стоматология (на английском языке) / Dental Medicine (in English),1,Accepted with budget,Specialist
26000176,"ИРАН, ИСЛАМСКАЯ РЕСПУБЛИКА /",Стоматология (на английском языке) / Dental Medicine (in English),1,Accepted with budget,Specialist
26000177,"ИРАН, ИСЛАМСКАЯ РЕСПУБЛИКА /",Стоматология (на английском языке) / Dental Medicine (in English),1,Accepted with budget,Specialist
26000178,"ИРАН, ИСЛАМСКАЯ РЕСПУБЛИКА /",Стоматология (на английском языке) / Dental Medicine (in English),1,Accepted with budget,Specialist
26000179,Ирак /,Медицина / Medicine (in Russian); Медицина (на английском языке) / Medicine (in English),2,Accepted with budget,Specialist
26000180,"ИРАН, ИСЛАМСКАЯ РЕСПУБЛИКА /",Стоматология / Dental Medicine (in Russian); Медицина / Medicine (in Russian); Стоматология (на английском языке) / Dental Medicine (in English),3,Accepted with budget,Specialist
26000182,Пакистан /,Медицина / Medicine (in Russian),1,Accepted with budget,PhD
26000183,Зимбабве /,Математика и компьютерные науки / Mathematics and Computer Science (in Russian),1,Accepted with budget,Bachelor
26000184,Афганистан /,Менеджмент и государственное и муниципальное управление / Management and Public Administration (in Russian); Международные отношения (на английском языке) / International Relations (in English); Науки о Земле и окружающей среде / Earth and Environmental Sciences (in Russian),3,Accepted with budget,Master
26000185,Ирак /,Медицина (на английском языке) / Medicine (in English),1,Accepted with budget,Specialist
26000186,КИТАЙ /,Международные отношения / International Relations (in Russian); Журналистика и массовые коммуникации / Journalism and Mass Communication (in Russian); Языкознание и литературоведение / Linguistics and Literary Studies (in Russian),3,Accepted with budget,Master
26000187,"ИРАН, ИСЛАМСКАЯ РЕСПУБЛИКА /",Стоматология (на английском языке) / Dental Medicine (in English),1,Accepted with budget,Specialist
26000188,Казахстан /,Юриспруденция / Law (in Russian); Менеджмент и государственное и муниципальное управление / Management and Public Administration (in Russian); Экономика / Economics (in Russian),3,Accepted with budget,Bachelor
26000189,Турция /,Медицина (на английском языке) / Medicine (in English),1,Accepted with budget,Specialist
26000190,Беларусь /,Стоматология / Dental Medicine (in Russian),1,Accepted with budget,Specialist
26000192,Российская Федерация /,Медицина (на английском языке) / Medicine (in English),1,Accepted with budget,Specialist
26000192,Российская Федерация /,Экономика (на английском языке) / Economics (in English); Языкознание и литературоведение (на испанском языке) / Linguistics and Literary Studies (in Spanish); Языкознание и литературоведение (на немецком языке) / Linguistics and Literary Studies (in German),3,Accepted with budget,Master
26000195,КИТАЙ /,Медицина / Medicine (in Russian),1,Accepted with budget,Specialist
26000195,КИТАЙ /,Экономика / Economics (in Russian),1,Accepted with budget,Bachelor
26000196,Азербайджан /,Менеджмент (на английском языке) / Management (in English); Юриспруденция (на английском языке) / Law (in English); Международные отношения (на английском языке) / International Relations (in English),3,Accepted with budget,Master
26000197,Казахстан /,Химия / Chemistry (in Russian); Биология / Biology (in Russian),2,Accepted with budget,Bachelor
26000199,Казахстан /,Экономика / Economics (in Russian); Менеджмент и государственное и муниципальное управление / Management and Public Administration (in Russian),2,Accepted with budget,Bachelor
26000200,КОТ Д`ИВУАР /,Математика и компьютерные науки / Mathematics and Computer Science (in Russian); Экономика / Economics (in Russian); Прикладная математика и процессы управления / Applied Mathematics and Control Processes (in Russian),3,Accepted with budget,Bachelor
26000201,КИРГИЗИЯ /,Искусства и гуманитарные науки / Arts and Humanities (in Russian); Психология / Psychology (in Russian); Журналистика и массовые коммуникации / Journalism and Mass Communication (in Russian),3,Accepted with budget,Bachelor
26000203,Ирак /,Нефтегазовое дело / Petroleum Engineering (in Russian); Науки о Земле / Earth Sciences (in Russian); Языкознание и литературоведение / Linguistics and Literary Studies (in Russian),3,Accepted with budget,Bachelor
26000204,Казахстан /,Юриспруденция / Law (in Russian); Экономика / Economics (in Russian); Менеджмент и государственное и муниципальное управление / Management and Public Administration (in Russian),3,Accepted with budget,Master
26000205,Франция /,Экономика (на английском языке) / Economics (in English); Деловая коммуникация на английском языке / Business Communication in English; Менеджмент (на английском языке) / Management (in English),3,Accepted with budget,Master
26000206,Казахстан /,Журналистика и массовые коммуникации / Journalism and Mass Communication (in Russian); Искусства и гуманитарные науки / Arts and Humanities (in Russian); Международные отношения / International Relations (in Russian),3,Accepted with budget,Bachelor
26000207,Беларусь /,Психология / Psychology (in Russian),1,Accepted with budget,Bachelor
26000208,Казахстан /,Прикладная математика и процессы управления / Applied Mathematics and Control Processes (in Russian); Математика и компьютерные науки / Mathematics and Computer Science (in Russian),2,Accepted with budget,Bachelor
26000209,Чили /,Менеджмент (на английском языке) / Management (in English); Международные отношения / International Relations (in Russian); Международные отношения (на английском языке) / International Relations (in English),3,Accepted with budget,Master
26000210,Гаити /,Химия / Chemistry (in Russian),1,Accepted with budget,Bachelor
26000211,Индия /,Медицина / Medicine (in Russian),1,Accepted with budget,PhD
26000212,Нигерия /,Нефтегазовое дело / Petroleum Engineering (in Russian); Менеджмент и государственное и муниципальное управление / Management and Public Administration (in Russian); Социология / Sociology (in Russian),3,Accepted with budget,Bachelor
26000213,Судан /,Медицина (на английском языке) / Medicine (in English); Стоматология (на английском языке) / Dental Medicine (in English),2,Accepted with budget,Specialist
26000213,Судан /,Математика и компьютерные науки / Mathematics and Computer Science (in Russian),1,Accepted with budget,Bachelor
26000214,Руанда /,Стоматология (на английском языке) / Dental Medicine (in English),1,Accepted with budget,Specialist
26000215,ТУРКМЕНИСТАН /,Психология / Psychology (in Russian); Языкознание и литературоведение / Linguistics and Literary Studies (in Russian),2,Accepted with budget,Bachelor
26000216,Руанда /,Стоматология (на английском языке) / Dental Medicine (in English),1,Accepted with budget,Specialist
26000217,"ТАНЗАНИЯ, ОБЪЕДИНЕННАЯ РЕСПУБЛИКА /",Медицина (на английском языке) / Medicine (in English),1,Accepted with budget,Specialist
26000218,Беларусь /,Журналистика и массовые коммуникации / Journalism and Mass Communication (in Russian); Графический дизайн / Graphic Design (in Russian),2,Accepted with budget,Bachelor
26000219,Нигерия /,Медицина (на английском языке) / Medicine (in English),1,Accepted with budget,Specialist
26000220,Афганистан /,Графический дизайн / Graphic Design (in Russian),1,Accepted with budget,Bachelor
26000220,Афганистан /,Медицина / Medicine (in Russian); Стоматология (на английском языке) / Dental Medicine (in English),2,Accepted with budget,Specialist
26000226,Ирак /,Стоматология (на английском языке) / Dental Medicine (in English),1,Accepted with budget,Specialist
26000226,Ирак /,Математика и компьютерные науки / Mathematics and Computer Science (in Russian); Нефтегазовое дело / Petroleum Engineering (in Russian),2,Accepted with budget,Bachelor
26000228,Испания /,Языкознание и литературоведение / Linguistics and Literary Studies (in Russian); Компьютерные науки и информационные технологии / Computer Science and Information Technology (in Russian); Когнитивные науки / Cognitive Studies (in Russian),3,Accepted with budget,PhD
26000231,КИТАЙ /,Транспортные системы / Transport systems (in Russian); Психология / Psychology (in Russian); Педагогика / Pedagogy (in Russian),3,Accepted with budget,PhD
26000232,Афганистан /,Экономика / Economics (in Russian); Деловая коммуникация на английском языке / Business Communication in English,2,Accepted with budget,Master
26000233,Саудовская Аравия /,Языкознание и литературоведение (на английском языке) / Foreign Languages (in English),1,Accepted with budget,Master
26000234,СИРИЙСКАЯ АРАБСКАЯ РЕСПУБЛИКА /,Стоматология / Dental Medicine (in Russian),1,Accepted with budget,PhD
26000236,КИТАЙ /,Исторические науки / Historical Sciences (in Russian),1,Accepted with budget,PhD
26000238,КИТАЙ /,Языкознание и литературоведение / Linguistics and Literary Studies (in Russian); Международные отношения / International Relations (in Russian); Медиакоммуникации и журналистика / Mediacommunications and Journalism (in Russian),3,Accepted with budget,PhD
26000239,КИТАЙ /,Журналистика и массовые коммуникации / Journalism and Mass Communication (in Russian),1,Accepted with budget,Bachelor
26000240,Нигерия /,Экономика (на английском языке) / Economics (in English); Менеджмент (на английском языке) / Management (in English),2,Accepted with budget,Master
26000250,Казахстан /,Графический дизайн / Graphic Design (in Russian),1,Accepted with budget,Bachelor
26000251,Бангладеш /,Международные отношения (на английском языке) / International Relations (in English),1,Accepted with budget,Master
26000253,Нигерия /,Биология / Biology (in Russian); Науки о Земле и окружающей среде / Earth and Environmental Sciences (in Russian),2,Accepted with budget,Master
26000255,Уганда /,Биологические науки / Biological sciences (in Russian),1,Accepted with budget,PhD
26000259,Индия /,Менеджмент (на английском языке) / Management (in English); Международные отношения (на английском языке) / International Relations (in English),2,Accepted with budget,Master
26000260,Нигерия /,Менеджмент (на английском языке) / Management (in English),1,Accepted with budget,PhD
26000261,Египет /,Математика и механика / Mathematics and Mechanics (in Russian); Иностранные языки / Foreign Languages (in Russian); Менеджмент и государственное и муниципальное управление / Management and Public Administration (in Russian),3,Accepted with budget,Master
26000262,Российская Федерация /,Медицина / Medicine (in Russian),1,Accepted with budget,PhD
26000263,Нигерия /,Менеджмент (на английском языке) / Management (in English); Международные отношения / International Relations (in Russian),2,Accepted with budget,Bachelor
26000264,Бангладеш /,Менеджмент (на английском языке) / Management (in English); Экономика (на английском языке) / Economics (in English); Прикладная математика и процессы управления (на английском языке) / Applied Mathematics and Control Processes (in English),3,Accepted with budget,Master
26000265,Афганистан /,Медицина (на английском языке) / Medicine (in English); Медицина / Medicine (in Russian),2,Accepted with budget,Specialist
26000265,Афганистан /,Политология / Political Science (in Russian),1,Accepted with budget,Bachelor
26000266,Нигерия /,Биологические науки / Biological sciences (in Russian); Медицина / Medicine (in Russian); Химические науки / Chemical Sciences (in Russian),3,Accepted with budget,PhD
26000267,Марокко /,Стоматология (на английском языке) / Dental Medicine (in English),1,Accepted with budget,Specialist
26000267,Марокко /,Менеджмент (на английском языке) / Management (in English); Английский язык / English,2,Accepted with budget,Bachelor
26000268,Алжир /,Медицина / Medicine (in Russian); Стоматология (на английском языке) / Dental Medicine (in English); Медицина (на английском языке) / Medicine (in English),3,Accepted with budget,Specialist
26000269,КИТАЙ /,Прикладная математика и процессы управления (на английском языке) / Applied Mathematics and Control Processes (in English); Прикладная математика и процессы управления / Applied Mathematics and Control Processes (in Russian); Математика и механика (на английском языке) / Mathematics and Mechanics (in English),3,Accepted with budget,Master
26000270,Камерун /,Экономика / Economics (in Russian),1,Accepted with budget,Master
26000271,Франция /,Языкознание и литературоведение / Linguistics and Literary Studies (in Russian),1,Accepted with budget,Bachelor
26000272,"ИРАН, ИСЛАМСКАЯ РЕСПУБЛИКА /",Математика и компьютерные науки / Mathematics and Computer Science (in Russian); Графический дизайн / Graphic Design (in Russian); Прикладная математика и процессы управления / Applied Mathematics and Control Processes (in Russian),3,Accepted with budget,Bachelor
26000273,Казахстан /,Международные отношения / International Relations (in Russian); Политология / Political Science (in Russian); Юриспруденция / Law (in Russian),3,Accepted with budget,Bachelor
26000276,Ирак /,Химия / Chemistry (in Russian),1,Accepted with budget,Bachelor
26000276,Ирак /,Медицина / Medicine (in Russian); Медицина (на английском языке) / Medicine (in English),2,Accepted with budget,Specialist
26000278,Йемен /,Науки о Земле и окружающей среде / Earth and Environmental Sciences (in Russian),1,Accepted with budget,PhD
26000279,Пакистан /,Культурология (на английском языке) / Cultural Studies (in English); Языкознание и литературоведение (на английском языке) / Foreign Languages (in English),2,Accepted with budget,Master
26000292,Нигерия /,Менеджмент (на английском языке) / Management (in English),1,Accepted with budget,Bachelor
26000297,Казахстан /,Биология / Biology (in Russian),1,Accepted with budget,Bachelor
26000297,Казахстан /,Медицина / Medicine (in Russian); Стоматология / Dental Medicine (in Russian),2,Accepted with budget,Specialist
26000300,Пакистан /,Международные отношения / International Relations (in Russian); Языкознание и литературоведение / Linguistics and Literary Studies (in Russian),2,Accepted with budget,PhD
26000301,Узбекистан /,Иностранные языки / Foreign Languages (in Russian),1,Accepted with budget,Master
26000303,Беларусь /,Биология / Biology (in Russian),1,Accepted with budget,Bachelor
26000304,Беларусь /,Педагогика / Pedagogy (in Russian),1,Accepted with budget,Master
26000305,Узбекистан /,Английский язык / English,1,Accepted with budget,Bachelor
26000307,Гана /,Экономика (на английском языке) / Economics (in English),1,Accepted with budget,Master
26000308,Казахстан /,Психология / Psychology (in Russian),1,Accepted with budget,Bachelor
26000310,Камерун /,Медицина / Medicine (in Russian); Медицина (на английском языке) / Medicine (in English); Стоматология / Dental Medicine (in Russian),3,Accepted with budget,Specialist
26000313,"ИРАН, ИСЛАМСКАЯ РЕСПУБЛИКА /",Стоматология (на английском языке) / Dental Medicine (in English); Стоматология / Dental Medicine (in Russian),2,Accepted with budget,Specialist
26000314,Узбекистан /,Языкознание и литературоведение / Linguistics and Literary Studies (in Russian); Экономика / Economics (in Russian); Международные отношения / International Relations (in Russian),3,Accepted with budget,Master
26000315,Пакистан /,Психология / Psychology (in Russian),1,Accepted with budget,Bachelor
26000315,Пакистан /,Медицина (на английском языке) / Medicine (in English); Стоматология (на английском языке) / Dental Medicine (in English),2,Accepted with budget,Specialist
26000316,Гана /,Менеджмент (на английском языке) / Management (in English); Международные отношения (на английском языке) / International Relations (in English),2,Accepted with budget,Master
26000317,КИРГИЗИЯ /,Юриспруденция / Law (in Russian); Экономика / Economics (in Russian),2,Accepted with budget,Master
26000320,Нигерия /,Деловая коммуникация на английском языке / Business Communication in English; Современная математика (на английском языке) / Modern Mathematics (in English); Международные отношения (на английском языке) / International Relations (in English),3,Accepted with budget,Master
26000321,Нигерия /,Прикладная математика и процессы управления (на английском языке) / Applied Mathematics and Control Processes (in English),1,Accepted with budget,Master
26000322,Пакистан /,Медицина (на английском языке) / Medicine (in English),1,Accepted with budget,Specialist
26000324,Казахстан /,Прикладная математика и процессы управления / Applied Mathematics and Control Processes (in Russian); Нефтегазовое дело / Petroleum Engineering (in Russian); Математика и компьютерные науки / Mathematics and Computer Science (in Russian),3,Accepted with budget,Bachelor
26000325,Казахстан /,Экономика (на английском языке) / Economics (in English); Менеджмент (на английском языке) / Management (in English); Экономика / Economics (in Russian),3,Accepted with budget,Master
26000327,Египет /,Прикладная математика и процессы управления (на английском языке) / Applied Mathematics and Control Processes (in English); Прикладная математика и процессы управления / Applied Mathematics and Control Processes (in Russian); Международные отношения (на английском языке) / International Relations (in English),3,Accepted with budget,Master
26000330,Бангладеш /,Медицина (на английском языке) / Medicine (in English),1,Accepted with budget,Specialist
26000331,КИТАЙ /,Физическая культура / Physical Education (in Russian); Нефтегазовое дело / Petroleum Engineering (in Russian); Менеджмент и государственное и муниципальное управление / Management and Public Administration (in Russian),3,Accepted with budget,Bachelor
26000341,Казахстан /,Английский язык / English; Востоковедение и африканистика / Asian and African Studies (in Russian),2,Accepted with budget,Bachelor
26000344,Мозамбик /,Менеджмент и государственное и муниципальное управление / Management and Public Administration (in Russian); Экономика / Economics (in Russian); Международные отношения / International Relations (in Russian),3,Accepted with budget,Bachelor
26000349,Камерун /,Право / Law (in Russian); Международные отношения / International Relations (in Russian),2,Accepted with budget,PhD
26000355,Беларусь /,Журналистика и массовые коммуникации / Journalism and Mass Communication (in Russian),1,Accepted with budget,Master
26000356,Узбекистан /,Медицина / Medicine (in Russian),1,Accepted with budget,Specialist
26000363,Казахстан /,Международные отношения / International Relations (in Russian); История / History (in Russian); Экономика / Economics (in Russian),3,Accepted with budget,Master
26000370,Эфиопия /,Менеджмент (на английском языке) / Management (in English),1,Accepted with budget,Bachelor
26000370,Эфиопия /,Стоматология (на английском языке) / Dental Medicine (in English),1,Accepted with budget,Specialist
26000373,ТУРКМЕНИСТАН /,Биология / Biology (in Russian),1,Accepted with budget,Bachelor
26000373,ТУРКМЕНИСТАН /,Медицина / Medicine (in Russian),1,Accepted with budget,Specialist
26000385,Казахстан /,Журналистика и массовые коммуникации / Journalism and Mass Communication (in Russian),1,Accepted with budget,Bachelor
26000394,Казахстан /,Международные отношения / International Relations (in Russian),1,Accepted with budget,Bachelor
26000399,Пакистан /,Физика (на английском языке) / Physics (in English),1,Accepted with budget,Master
26000437,КИРГИЗИЯ /,Экономика / Economics (in Russian); Менеджмент и государственное и муниципальное управление / Management and Public Administration (in Russian); Педагогика / Pedagogy (in Russian),3,Accepted with budget,Master
26000438,Грузия /,Стоматология / Dental Medicine (in Russian),1,Accepted with budget,Specialist
26000439,Беларусь /,Психология / Psychology (in Russian),1,Accepted with budget,Master
26000440,СИРИЙСКАЯ АРАБСКАЯ РЕСПУБЛИКА /,Английский язык / English; Менеджмент и государственное и муниципальное управление / Management and Public Administration (in Russian); Биология / Biology (in Russian),3,Accepted with budget,Bachelor
26000441,КИРГИЗИЯ /,Менеджмент (на английском языке) / Management (in English); Менеджмент и государственное и муниципальное управление / Management and Public Administration (in Russian); Психология / Psychology (in Russian),3,Accepted with budget,Bachelor
26000442,Индонезия /,Международные отношения (на английском языке) / International Relations (in English); Культурология (на английском языке) / Cultural Studies (in English); Деловая коммуникация на английском языке / Business Communication in English,3,Accepted with budget,Master
26000443,Эфиопия /,Стоматология (на английском языке) / Dental Medicine (in English),1,Accepted with budget,Specialist
26000443,Эфиопия /,Менеджмент (на английском языке) / Management (in English),1,Accepted with budget,Bachelor
26000444,Нигерия /,Психология / Psychology (in Russian); Когнитивные науки / Cognitive Studies (in Russian); Педагогика / Pedagogy (in Russian),3,Accepted with budget,PhD
26000445,КИТАЙ /,Журналистика и массовые коммуникации / Journalism and Mass Communication (in Russian); Международные отношения / International Relations (in Russian),2,Accepted with budget,Bachelor
26000446,Пакистан /,Международные отношения / International Relations (in Russian); Политология / Political Science (in Russian),2,Accepted with budget,PhD
26000447,Йемен /,Медицина / Medicine (in Russian),1,Accepted with budget,Specialist
26000448,Беларусь /,Менеджмент и государственное и муниципальное управление / Management and Public Administration (in Russian); Менеджмент (на английском языке) / Management (in English),2,Accepted with budget,Bachelor
26000449,Пакистан /,Математика и компьютерные науки / Mathematics and Computer Science (in Russian),1,Accepted with budget,Bachelor
26000450,Египет /,Медицина (на английском языке) / Medicine (in English); Медицина / Medicine (in Russian),2,Accepted with budget,Specialist
26000451,Афганистан /,Менеджмент (на английском языке) / Management (in English); Английский язык / English,2,Accepted with budget,Bachelor
26000453,Казахстан /,Английский язык / English; Науки о Земле / Earth Sciences (in Russian); Социология / Sociology (in Russian),3,Accepted with budget,Bachelor
26000454,ТУРКМЕНИСТАН /,Физическая культура / Physical Education (in Russian),1,Accepted with budget,Bachelor
26000455,Йемен /,Медицина (на английском языке) / Medicine (in English),1,Accepted with budget,Specialist
26000455,Йемен /,Математика и компьютерные науки / Mathematics and Computer Science (in Russian); Графический дизайн / Graphic Design (in Russian),2,Accepted with budget,Bachelor
26000456,Абхазия /,Стоматология / Dental Medicine (in Russian),1,Accepted with budget,Specialist
26000456,Абхазия /,Математика и компьютерные науки / Mathematics and Computer Science (in Russian); Прикладная математика и процессы управления / Applied Mathematics and Control Processes (in Russian),2,Accepted with budget,Bachelor
26000457,Казахстан /,Математика и компьютерные науки / Mathematics and Computer Science (in Russian),1,Accepted with budget,Bachelor
26000458,Йемен /,Менеджмент (на английском языке) / Management (in English); Графический дизайн / Graphic Design (in Russian); Менеджмент и государственное и муниципальное управление / Management and Public Administration (in Russian),3,Accepted with budget,Bachelor
26000459,"ИРАН, ИСЛАМСКАЯ РЕСПУБЛИКА /",Стоматология (на английском языке) / Dental Medicine (in English),1,Accepted with budget,Specialist
26000460,Казахстан /,Международные отношения / International Relations (in Russian); Английский язык / English; Менеджмент (на английском языке) / Management (in English),3,Accepted with budget,Bachelor
26000461,Судан /,Математика и компьютерные науки / Mathematics and Computer Science (in Russian),1,Accepted with budget,Bachelor
26000462,"ИРАН, ИСЛАМСКАЯ РЕСПУБЛИКА /",Стоматология (на английском языке) / Dental Medicine (in English),1,Accepted with budget,Specialist
26000463,КИРГИЗИЯ /,Журналистика и массовые коммуникации / Journalism and Mass Communication (in Russian); Психология / Psychology (in Russian),2,Accepted with budget,Bachelor
26000464,Беларусь /,Менеджмент и государственное и муниципальное управление / Management and Public Administration (in Russian),1,Accepted with budget,Bachelor
26000465,Узбекистан /,Экономика / Economics (in Russian); Английский язык / English; Менеджмент (на английском языке) / Management (in English),3,Accepted with budget,Bachelor
26000466,Казахстан /,Прикладная математика и процессы управления / Applied Mathematics and Control Processes (in Russian); Математика и компьютерные науки / Mathematics and Computer Science (in Russian); Социология / Sociology (in Russian),3,Accepted with budget,Bachelor
26000467,Беларусь /,Стоматология / Dental Medicine (in Russian),1,Accepted with budget,Specialist
26000468,Бангладеш /,Математика и компьютерные науки / Mathematics and Computer Science (in Russian); Прикладная математика и процессы управления / Applied Mathematics and Control Processes (in Russian); Математика и механика / Mathematics and Mechanics (in Russian),3,Accepted with budget,Bachelor
26000469,Казахстан /,Биология / Biology (in Russian); Химия / Chemistry (in Russian),2,Accepted with budget,Bachelor
26000470,Бенин /,Биология / Biology (in Russian),1,Accepted with budget,Bachelor
26000471,Российская Федерация /,Менеджмент (на английском языке) / Management (in English); Менеджмент и государственное и муниципальное управление / Management and Public Administration (in Russian),2,Accepted with budget,Bachelor
26000472,Узбекистан /,Международные отношения / International Relations (in Russian); Английский язык / English; Востоковедение и африканистика / Asian and African Studies (in Russian),3,Accepted with budget,Bachelor
26000473,Бангладеш /,Английский язык / English; Графический дизайн / Graphic Design (in Russian); Менеджмент (на английском языке) / Management (in English),3,Accepted with budget,Bachelor
26000474,"ИРАН, ИСЛАМСКАЯ РЕСПУБЛИКА /",Медицина / Medicine (in Russian),1,Accepted with budget,PhD
26000475,Сьерра-Леоне /,Медицина (на английском языке) / Medicine (in English),1,Accepted with budget,Specialist
26000475,Сьерра-Леоне /,Биология / Biology (in Russian),1,Accepted with budget,Bachelor
26000476,Намибия /,Стоматология (на английском языке) / Dental Medicine (in English),1,Accepted with budget,Specialist
26000476,Намибия /,Психология / Psychology (in Russian); Английский язык / English,2,Accepted with budget,Bachelor
26000477,Ангола /,Международные отношения / International Relations (in Russian); Политология / Political Science (in Russian); Право / Law (in Russian),3,Accepted with budget,PhD
26000478,Узбекистан /,Медицина / Medicine (in Russian); Актерское искусство / Acting Art (in Russian),2,Accepted with budget,Specialist
26000479,Таджикистан /,Стоматология / Dental Medicine (in Russian),1,Accepted with budget,Specialist
26000480,Казахстан /,Стоматология / Dental Medicine (in Russian),1,Accepted with budget,Specialist
26000481,Индия /,Менеджмент (на английском языке) / Management (in English); Международные отношения (на английском языке) / International Relations (in English); Языкознание и литературоведение (на английском языке) / Foreign Languages (in English),3,Accepted with budget,Master
26000482,Йемен /,Менеджмент (на английском языке) / Management (in English),1,Accepted with budget,Bachelor
26000483,Нигерия /,Международные отношения (на английском языке) / International Relations (in English); Социология (на английском языке) / Sociology (in English),2,Accepted with budget,Master
26000484,Афганистан /,Международные отношения / International Relations (in Russian); Менеджмент и государственное и муниципальное управление / Management and Public Administration (in Russian),2,Accepted with budget,Bachelor
26000485,Пакистан /,Менеджмент (на английском языке) / Management (in English); Философия / Philosophy (in Russian); Медиакоммуникации и журналистика / Mediacommunications and Journalism (in Russian),3,Accepted with budget,PhD
26000486,Турция /,Стоматология (на английском языке) / Dental Medicine (in English),1,Accepted with budget,Specialist
26000487,КИТАЙ /,Языкознание и литературоведение / Linguistics and Literary Studies (in Russian),1,Accepted with budget,Bachelor
26000488,Узбекистан /,Юриспруденция / Law (in Russian),1,Accepted with budget,Bachelor
26000490,Афганистан /,Математика и компьютерные науки / Mathematics and Computer Science (in Russian),1,Accepted with budget,Bachelor
26000491,Турция /,Стоматология (на английском языке) / Dental Medicine (in English),1,Accepted with budget,Specialist
26000492,"КОРЕЯ, РЕСПУБЛИКА /",Прикладная математика и процессы управления / Applied Mathematics and Control Processes (in Russian); Математика и механика / Mathematics and Mechanics (in Russian),2,Accepted with budget,Master
26000493,Гвинея-Бисау /,Науки о Земле и окружающей среде / Earth and Environmental Sciences (in Russian),1,Accepted with budget,PhD
26000494,"ИРАН, ИСЛАМСКАЯ РЕСПУБЛИКА /",Международные отношения / International Relations (in Russian),1,Accepted with budget,Master
26000495,Камерун /,Математика и механика / Mathematics and Mechanics (in Russian); Математика и компьютерные науки / Mathematics and Computer Science (in Russian),2,Accepted with budget,Bachelor
26000495,Камерун /,Медицина / Medicine (in Russian),1,Accepted with budget,Specialist
26000497,Египет /,Международные отношения / International Relations (in Russian); Языкознание и литературоведение / Linguistics and Literary Studies (in Russian); Физическая культура / Physical Education (in Russian),3,Accepted with budget,Bachelor
26000498,ТУРКМЕНИСТАН /,Физическая культура / Physical Education (in Russian),1,Accepted with budget,Bachelor
26000499,"ИРАН, ИСЛАМСКАЯ РЕСПУБЛИКА /",Стоматология (на английском языке) / Dental Medicine (in English); Стоматология / Dental Medicine (in Russian); Медицина (на английском языке) / Medicine (in English),3,Accepted with budget,Specialist
26000500,Бангладеш /,Менеджмент (на английском языке) / Management (in English); Юриспруденция / Law (in Russian); Английский язык / English,3,Accepted with budget,Bachelor
26000501,Казахстан /,Журналистика и массовые коммуникации / Journalism and Mass Communication (in Russian); Международные отношения / International Relations (in Russian),2,Accepted with budget,Bachelor
26000502,Узбекистан /,Химия / Chemistry (in Russian); Биология / Biology (in Russian),2,Accepted with budget,Bachelor
26000503,Бангладеш /,Математика и компьютерные науки / Mathematics and Computer Science (in Russian),1,Accepted with budget,Bachelor
26000505,Азербайджан /,Прикладная математика и процессы управления / Applied Mathematics and Control Processes (in Russian); Менеджмент и государственное и муниципальное управление / Management and Public Administration (in Russian); Нефтегазовое дело / Petroleum Engineering (in Russian),3,Accepted with budget,Bachelor
26000506,Пакистан /,Менеджмент (на английском языке) / Management (in English); Деловая коммуникация на английском языке / Business Communication in English; Языкознание и литературоведение (на английском языке) / Foreign Languages (in English),3,Accepted with budget,Master
26000507,Нигерия /,Биологические науки / Biological sciences (in Russian),1,Accepted with budget,PhD
26000508,ТУРКМЕНИСТАН /,Социология / Sociology (in Russian); Международные отношения / International Relations (in Russian); Экономика / Economics (in Russian),3,Accepted with budget,Bachelor
26000509,Мали /,Философия / Philosophy (in Russian),1,Accepted with budget,PhD
26000510,Бангладеш /,Стоматология (на английском языке) / Dental Medicine (in English),1,Accepted with budget,Specialist
26000510,Бангладеш /,Менеджмент (на английском языке) / Management (in English); Международные отношения / International Relations (in Russian),2,Accepted with budget,Bachelor
26000511,Камерун /,Биологические науки / Biological sciences (in Russian),1,Accepted with budget,PhD
26000512,Казахстан /,Медицина / Medicine (in Russian),1,Accepted with budget,Specialist
26000513,Судан /,Экономика / Economics (in Russian); Менеджмент (на английском языке) / Management (in English); Международные отношения / International Relations (in Russian),3,Accepted with budget,PhD
26000514,Монголия /,Психология / Psychology (in Russian); Графический дизайн / Graphic Design (in Russian); Международные отношения / International Relations (in Russian),3,Accepted with budget,Bachelor
26000515,"ИРАН, ИСЛАМСКАЯ РЕСПУБЛИКА /",Медицина / Medicine (in Russian),1,Accepted with budget,PhD
26000516,ТУРКМЕНИСТАН /,Медицина / Medicine (in Russian),1,Accepted with budget,Specialist
26000517,Бангладеш /,Менеджмент (на английском языке) / Management (in English); Английский язык / English,2,Accepted with budget,Bachelor
26000518,Камерун /,Международные отношения / International Relations (in Russian); Менеджмент (на английском языке) / Management (in English); Журналистика и массовые коммуникации / Journalism and Mass Communication (in Russian),3,Accepted with budget,Master
26000519,ТУРКМЕНИСТАН /,Нефтегазовое дело / Petroleum Engineering (in Russian),1,Accepted with budget,Bachelor
26000520,Казахстан /,Журналистика и массовые коммуникации / Journalism and Mass Communication (in Russian); Международные отношения / International Relations (in Russian),2,Accepted with budget,Bachelor
26000521,Нигерия /,Медицина (на английском языке) / Medicine (in English); Стоматология (на английском языке) / Dental Medicine (in English),2,Accepted with budget,Specialist
26000522,Узбекистан /,Экономика / Economics (in Russian),1,Accepted with budget,Master
26000523,Нигерия /,Языкознание и литературоведение / Linguistics and Literary Studies (in Russian),1,Accepted with budget,PhD
26000524,ТУРКМЕНИСТАН /,Иностранные языки / Foreign Languages (in Russian),1,Accepted with budget,Master
26000525,Индия /,Математика и компьютерные науки / Mathematics and Computer Science (in Russian); Менеджмент (на английском языке) / Management (in English),2,Accepted with budget,Bachelor
26000526,Казахстан /,Медицина / Medicine (in Russian); Стоматология / Dental Medicine (in Russian),2,Accepted with budget,Specialist
26000527,Литва /,Физические науки / Physical Sciences (in Russian),1,Accepted with budget,PhD
26000528,Йемен /,Международные отношения / International Relations (in Russian); Дизайн среды / Environmental Design (in Russian); Реставрация / Restoration of Fine and Applied Art Objects (in Russian),3,Accepted with budget,Master
26000529,Пакистан /,Менеджмент (на английском языке) / Management (in English),1,Accepted with budget,Bachelor
26000530,Казахстан /,Экономика / Economics (in Russian); Менеджмент (на английском языке) / Management (in English); Прикладная математика и процессы управления / Applied Mathematics and Control Processes (in Russian),3,Accepted with budget,Master
26000531,Кения /,Менеджмент (на английском языке) / Management (in English),1,Accepted with budget,Bachelor
26000532,Замбия /,Медицина / Medicine (in Russian),1,Accepted with budget,PhD
26000533,Нигерия /,Психология / Psychology (in Russian); Педагогика / Pedagogy (in Russian); Когнитивные науки / Cognitive Studies (in Russian),3,Accepted with budget,PhD
26000534,Узбекистан /,Журналистика и массовые коммуникации / Journalism and Mass Communication (in Russian); Языкознание и литературоведение / Linguistics and Literary Studies (in Russian),2,Accepted with budget,Bachelor
26000535,Индия /,Медицина (на английском языке) / Medicine (in English),1,Accepted with budget,Specialist
26000537,Замбия /,Биологические науки / Biological sciences (in Russian),1,Accepted with budget,PhD
26000538,КИТАЙ /,Живопись / Painting (in Russian),1,Accepted with budget,Specialist
26000539,Нигерия /,Биологические науки / Biological sciences (in Russian),1,Accepted with budget,PhD
26000540,КИТАЙ /,Языкознание и литературоведение / Linguistics and Literary Studies (in Russian); Экономика / Economics (in Russian),2,Accepted with budget,Master
26000541,Камерун /,Медицина (на английском языке) / Medicine (in English); Медицина / Medicine (in Russian); Стоматология (на английском языке) / Dental Medicine (in English),3,Accepted with budget,Specialist
26000542,Ботсвана /,Деловая коммуникация на английском языке / Business Communication in English,1,Accepted with budget,Master
26000543,ТУРКМЕНИСТАН /,Химия / Chemistry (in Russian); Биология / Biology (in Russian),2,Accepted with budget,Bachelor
26000543,ТУРКМЕНИСТАН /,Медицина / Medicine (in Russian),1,Accepted with budget,Specialist
26000544,ТУРКМЕНИСТАН /,Языкознание и литературоведение / Linguistics and Literary Studies (in Russian); Английский язык / English,2,Accepted with budget,Bachelor
26000545,Нигерия /,Прикладная математика и процессы управления (на английском языке) / Applied Mathematics and Control Processes (in English); Математика и механика (на английском языке) / Mathematics and Mechanics (in English); Менеджмент (на английском языке) / Management (in English),3,Accepted with budget,Master
26000546,Египет /,Стоматология / Dental Medicine (in Russian); Стоматология (на английском языке) / Dental Medicine (in English); Медицина / Medicine (in Russian),3,Accepted with budget,Specialist
26000547,Узбекистан /,Языкознание и литературоведение (на английском языке) / Foreign Languages (in English); Деловая коммуникация на английском языке / Business Communication in English; Иностранные языки / Foreign Languages (in Russian),3,Accepted with budget,Master
26000548,Камерун /,Современная математика (на английском языке) / Modern Mathematics (in English); Иностранные языки / Foreign Languages (in Russian); Физика (на английском языке) / Physics (in English),3,Accepted with budget,Master
26000549,Нигерия /,Менеджмент (на английском языке) / Management (in English); Международные отношения / International Relations (in Russian); Искусства и гуманитарные науки / Arts and Humanities (in Russian),3,Accepted with budget,Bachelor
26000550,Нигерия /,Педагогика / Pedagogy (in Russian),1,Accepted with budget,Master
26000551,Беларусь /,Актерское искусство / Acting Art (in Russian),1,Accepted with budget,Specialist
26000551,Беларусь /,Психология / Psychology (in Russian); Менеджмент и государственное и муниципальное управление / Management and Public Administration (in Russian),2,Accepted with budget,Bachelor
26000552,Турция /,Медицина / Medicine (in Russian); Стоматология / Dental Medicine (in Russian),2,Accepted with budget,Specialist
26000553,Ангола /,Искусства и гуманитарные науки / Arts and Humanities (in Russian),1,Accepted with budget,Bachelor
26000554,Нигерия /,Медицина (на английском языке) / Medicine (in English); Стоматология (на английском языке) / Dental Medicine (in English); Графика / Graphics (in Russian),3,Accepted with budget,Specialist
26000555,Нигерия /,Дизайн среды / Environmental Design (in Russian); Менеджмент (на английском языке) / Management (in English),2,Accepted with budget,Bachelor
26000558,Азербайджан /,Международные отношения / International Relations (in Russian),1,Accepted with budget,Bachelor
26000559,Египет /,Английский язык / English,1,Accepted with budget,Bachelor
26000559,Египет /,Медицина (на английском языке) / Medicine (in English); Стоматология (на английском языке) / Dental Medicine (in English),2,Accepted with budget,Specialist
26000560,Египет /,Менеджмент (на английском языке) / Management (in English); Математика и механика (на английском языке) / Mathematics and Mechanics (in English),2,Accepted with budget,PhD
26000561,Казахстан /,Актерское искусство / Acting Art (in Russian),1,Accepted with budget,Specialist
26000562,Непал /,Медицина / Medicine (in Russian),1,Accepted with budget,PhD
26000563,Нигерия /,Биология / Biology (in Russian),1,Accepted with budget,Bachelor
26000563,Нигерия /,Медицина (на английском языке) / Medicine (in English),1,Accepted with budget,Specialist
26000564,Казахстан /,Английский язык / English,1,Accepted with budget,Bachelor
26000565,ТУРКМЕНИСТАН /,Стоматология / Dental Medicine (in Russian); Медицина / Medicine (in Russian),2,Accepted with budget,Specialist
26000566,Узбекистан /,Социология / Sociology (in Russian); Медиакоммуникации и журналистика / Mediacommunications and Journalism (in Russian); Международные отношения / International Relations (in Russian),3,Accepted with budget,PhD
26000567,Казахстан /,Языкознание и литературоведение / Linguistics and Literary Studies (in Russian),1,Accepted with budget,Bachelor
26000568,Казахстан /,Биология / Biology (in Russian),1,Accepted with budget,Bachelor
26000568,Казахстан /,Медицина / Medicine (in Russian); Стоматология / Dental Medicine (in Russian),2,Accepted with budget,Specialist
26000569,Казахстан /,Математика и компьютерные науки / Mathematics and Computer Science (in Russian); Математика и механика / Mathematics and Mechanics (in Russian); Экономика / Economics (in Russian),3,Accepted with budget,Bachelor
26000570,Индонезия /,Политология / Political Science (in Russian); Международные отношения / International Relations (in Russian),2,Accepted with budget,PhD
26000571,Нигерия /,Менеджмент (на английском языке) / Management (in English),1,Accepted with budget,PhD
26000572,Узбекистан /,Компьютерные науки и информационные технологии / Computer Science and Information Technology (in Russian); Экономика / Economics (in Russian); Математика и механика / Mathematics and Mechanics (in Russian),3,Accepted with budget,PhD
26000573,Узбекистан /,Международные отношения / International Relations (in Russian); Политология / Political Science (in Russian); Компьютерные науки и информационные технологии / Computer Science and Information Technology (in Russian),3,Accepted with budget,PhD
26000574,Узбекистан /,Право / Law (in Russian),1,Accepted with budget,PhD
26000575,Нигерия /,Языкознание и литературоведение / Linguistics and Literary Studies (in Russian); Менеджмент (на английском языке) / Management (in English); Педагогика / Pedagogy (in Russian),3,Accepted with budget,PhD
26000576,Нигерия /,Психология / Psychology (in Russian); Менеджмент (на английском языке) / Management (in English); Педагогика / Pedagogy (in Russian),3,Accepted with budget,PhD
26000577,Эфиопия /,Транспортные системы / Transport systems (in Russian),1,Accepted with budget,PhD
26000578,"ИРАН, ИСЛАМСКАЯ РЕСПУБЛИКА /",Медицина / Medicine (in Russian),1,Accepted with budget,PhD
26000579,Казахстан /,Юриспруденция / Law (in Russian); Менеджмент и государственное и муниципальное управление / Management and Public Administration (in Russian); Социология / Sociology (in Russian),3,Accepted with budget,Master
26000580,Нигерия /,Менеджмент (на английском языке) / Management (in English); Английский язык / English,2,Accepted with budget,Bachelor
26000581,Пакистан /,Медицина / Medicine (in Russian); Биологические науки / Biological sciences (in Russian); Менеджмент / Management (in Russian),3,Accepted with budget,PhD
26000582,Казахстан /,Математика и механика / Mathematics and Mechanics (in Russian),1,Accepted with budget,Bachelor
26000583,Казахстан /,Менеджмент и государственное и муниципальное управление / Management and Public Administration (in Russian),1,Accepted with budget,Master
26000584,Узбекистан /,Языкознание и литературоведение / Linguistics and Literary Studies (in Russian),1,Accepted with budget,Master
26000585,Бангладеш /,Международные отношения / International Relations (in Russian); Политология / Political Science (in Russian),2,Accepted with budget,Bachelor
26000586,Узбекистан /,Психология / Psychology (in Russian),1,Accepted with budget,Master
26000587,Узбекистан /,Юриспруденция / Law (in Russian),1,Accepted with budget,Bachelor
26000588,Казахстан /,Прикладная математика и процессы управления / Applied Mathematics and Control Processes (in Russian); Математика и механика / Mathematics and Mechanics (in Russian); Экономика / Economics (in Russian),3,Accepted with budget,Master
26000590,Казахстан /,Психология / Psychology (in Russian),1,Accepted with budget,Bachelor
26000590,Казахстан /,Стоматология / Dental Medicine (in Russian); Медицина / Medicine (in Russian),2,Accepted with budget,Specialist
26000591,Судан /,Международные отношения / International Relations (in Russian),1,Accepted with budget,PhD
26000592,Нигерия /,Менеджмент (на английском языке) / Management (in English); Деловая коммуникация на английском языке / Business Communication in English,2,Accepted with budget,Master
26000593,Нигерия /,Математика и механика (на английском языке) / Mathematics and Mechanics (in English); Прикладная математика и процессы управления (на английском языке) / Applied Mathematics and Control Processes (in English); Физика (на английском языке) / Physics (in English),3,Accepted with budget,Master
26000594,Пакистан /,Компьютерные науки и информационные технологии / Computer Science and Information Technology (in Russian); Математика и механика (на английском языке) / Mathematics and Mechanics (in English); Менеджмент / Management (in Russian),3,Accepted with budget,PhD
26000595,КИТАЙ /,Языкознание и литературоведение / Linguistics and Literary Studies (in Russian),1,Accepted with budget,Master
26000596,Бангладеш /,Менеджмент (на английском языке) / Management (in English); Английский язык / English; Нефтегазовое дело / Petroleum Engineering (in Russian),3,Accepted with budget,Bachelor
26000597,Южная Осетия /,Химия / Chemistry (in Russian); Биология / Biology (in Russian),2,Accepted with budget,Bachelor
26000598,КИТАЙ /,Востоковедение и африканистика / Asian and African Studies (in Russian); Социология / Sociology (in Russian); Иностранные языки / Foreign Languages (in Russian),3,Accepted with budget,Master
26000599,Нигерия /,Прикладная математика и процессы управления / Applied Mathematics and Control Processes (in Russian); Математика и механика / Mathematics and Mechanics (in Russian); Деловая коммуникация на английском языке / Business Communication in English,3,Accepted with budget,Master
26000600,Турция /,Медицина / Medicine (in Russian); Стоматология / Dental Medicine (in Russian),2,Accepted with budget,Specialist
26000601,Бангладеш /,Английский язык / English; Графический дизайн / Graphic Design (in Russian); Менеджмент (на английском языке) / Management (in English),3,Accepted with budget,Bachelor
26000603,ТУРКМЕНИСТАН /,Стоматология / Dental Medicine (in Russian); Медицина / Medicine (in Russian),2,Accepted with budget,Specialist
26000604,Пакистан /,Психология / Psychology (in Russian); Когнитивные исследования / Cognitive Studies (in Russian),2,Accepted with budget,Master
26000605,Камерун /,Медицина / Medicine (in Russian),1,Accepted with budget,Specialist
26000605,Камерун /,Биология / Biology (in Russian),1,Accepted with budget,Bachelor
26000606,ТУРКМЕНИСТАН /,Биология / Biology (in Russian),1,Accepted with budget,Master
26000607,Нигерия /,Медицина / Medicine (in Russian); Медицина (на английском языке) / Medicine (in English),2,Accepted with budget,Specialist
26000609,ТУРКМЕНИСТАН /,Экономика / Economics (in Russian); Международные отношения / International Relations (in Russian); Социология / Sociology (in Russian),3,Accepted with budget,Master
26000610,Пакистан /,Медицина (на английском языке) / Medicine (in English),1,Accepted with budget,Specialist
26000610,Пакистан /,Менеджмент (на английском языке) / Management (in English); Английский язык / English,2,Accepted with budget,Bachelor
26000611,Нигерия /,Биология / Biology (in Russian),1,Accepted with budget,Master
26000612,СОЕДИНЕННЫЕ ШТАТЫ /,Международные отношения / International Relations (in Russian),1,Accepted with budget,Master
26000613,Бангладеш /,Медицина (на английском языке) / Medicine (in English); Медицина / Medicine (in Russian); Стоматология (на английском языке) / Dental Medicine (in English),3,Accepted with budget,Specialist
26000614,Беларусь /,Востоковедение и африканистика / Asian and African Studies (in Russian),1,Accepted with budget,Bachelor
26000615,Казахстан /,Медиакоммуникации и журналистика / Mediacommunications and Journalism (in Russian); Социология / Sociology (in Russian); Когнитивные науки / Cognitive Studies (in Russian),3,Accepted with budget,PhD
26000616,ТУРКМЕНИСТАН /,Графический дизайн / Graphic Design (in Russian); Психология / Psychology (in Russian),2,Accepted with budget,Bachelor
26000616,ТУРКМЕНИСТАН /,Живопись / Painting (in Russian),1,Accepted with budget,Specialist
26000617,Узбекистан /,Физика / Physics (in Russian); Математика и механика / Mathematics and Mechanics (in Russian); Прикладная математика и процессы управления / Applied Mathematics and Control Processes (in Russian),3,Accepted with budget,Master
26000618,Нигерия /,Психология / Psychology (in Russian); Языкознание и литературоведение / Linguistics and Literary Studies (in Russian),2,Accepted with budget,Bachelor
26000618,Нигерия /,Стоматология (на английском языке) / Dental Medicine (in English),1,Accepted with budget,Specialist
26000619,Казахстан /,Математика и компьютерные науки / Mathematics and Computer Science (in Russian); Прикладная математика и процессы управления / Applied Mathematics and Control Processes (in Russian); Экономика / Economics (in Russian),3,Accepted with budget,Bachelor
26000620,Гаити /,Экономика / Economics (in Russian); Прикладная математика и процессы управления / Applied Mathematics and Control Processes (in Russian),2,Accepted with budget,Master
26000621,Египет /,Стоматология / Dental Medicine (in Russian),1,Accepted with budget,Specialist
26000622,Гана /,Прикладная математика и процессы управления (на английском языке) / Applied Mathematics and Control Processes (in English); Экономика (на английском языке) / Economics (in English); Менеджмент (на английском языке) / Management (in English),3,Accepted with budget,Master
26000623,Вьетнам /,Менеджмент и государственное и муниципальное управление / Management and Public Administration (in Russian),1,Accepted with budget,Bachelor
26000624,Бангладеш /,Медицина (на английском языке) / Medicine (in English),1,Accepted with budget,Specialist
26000624,Бангладеш /,Менеджмент (на английском языке) / Management (in English); Английский язык / English,2,Accepted with budget,Bachelor
26000625,Казахстан /,Стоматология / Dental Medicine (in Russian); Медицина / Medicine (in Russian),2,Accepted with budget,Specialist
26000626,ТУРКМЕНИСТАН /,Физическая культура / Physical Education (in Russian); Английский язык / English,2,Accepted with budget,Bachelor
26000627,Пакистан /,Международные отношения / International Relations (in Russian),1,Accepted with budget,Bachelor
26000628,Нигерия /,Международные отношения / International Relations (in Russian),1,Accepted with budget,Bachelor
26000629,Нигерия /,Менеджмент (на английском языке) / Management (in English),1,Accepted with budget,PhD
26000630,Узбекистан /,Международные отношения / International Relations (in Russian),1,Accepted with budget,Bachelor
26000631,Казахстан /,Декоративно-прикладное искусство / Applied Art (in Russian); Реставрация / Restoration of Fine and Applied Art Objects (in Russian); Графический дизайн / Graphic Design (in Russian),3,Accepted with budget,Bachelor
26000632,Нигерия /,Медицина / Medicine (in Russian),1,Accepted with budget,Specialist
26000633,Нигерия /,Менеджмент (на английском языке) / Management (in English),1,Accepted with budget,PhD
26000634,Судан /,Стоматология (на английском языке) / Dental Medicine (in English),1,Accepted with budget,Specialist
26000635,Узбекистан /,Языкознание и литературоведение / Linguistics and Literary Studies (in Russian),1,Accepted with budget,PhD
26000636,Нигерия /,Когнитивные науки / Cognitive Studies (in Russian); Биологические науки / Biological sciences (in Russian); Психология / Psychology (in Russian),3,Accepted with budget,PhD
26000637,"ИРАН, ИСЛАМСКАЯ РЕСПУБЛИКА /",Языкознание и литературоведение / Linguistics and Literary Studies (in Russian),1,Accepted with budget,PhD
26000638,Индия /,Математика и механика (на английском языке) / Mathematics and Mechanics (in English),1,Accepted with budget,PhD
26000639,Казахстан /,Социология / Sociology (in Russian); Медиакоммуникации и журналистика / Mediacommunications and Journalism (in Russian),2,Accepted with budget,PhD
26000640,Эфиопия /,Экономика (на английском языке) / Economics (in English); Менеджмент (на английском языке) / Management (in English),2,Accepted with budget,Master
26000641,Нигерия /,Менеджмент (на английском языке) / Management (in English); Экономика (на английском языке) / Economics (in English); Деловая коммуникация на английском языке / Business Communication in English,3,Accepted with budget,Master
26000642,"ИРАН, ИСЛАМСКАЯ РЕСПУБЛИКА /",Стоматология / Dental Medicine (in Russian); Стоматология (на английском языке) / Dental Medicine (in English),2,Accepted with budget,Specialist
26000643,Ангола /,Международные отношения / International Relations (in Russian),1,Accepted with budget,Bachelor
26000644,Узбекистан /,Стоматология / Dental Medicine (in Russian); Медицина / Medicine (in Russian),2,Accepted with budget,Specialist
26000645,Нигерия /,Менеджмент (на английском языке) / Management (in English),1,Accepted with budget,Bachelor
26000646,Афганистан /,Медицина / Medicine (in Russian),1,Accepted with budget,PhD
26000647,Казахстан /,Медицина / Medicine (in Russian),1,Accepted with budget,Specialist
26000648,Пакистан /,Медицина / Medicine (in Russian); Биологические науки / Biological sciences (in Russian); Когнитивные науки / Cognitive Studies (in Russian),3,Accepted with budget,PhD
26000649,Афганистан /,Графический дизайн / Graphic Design (in Russian); Математика и компьютерные науки / Mathematics and Computer Science (in Russian); Менеджмент (на английском языке) / Management (in English),3,Accepted with budget,Bachelor
26000650,Египет /,Математика и компьютерные науки / Mathematics and Computer Science (in Russian),1,Accepted with budget,Bachelor
26000651,КИТАЙ /,Стоматология (на английском языке) / Dental Medicine (in English); Медицина (на английском языке) / Medicine (in English),2,Accepted with budget,Specialist
26000652,Афганистан /,Менеджмент (на английском языке) / Management (in English); Математика и механика (на английском языке) / Mathematics and Mechanics (in English); Языкознание и литературоведение / Linguistics and Literary Studies (in Russian),3,Accepted with budget,PhD
26000653,Казахстан /,Математика и механика / Mathematics and Mechanics (in Russian); Математика и компьютерные науки / Mathematics and Computer Science (in Russian),2,Accepted with budget,Bachelor
26000654,КИТАЙ /,Экономика / Economics (in Russian),1,Accepted with budget,Bachelor
26000655,Нигерия /,Менеджмент (на английском языке) / Management (in English); Международные отношения (на английском языке) / International Relations (in English),2,Accepted with budget,Master
26000656,Казахстан /,Юриспруденция / Law (in Russian); Нефтегазовое дело / Petroleum Engineering (in Russian); Международные отношения / International Relations (in Russian),3,Accepted with budget,Bachelor
26000657,Нигерия /,Психология / Psychology (in Russian); Педагогика / Pedagogy (in Russian); Философия / Philosophy (in Russian),3,Accepted with budget,Master
26000658,Беларусь /,Стоматология / Dental Medicine (in Russian),1,Accepted with budget,Specialist
26000659,Грузия /,Менеджмент (на английском языке) / Management (in English); Психология / Psychology (in Russian),2,Accepted with budget,Master
26000660,Беларусь /,Экономика / Economics (in Russian); Менеджмент / Management (in Russian); Социология / Sociology (in Russian),3,Accepted with budget,PhD
26000661,Пакистан /,Менеджмент (на английском языке) / Management (in English),1,Accepted with budget,Master
26000662,Нигерия /,Нефтегазовая геология / Petroleum Geology (in Russian); Науки о Земле и окружающей среде / Earth and Environmental Sciences (in Russian); Менеджмент (на английском языке) / Management (in English),3,Accepted with budget,Master
26000663,Российская Федерация /,Стоматология / Dental Medicine (in Russian),1,Accepted with budget,Specialist
26000664,Индия /,Психология / Psychology (in Russian),1,Accepted with budget,PhD
26000665,Пакистан /,Биология / Biology (in Russian); Языкознание и литературоведение (на английском языке) / Foreign Languages (in English); Деловая коммуникация на английском языке / Business Communication in English,3,Accepted with budget,Master
26000666,Узбекистан /,Менеджмент и государственное и муниципальное управление / Management and Public Administration (in Russian); Экономика / Economics (in Russian); Психология / Psychology (in Russian),3,Accepted with budget,Master
26000667,Пакистан /,Медицина (на английском языке) / Medicine (in English); Стоматология (на английском языке) / Dental Medicine (in English),2,Accepted with budget,Specialist
26000667,Пакистан /,Менеджмент (на английском языке) / Management (in English),1,Accepted with budget,Bachelor
26000668,Нигерия /,Когнитивные науки / Cognitive Studies (in Russian); Психология / Psychology (in Russian); Менеджмент (на английском языке) / Management (in English),3,Accepted with budget,PhD
26000669,Бангладеш /,Математика и компьютерные науки / Mathematics and Computer Science (in Russian); Математика и механика / Mathematics and Mechanics (in Russian),2,Accepted with budget,Bachelor
26000669,Бангладеш /,Медицина / Medicine (in Russian),1,Accepted with budget,Specialist
26000670,Нигерия /,Математика и механика / Mathematics and Mechanics (in Russian),1,Accepted with budget,Bachelor
26000671,ТУРКМЕНИСТАН /,Востоковедение и африканистика / Asian and African Studies (in Russian),1,Accepted with budget,Master
26000672,Бразилия /,Математика и механика (на английском языке) / Mathematics and Mechanics (in English),1,Accepted with budget,PhD
26000673,КИТАЙ /,Экономика / Economics (in Russian); Международные отношения / International Relations (in Russian),2,Accepted with budget,Master
26000674,ТУРКМЕНИСТАН /,Экономика / Economics (in Russian); Международные отношения / International Relations (in Russian); Менеджмент и государственное и муниципальное управление / Management and Public Administration (in Russian),3,Accepted with budget,Bachelor
26000675,Казахстан /,Психология / Psychology (in Russian),1,Accepted with budget,Bachelor
26000676,Нигерия /,Нефтегазовая геология / Petroleum Geology (in Russian); Науки о Земле и окружающей среде / Earth and Environmental Sciences (in Russian),2,Accepted with budget,Master
26000677,Казахстан /,Языкознание и литературоведение / Linguistics and Literary Studies (in Russian); Философия / Philosophy (in Russian); Математика и механика / Mathematics and Mechanics (in Russian),3,Accepted with budget,Bachelor
26000678,Пакистан /,Культурология (на английском языке) / Cultural Studies (in English); Языкознание и литературоведение / Linguistics and Literary Studies (in Russian),2,Accepted with budget,Master
26000679,Нигерия /,Экономика (на английском языке) / Economics (in English); Современная математика (на английском языке) / Modern Mathematics (in English); Прикладная математика и процессы управления (на английском языке) / Applied Mathematics and Control Processes (in English),3,Accepted with budget,Master
26000680,Узбекистан /,Языкознание и литературоведение / Linguistics and Literary Studies (in Russian),1,Accepted with budget,Bachelor
26000681,Узбекистан /,Социология / Sociology (in Russian),1,Accepted with budget,Bachelor
26000683,Нигерия /,Прикладная математика и процессы управления (на английском языке) / Applied Mathematics and Control Processes (in English); Математика и механика (на английском языке) / Mathematics and Mechanics (in English),2,Accepted with budget,Master
26000684,Индия /,Медицина (на английском языке) / Medicine (in English),1,Accepted with budget,Specialist
26000685,Узбекистан /,Компьютерные науки и информационные технологии / Computer Science and Information Technology (in Russian),1,Accepted with budget,PhD
26000686,Грузия /,Международные отношения / International Relations (in Russian); Политология / Political Science (in Russian); Менеджмент и государственное и муниципальное управление / Management and Public Administration (in Russian),3,Accepted with budget,Master
26000687,Казахстан /,Медицина / Medicine (in Russian),1,Accepted with budget,Specialist
26000688,Нигерия /,Медицина / Medicine (in Russian); Медицина (на английском языке) / Medicine (in English),2,Accepted with budget,Specialist
26000689,КИТАЙ /,Прикладная математика и процессы управления (на английском языке) / Applied Mathematics and Control Processes (in English),1,Accepted with budget,Master
26000690,Афганистан /,Медицина (на английском языке) / Medicine (in English),1,Accepted with budget,Specialist
26000691,КИТАЙ /,Языкознание и литературоведение / Linguistics and Literary Studies (in Russian),1,Accepted with budget,Master
26000692,Казахстан /,Стоматология / Dental Medicine (in Russian),1,Accepted with budget,Specialist
26000693,Казахстан /,Стоматология / Dental Medicine (in Russian),1,Accepted with budget,Specialist
26000694,ЮЖНАЯ АФРИКА /,Политология / Political Science (in Russian),1,Accepted with budget,Bachelor
26000696,Узбекистан /,Экономика / Economics (in Russian); Менеджмент и государственное и муниципальное управление / Management and Public Administration (in Russian),2,Accepted with budget,Bachelor
26000697,Пакистан /,Компьютерные науки и информационные технологии / Computer Science and Information Technology (in Russian); Математика и механика (на английском языке) / Mathematics and Mechanics (in English); Менеджмент (на английском языке) / Management (in English),3,Accepted with budget,PhD
26000700,Пакистан /,Прикладная математика и процессы управления (на английском языке) / Applied Mathematics and Control Processes (in English),1,Accepted with budget,Master
26000701,КОНГО /,Прикладная математика и процессы управления / Applied Mathematics and Control Processes (in Russian),1,Accepted with budget,Master
26000702,Нигерия /,Социология (на английском языке) / Sociology (in English); Культурология (на английском языке) / Cultural Studies (in English); Международные отношения (на английском языке) / International Relations (in English),3,Accepted with budget,Master
26000704,Пакистан /,Медицина (на английском языке) / Medicine (in English); Стоматология (на английском языке) / Dental Medicine (in English),2,Accepted with budget,Specialist
26000704,Пакистан /,Менеджмент (на английском языке) / Management (in English),1,Accepted with budget,Bachelor
26000705,Эфиопия /,Языкознание и литературоведение / Linguistics and Literary Studies (in Russian); Менеджмент (на английском языке) / Management (in English),2,Accepted with budget,Bachelor
26000706,Пакистан /,Менеджмент (на английском языке) / Management (in English),1,Accepted with budget,Master
26000707,КИТАЙ /,Искусства и гуманитарные науки / Arts and Humanities (in Russian); Языкознание и литературоведение (на английском языке) / Foreign Languages (in English); Языкознание и литературоведение / Linguistics and Literary Studies (in Russian),3,Accepted with budget,Master
26000708,Нигерия /,Менеджмент (на английском языке) / Management (in English); Менеджмент и государственное и муниципальное управление / Management and Public Administration (in Russian); Международные отношения (на английском языке) / International Relations (in English),3,Accepted with budget,Master
26000709,Беларусь /,Психология / Psychology (in Russian); Журналистика и массовые коммуникации / Journalism and Mass Communication (in Russian); Международные отношения / International Relations (in Russian),3,Accepted with budget,Bachelor
26000710,Узбекистан /,Менеджмент (на английском языке) / Management (in English),1,Accepted with budget,Master
26000711,Алжир /,Востоковедение и африканистика / Asian and African Studies (in Russian); Менеджмент и государственное и муниципальное управление / Management and Public Administration (in Russian); Международные отношения / International Relations (in Russian),3,Accepted with budget,Master
26000712,Канада /,Политология / Political Science (in Russian),1,Accepted with budget,Bachelor
26000713,Нигерия /,Биологические науки / Biological sciences (in Russian); Менеджмент (на английском языке) / Management (in English); Медицина / Medicine (in Russian),3,Accepted with budget,PhD
26000714,Казахстан /,Журналистика и массовые коммуникации / Journalism and Mass Communication (in Russian),1,Accepted with budget,Master
26000715,Пакистан /,Языкознание и литературоведение / Linguistics and Literary Studies (in Russian); Теология / Theology (in Russian); Политология / Political Science (in Russian),3,Accepted with budget,PhD
26000718,ТУРКМЕНИСТАН /,Медицина / Medicine (in Russian); Стоматология / Dental Medicine (in Russian),2,Accepted with budget,Specialist
26000719,ТУРКМЕНИСТАН /,Медицина / Medicine (in Russian),1,Accepted with budget,Specialist
26000720,Узбекистан /,Медицина / Medicine (in Russian),1,Accepted with budget,Specialist
26000721,Нигерия /,Стоматология (на английском языке) / Dental Medicine (in English); Медицина / Medicine (in Russian),2,Accepted with budget,Specialist
26000721,Нигерия /,Менеджмент (на английском языке) / Management (in English),1,Accepted with budget,Bachelor
26000722,Казахстан /,Экономика / Economics (in Russian); Менеджмент и государственное и муниципальное управление / Management and Public Administration (in Russian),2,Accepted with budget,Bachelor
26000723,Израиль /,Психология / Psychology (in Russian),1,Accepted with budget,Bachelor
26000724,Эфиопия /,Менеджмент (на английском языке) / Management (in English); Английский язык / English,2,Accepted with budget,Bachelor
26000725,Бангладеш /,Менеджмент (на английском языке) / Management (in English),1,Accepted with budget,Bachelor
26000726,Беларусь /,Стоматология / Dental Medicine (in Russian); Медицина / Medicine (in Russian),2,Accepted with budget,Specialist
26000726,Беларусь /,Биология / Biology (in Russian),1,Accepted with budget,Bachelor
26000727,Пакистан /,Медицина (на английском языке) / Medicine (in English); Стоматология (на английском языке) / Dental Medicine (in English),2,Accepted with budget,Specialist
26000728,ТУРКМЕНИСТАН /,Английский язык / English,1,Accepted with budget,Bachelor
26000729,Казахстан /,Менеджмент (на английском языке) / Management (in English); Журналистика и массовые коммуникации / Journalism and Mass Communication (in Russian); Экономика / Economics (in Russian),3,Accepted with budget,Bachelor
26000730,Нигерия /,Менеджмент (на английском языке) / Management (in English),1,Accepted with budget,PhD
26000731,Гана /,Медицина (на английском языке) / Medicine (in English),1,Accepted with budget,Specialist
26000732,Казахстан /,Психология / Psychology (in Russian),1,Accepted with budget,Bachelor
26000733,Бангладеш /,Стоматология (на английском языке) / Dental Medicine (in English),1,Accepted with budget,Specialist
26000733,Бангладеш /,Менеджмент (на английском языке) / Management (in English),1,Accepted with budget,Bachelor
26000734,Того /,Экономика / Economics (in Russian); Менеджмент (на английском языке) / Management (in English); Менеджмент и государственное и муниципальное управление / Management and Public Administration (in Russian),3,Accepted with budget,Bachelor
26000735,Нигерия /,Менеджмент (на английском языке) / Management (in English),1,Accepted with budget,PhD
26000736,ТУРКМЕНИСТАН /,Английский язык / English; Международные отношения / International Relations (in Russian); Математика и компьютерные науки / Mathematics and Computer Science (in Russian),3,Accepted with budget,Bachelor
26000737,Казахстан /,Юриспруденция / Law (in Russian); Нефтегазовое дело / Petroleum Engineering (in Russian); Журналистика и массовые коммуникации / Journalism and Mass Communication (in Russian),3,Accepted with budget,Bachelor
26000738,Индия /,Международные отношения (на английском языке) / International Relations (in English),1,Accepted with budget,Master
26000739,Зимбабве /,Медицина (на английском языке) / Medicine (in English); Стоматология (на английском языке) / Dental Medicine (in English),2,Accepted with budget,Specialist
26000740,Пакистан /,Политология / Political Science (in Russian); Международные отношения / International Relations (in Russian); Социология / Sociology (in Russian),3,Accepted with budget,Bachelor
26000741,КОТ Д`ИВУАР /,Экономика / Economics (in Russian),1,Accepted with budget,PhD
26000742,Афганистан /,Менеджмент (на английском языке) / Management (in English),1,Accepted with budget,Master
26000743,Казахстан /,Международные отношения / International Relations (in Russian); Журналистика и массовые коммуникации / Journalism and Mass Communication (in Russian),2,Accepted with budget,Bachelor
26000744,Перу /,Медицина / Medicine (in Russian),1,Accepted with budget,Specialist
26000745,Нигерия /,Педагогика / Pedagogy (in Russian); Когнитивные науки / Cognitive Studies (in Russian); Менеджмент (на английском языке) / Management (in English),3,Accepted with budget,PhD
26000746,Вьетнам /,Медицина (на английском языке) / Medicine (in English); Медицина / Medicine (in Russian); Стоматология (на английском языке) / Dental Medicine (in English),3,Accepted with budget,Specialist
26000747,"КОНГО, ДЕМОКРАТИЧЕСКАЯ РЕСПУБЛИКА /",Менеджмент (на английском языке) / Management (in English),1,Accepted with budget,PhD
26000748,Нигерия /,Менеджмент (на английском языке) / Management (in English); Психология / Psychology (in Russian),2,Accepted with budget,Bachelor
26000748,Нигерия /,Стоматология (на английском языке) / Dental Medicine (in English),1,Accepted with budget,Specialist
26000750,СОЕДИНЕННЫЕ ШТАТЫ /,Психология / Psychology (in Russian),1,Accepted with budget,Bachelor
26000751,Казахстан /,Экономика / Economics (in Russian),1,Accepted with budget,Bachelor
26000752,Узбекистан /,Математика и компьютерные науки / Mathematics and Computer Science (in Russian),1,Accepted with budget,Bachelor
26000753,Беларусь /,Юриспруденция / Law (in Russian),1,Accepted with budget,Master
26000754,Перу /,Медицина (на английском языке) / Medicine (in English),1,Accepted with budget,Specialist
26000754,Перу /,Биология / Biology (in Russian),1,Accepted with budget,Bachelor
26000755,Бангладеш /,Медицина (на английском языке) / Medicine (in English); Стоматология (на английском языке) / Dental Medicine (in English),2,Accepted with budget,Specialist
26000755,Бангладеш /,Нефтегазовое дело / Petroleum Engineering (in Russian),1,Accepted with budget,Bachelor
26000756,КИРГИЗИЯ /,Английский язык / English; Теология / Theology (in Russian); Юриспруденция / Law (in Russian),3,Accepted with budget,Bachelor
26000757,КИТАЙ /,Языкознание и литературоведение / Linguistics and Literary Studies (in Russian),1,Accepted with budget,PhD
26000758,Нигерия /,Менеджмент (на английском языке) / Management (in English); Международные отношения (на английском языке) / International Relations (in English); Экономика (на английском языке) / Economics (in English),3,Accepted with budget,Master
26000759,Российская Федерация /,Востоковедение и африканистика / Asian and African Studies (in Russian); Юриспруденция / Law (in Russian); Международные отношения / International Relations (in Russian),3,Accepted with budget,Bachelor
26000760,Казахстан /,Международные отношения / International Relations (in Russian),1,Accepted with budget,Bachelor
26000761,Казахстан /,Стоматология / Dental Medicine (in Russian); Медицина / Medicine (in Russian),2,Accepted with budget,Specialist
26000762,Казахстан /,Международные отношения / International Relations (in Russian); Юриспруденция / Law (in Russian),2,Accepted with budget,Bachelor
26000763,Казахстан /,Математика и механика / Mathematics and Mechanics (in Russian),1,Accepted with budget,Bachelor
26000764,КИТАЙ /,Педагогика / Pedagogy (in Russian),1,Accepted with budget,PhD
26000765,Эфиопия /,Международные отношения (на английском языке) / International Relations (in English); Культурология (на английском языке) / Cultural Studies (in English),2,Accepted with budget,Master
26000766,Узбекистан /,Языкознание и литературоведение / Linguistics and Literary Studies (in Russian); Дизайн среды / Environmental Design (in Russian),2,Accepted with budget,Bachelor
26000767,КИТАЙ /,Международные отношения / International Relations (in Russian),1,Accepted with budget,PhD
26000769,Бангладеш /,Культурология (на английском языке) / Cultural Studies (in English); Языкознание и литературоведение (на английском языке) / Foreign Languages (in English); Международные отношения (на английском языке) / International Relations (in English),3,Accepted with budget,Master
26000771,Узбекистан /,Менеджмент и государственное и муниципальное управление / Management and Public Administration (in Russian); Экономика / Economics (in Russian); Менеджмент (на английском языке) / Management (in English),3,Accepted with budget,Bachelor
26000772,Бангладеш /,Менеджмент (на английском языке) / Management (in English),1,Accepted with budget,Master
26000774,"ИРАН, ИСЛАМСКАЯ РЕСПУБЛИКА /",Стоматология (на английском языке) / Dental Medicine (in English); Стоматология / Dental Medicine (in Russian); Медицина (на английском языке) / Medicine (in English),3,Accepted with budget,Specialist
26000775,ТУРКМЕНИСТАН /,Медицина / Medicine (in Russian); Стоматология / Dental Medicine (in Russian); Медицина (на английском языке) / Medicine (in English),3,Accepted with budget,Specialist
26000777,Бангладеш /,Менеджмент (на английском языке) / Management (in English); Деловая коммуникация на английском языке / Business Communication in English; Прикладная математика и процессы управления (на английском языке) / Applied Mathematics and Control Processes (in English),3,Accepted with budget,Master
26000778,Египет /,Прикладная математика и процессы управления / Applied Mathematics and Control Processes (in Russian); Нефтегазовое дело / Petroleum Engineering (in Russian); Математика и механика / Mathematics and Mechanics (in Russian),3,Accepted with budget,Bachelor
26000779,Йемен /,Медицина / Medicine (in Russian),1,Accepted with budget,Specialist
26000780,Казахстан /,Теология / Theology (in Russian); История / History (in Russian); Философия / Philosophy (in Russian),3,Accepted with budget,Master
26000781,Перу /,Политология / Political Science (in Russian); Социология / Sociology (in Russian),2,Accepted with budget,Master
26000782,Египет /,Политология / Political Science (in Russian),1,Accepted with budget,Master
26000783,Казахстан /,Прикладная математика и процессы управления / Applied Mathematics and Control Processes (in Russian); Математика и компьютерные науки / Mathematics and Computer Science (in Russian); Математика и механика / Mathematics and Mechanics (in Russian),3,Accepted with budget,Bachelor
26000785,Южная Осетия /,Нефтегазовое дело / Petroleum Engineering (in Russian); Международные отношения / International Relations (in Russian),2,Accepted with budget,Bachelor
26000785,Южная Осетия /,Медицина / Medicine (in Russian),1,Accepted with budget,Specialist
26000786,Египет /,Международные отношения / International Relations (in Russian); Языкознание и литературоведение / Linguistics and Literary Studies (in Russian); Физическая культура / Physical Education (in Russian),3,Accepted with budget,Bachelor
26000788,Узбекистан /,Психология / Psychology (in Russian),1,Accepted with budget,Master
26000789,Казахстан /,Журналистика и массовые коммуникации / Journalism and Mass Communication (in Russian); Языкознание и литературоведение / Linguistics and Literary Studies (in Russian),2,Accepted with budget,Master
26000790,Казахстан /,Журналистика и массовые коммуникации / Journalism and Mass Communication (in Russian),1,Accepted with budget,Bachelor
26000791,Гана /,Менеджмент (на английском языке) / Management (in English),1,Accepted with budget,Bachelor
26000792,Пакистан /,Химия / Chemistry (in Russian); Биология / Biology (in Russian); Языкознание и литературоведение (на итальянском языке) / Linguistics and Literary Studies (in Italian),3,Accepted with budget,Master
26000793,Южная Осетия /,История / History (in Russian),1,Accepted with budget,Bachelor
26000794,Нигерия /,Менеджмент (на английском языке) / Management (in English),1,Accepted with budget,Master
26000795,Казахстан /,Юриспруденция / Law (in Russian); Международные отношения / International Relations (in Russian); Экономика / Economics (in Russian),3,Accepted with budget,Bachelor
26000796,Камерун /,Биология / Biology (in Russian); Науки о Земле и окружающей среде / Earth and Environmental Sciences (in Russian); Химия / Chemistry (in Russian),3,Accepted with budget,Master
26000797,Казахстан /,Юриспруденция / Law (in Russian); Международные отношения / International Relations (in Russian); Политология / Political Science (in Russian),3,Accepted with budget,Bachelor
26000798,Алжир /,Медицина (на английском языке) / Medicine (in English),1,Accepted with budget,Specialist
26000799,Йемен /,Нефтегазовая геология / Petroleum Geology (in Russian); Науки о Земле и окружающей среде / Earth and Environmental Sciences (in Russian); Менеджмент (на английском языке) / Management (in English),3,Accepted with budget,Master
26000800,Эстония /,Математика и компьютерные науки / Mathematics and Computer Science (in Russian),1,Accepted with budget,Bachelor
26000801,Пакистан /,Международные отношения (на английском языке) / International Relations (in English); Социология (на английском языке) / Sociology (in English); Менеджмент и государственное и муниципальное управление / Management and Public Administration (in Russian),3,Accepted with budget,Master
26000802,Казахстан /,Юриспруденция / Law (in Russian),1,Accepted with budget,Bachelor
26000803,Нигерия /,Деловая коммуникация на английском языке / Business Communication in English; Языкознание и литературоведение (на английском языке) / Foreign Languages (in English); Социология (на английском языке) / Sociology (in English),3,Accepted with budget,Master
26000804,Йемен /,Прикладная математика и процессы управления (на английском языке) / Applied Mathematics and Control Processes (in English),1,Accepted with budget,Master
26000805,Казахстан /,Химия / Chemistry (in Russian); Нефтегазовое дело / Petroleum Engineering (in Russian); Физика / Physics (in Russian),3,Accepted with budget,Bachelor
26000806,Египет /,Математика и механика / Mathematics and Mechanics (in Russian); Прикладная математика и процессы управления / Applied Mathematics and Control Processes (in Russian); Математика и компьютерные науки / Mathematics and Computer Science (in Russian),3,Accepted with budget,Bachelor
26000807,Кения /,Медицина (на английском языке) / Medicine (in English),1,Accepted with budget,Specialist
26000808,Мозамбик /,Математика и компьютерные науки / Mathematics and Computer Science (in Russian); Экономика / Economics (in Russian); Нефтегазовое дело / Petroleum Engineering (in Russian),3,Accepted with budget,Bachelor
26000809,Индия /,Языкознание и литературоведение / Linguistics and Literary Studies (in Russian); Деловая коммуникация на английском языке / Business Communication in English; Языкознание и литературоведение (на французском языке) / Linguistics and Literary Studies (in French),3,Accepted with budget,Master
26000810,Беларусь /,Международные отношения / International Relations (in Russian),1,Accepted with budget,Bachelor
26000811,Судан /,Менеджмент (на английском языке) / Management (in English); Культурология (на английском языке) / Cultural Studies (in English),2,Accepted with budget,Master
26000812,Афганистан /,Международные отношения (на английском языке) / International Relations (in English); Юриспруденция (на английском языке) / Law (in English); Политология / Political Science (in Russian),3,Accepted with budget,Master
26000813,Гана /,Менеджмент (на английском языке) / Management (in English); Международные отношения / International Relations (in Russian); Английский язык / English,3,Accepted with budget,Bachelor
26000814,Российская Федерация /,Живопись / Painting (in Russian),1,Accepted with budget,Specialist
26000815,Пакистан /,Психология / Psychology (in Russian); Социология / Sociology (in Russian); Культурология (на английском языке) / Cultural Studies (in English),3,Accepted with budget,Master
26000816,КИТАЙ /,Международные отношения / International Relations (in Russian); Языкознание и литературоведение / Linguistics and Literary Studies (in Russian); Международные отношения (на английском языке) / International Relations (in English),3,Accepted with budget,Master
26000817,КИТАЙ /,Журналистика и массовые коммуникации / Journalism and Mass Communication (in Russian); Международные отношения / International Relations (in Russian),2,Accepted with budget,Master
26000818,Казахстан /,Экономика / Economics (in Russian); Менеджмент (на английском языке) / Management (in English); Международные отношения / International Relations (in Russian),3,Accepted with budget,Bachelor
26000819,Беларусь /,Математика и механика / Mathematics and Mechanics (in Russian); Математика и компьютерные науки / Mathematics and Computer Science (in Russian); Прикладная математика и процессы управления / Applied Mathematics and Control Processes (in Russian),3,Accepted with budget,Bachelor
26000820,Нигерия /,Математика и механика (на английском языке) / Mathematics and Mechanics (in English); Менеджмент (на английском языке) / Management (in English),2,Accepted with budget,Master
26000821,Казахстан /,Журналистика и массовые коммуникации / Journalism and Mass Communication (in Russian); Международные отношения / International Relations (in Russian); Менеджмент и государственное и муниципальное управление / Management and Public Administration (in Russian),3,Accepted with budget,Bachelor
26000822,Нигерия /,Менеджмент (на английском языке) / Management (in English),1,Accepted with budget,Master
26000823,Бангладеш /,Менеджмент (на английском языке) / Management (in English); Английский язык / English; Дизайн среды / Environmental Design (in Russian),3,Accepted with budget,Bachelor
26000824,Турция /,Стоматология (на английском языке) / Dental Medicine (in English); Стоматология / Dental Medicine (in Russian); Медицина (на английском языке) / Medicine (in English),3,Accepted with budget,Specialist
26000825,Нигерия /,Биология / Biology (in Russian); Науки о Земле и окружающей среде / Earth and Environmental Sciences (in Russian); Психология / Psychology (in Russian),3,Accepted with budget,Master
26000826,Казахстан /,Экономика / Economics (in Russian); Графический дизайн / Graphic Design (in Russian); Международные отношения / International Relations (in Russian),3,Accepted with budget,Bachelor
26000827,Йемен /,Медицина (на английском языке) / Medicine (in English); Медицина / Medicine (in Russian),2,Accepted with budget,Specialist
26000827,Йемен /,Нефтегазовое дело / Petroleum Engineering (in Russian),1,Accepted with budget,Bachelor
26000828,Египет /,Медицина (на английском языке) / Medicine (in English); Стоматология (на английском языке) / Dental Medicine (in English),2,Accepted with budget,Specialist
26000829,Нигерия /,Физика (на английском языке) / Physics (in English); Теология / Theology (in Russian),2,Accepted with budget,Master
26000830,Египет /,Математика и механика (на английском языке) / Mathematics and Mechanics (in English),1,Accepted with budget,Master
26000831,Узбекистан /,Юриспруденция / Law (in Russian),1,Accepted with budget,Bachelor
26000832,КИТАЙ /,Журналистика и массовые коммуникации / Journalism and Mass Communication (in Russian),1,Accepted with budget,Master
26000833,Камерун /,Графический дизайн / Graphic Design (in Russian); Декоративно-прикладное искусство / Applied Art (in Russian),2,Accepted with budget,Bachelor
26000834,ТУРКМЕНИСТАН /,Математика и компьютерные науки / Mathematics and Computer Science (in Russian); Английский язык / English,2,Accepted with budget,Bachelor
26000835,Нигерия /,Языкознание и литературоведение (на английском языке) / Foreign Languages (in English); Культурология (на английском языке) / Cultural Studies (in English); Международные отношения (на английском языке) / International Relations (in English),3,Accepted with budget,Master
26000836,Гаити /,Политология / Political Science (in Russian),1,Accepted with budget,Bachelor
26000837,Латвия /,Физика / Physics (in Russian); Математика и механика / Mathematics and Mechanics (in Russian),2,Accepted with budget,Bachelor
26000838,Пакистан /,Менеджмент (на английском языке) / Management (in English),1,Accepted with budget,Bachelor
26000839,Казахстан /,Дизайн среды / Environmental Design (in Russian),1,Accepted with budget,Bachelor
26000839,Казахстан /,Живопись / Painting (in Russian); Графика / Graphics (in Russian),2,Accepted with budget,Specialist
26000840,Казахстан /,Менеджмент и государственное и муниципальное управление / Management and Public Administration (in Russian),1,Accepted with budget,Bachelor
26000841,Алжир /,Математика и компьютерные науки / Mathematics and Computer Science (in Russian),1,Accepted with budget,Bachelor
26000842,Нигерия /,Математика и компьютерные науки / Mathematics and Computer Science (in Russian); Графический дизайн / Graphic Design (in Russian); Менеджмент (на английском языке) / Management (in English),3,Accepted with budget,Bachelor
26000843,Турция /,Языкознание и литературоведение / Linguistics and Literary Studies (in Russian); Международные отношения / International Relations (in Russian),2,Accepted with budget,Bachelor
26000844,Казахстан /,Юриспруденция / Law (in Russian),1,Accepted with budget,Bachelor
26000845,Беларусь /,Психология / Psychology (in Russian); Журналистика и массовые коммуникации / Journalism and Mass Communication (in Russian),2,Accepted with budget,Bachelor
26000846,Казахстан /,Дизайн среды / Environmental Design (in Russian),1,Accepted with budget,Bachelor
26000847,Нигерия /,Математика и компьютерные науки / Mathematics and Computer Science (in Russian),1,Accepted with budget,Bachelor
26000848,Нигерия /,Математика и компьютерные науки / Mathematics and Computer Science (in Russian),1,Accepted with budget,Bachelor
26000849,Казахстан /,Стоматология / Dental Medicine (in Russian),1,Accepted with budget,Specialist
26000849,Казахстан /,Психология / Psychology (in Russian),1,Accepted with budget,Bachelor
26000850,Таджикистан /,Юриспруденция / Law (in Russian),1,Accepted with budget,Bachelor
26000851,Гана /,Менеджмент (на английском языке) / Management (in English),1,Accepted with budget,Master
26000852,ТУРКМЕНИСТАН /,Психология / Psychology (in Russian),1,Accepted with budget,Bachelor
26000853,Казахстан /,Журналистика и массовые коммуникации / Journalism and Mass Communication (in Russian); Искусства и гуманитарные науки / Arts and Humanities (in Russian),2,Accepted with budget,Bachelor
26000853,Казахстан /,Актерское искусство / Acting Art (in Russian),1,Accepted with budget,Specialist
26000854,КИРГИЗИЯ /,Менеджмент и государственное и муниципальное управление / Management and Public Administration (in Russian); Менеджмент (на английском языке) / Management (in English),2,Accepted with budget,Master
26000855,Российская Федерация /,Математика и компьютерные науки / Mathematics and Computer Science (in Russian),1,Accepted with budget,Bachelor
26000856,Афганистан /,Международные отношения (на английском языке) / International Relations (in English); Социология (на английском языке) / Sociology (in English); Юриспруденция (на английском языке) / Law (in English),3,Accepted with budget,Master
26000857,Пакистан /,Социология (на английском языке) / Sociology (in English); Культурология (на английском языке) / Cultural Studies (in English),2,Accepted with budget,Master
26000858,Нигерия /,Менеджмент (на английском языке) / Management (in English),1,Accepted with budget,Master
26000859,Бангладеш /,Международные отношения (на английском языке) / International Relations (in English),1,Accepted with budget,Master
26000860,Российская Федерация /,Графический дизайн / Graphic Design (in Russian),1,Accepted with budget,Bachelor
26000860,Российская Федерация /,Живопись / Painting (in Russian); Графика / Graphics (in Russian),2,Accepted with budget,Specialist
26000861,"МОЛДОВА, РЕСПУБЛИКА /",Математика и компьютерные науки / Mathematics and Computer Science (in Russian),1,Accepted with budget,Bachelor
26000862,Латвия /,Языкознание и литературоведение / Linguistics and Literary Studies (in Russian),1,Accepted with budget,Master
26000863,Нигерия /,Международные отношения (на английском языке) / International Relations (in English); Культурология (на английском языке) / Cultural Studies (in English); Социология (на английском языке) / Sociology (in English),3,Accepted with budget,Master
26000864,Казахстан /,Психология / Psychology (in Russian),1,Accepted with budget,Bachelor
26000865,Российская Федерация /,Языкознание и литературоведение / Linguistics and Literary Studies (in Russian); Менеджмент и государственное и муниципальное управление / Management and Public Administration (in Russian); Международные отношения / International Relations (in Russian),3,Accepted with budget,Bachelor
26000866,Казахстан /,Журналистика и массовые коммуникации / Journalism and Mass Communication (in Russian); Менеджмент и государственное и муниципальное управление / Management and Public Administration (in Russian),2,Accepted with budget,Bachelor
26000866,Казахстан /,Стоматология / Dental Medicine (in Russian),1,Accepted with budget,Specialist
26000867,Беларусь /,Международные отношения / International Relations (in Russian); Востоковедение и африканистика / Asian and African Studies (in Russian); Юриспруденция / Law (in Russian),3,Accepted with budget,Bachelor
26000869,Египет /,Прикладная математика и процессы управления (на английском языке) / Applied Mathematics and Control Processes (in English),1,Accepted with budget,Master
26000870,Казахстан /,Юриспруденция / Law (in Russian); Графический дизайн / Graphic Design (in Russian); Менеджмент и государственное и муниципальное управление / Management and Public Administration (in Russian),3,Accepted with budget,Bachelor
26000871,КИТАЙ /,Экономика / Economics (in Russian),1,Accepted with budget,Master
26000872,Узбекистан /,Математика и механика / Mathematics and Mechanics (in Russian); Нефтегазовое дело / Petroleum Engineering (in Russian); Математика и компьютерные науки / Mathematics and Computer Science (in Russian),3,Accepted with budget,Bachelor
26000873,Пакистан /,Менеджмент (на английском языке) / Management (in English),1,Accepted with budget,Master
26000874,Нигерия /,Биология / Biology (in Russian); Химия / Chemistry (in Russian),2,Accepted with budget,Master
26000875,Индия /,Экономика / Economics (in Russian); Математика и компьютерные науки / Mathematics and Computer Science (in Russian); Менеджмент (на английском языке) / Management (in English),3,Accepted with budget,Bachelor
26000876,Таджикистан /,Математика и компьютерные науки / Mathematics and Computer Science (in Russian); Юриспруденция / Law (in Russian); Графический дизайн / Graphic Design (in Russian),3,Accepted with budget,Bachelor
26000877,Египет /,Нефтегазовая геология / Petroleum Geology (in Russian),1,Accepted with budget,Master
26000878,ТУРКМЕНИСТАН /,Менеджмент (на английском языке) / Management (in English),1,Accepted with budget,Master
26000879,Алжир /,Экономика / Economics (in Russian); Науки о Земле / Earth Sciences (in Russian); Физика / Physics (in Russian),3,Accepted with budget,Bachelor
26000881,Йемен /,Менеджмент и государственное и муниципальное управление / Management and Public Administration (in Russian),1,Accepted with budget,Bachelor
26000882,Гана /,Экономика (на английском языке) / Economics (in English),1,Accepted with budget,Master
26000883,Узбекистан /,Математика и компьютерные науки / Mathematics and Computer Science (in Russian),1,Accepted with budget,Bachelor
26000884,Ботсвана /,Менеджмент (на английском языке) / Management (in English); Деловая коммуникация на английском языке / Business Communication in English,2,Accepted with budget,Master
26000885,Казахстан /,Менеджмент и государственное и муниципальное управление / Management and Public Administration (in Russian),1,Accepted with budget,Bachelor
26000886,Камерун /,Менеджмент (на английском языке) / Management (in English); Экономика (на английском языке) / Economics (in English); Деловая коммуникация на английском языке / Business Communication in English,3,Accepted with budget,Master
26000887,Камерун /,Международные отношения / International Relations (in Russian); Политология / Political Science (in Russian); Менеджмент (на английском языке) / Management (in English),3,Accepted with budget,Bachelor
26000888,Нигерия /,Менеджмент (на английском языке) / Management (in English),1,Accepted with budget,Bachelor
26000889,Руанда /,Биология / Biology (in Russian),1,Accepted with budget,Master
26000890,Казахстан /,Менеджмент и государственное и муниципальное управление / Management and Public Administration (in Russian); Экономика / Economics (in Russian); Социология / Sociology (in Russian),3,Accepted with budget,Bachelor
26000891,ТУРКМЕНИСТАН /,Математика и компьютерные науки / Mathematics and Computer Science (in Russian),1,Accepted with budget,Bachelor
26000892,Казахстан /,Математика и механика / Mathematics and Mechanics (in Russian); Прикладная математика и процессы управления / Applied Mathematics and Control Processes (in Russian); Физика / Physics (in Russian),3,Accepted with budget,Bachelor
26000894,Бангладеш /,Менеджмент и государственное и муниципальное управление / Management and Public Administration (in Russian); Экономика / Economics (in Russian); Международные отношения / International Relations (in Russian),3,Accepted with budget,Bachelor
26000895,Нигерия /,Международные отношения (на английском языке) / International Relations (in English); Культурология (на английском языке) / Cultural Studies (in English),2,Accepted with budget,Master
26000896,"МОЛДОВА, РЕСПУБЛИКА /",Юриспруденция / Law (in Russian),1,Accepted with budget,Bachelor
26000897,Беларусь /,Журналистика и массовые коммуникации / Journalism and Mass Communication (in Russian); Менеджмент и государственное и муниципальное управление / Management and Public Administration (in Russian),2,Accepted with budget,Bachelor
26000898,Казахстан /,Психология / Psychology (in Russian),1,Accepted with budget,Bachelor
26000898,Казахстан /,Медицина / Medicine (in Russian),1,Accepted with budget,Specialist
26000899,Нигерия /,Современная математика (на английском языке) / Modern Mathematics (in English); Экономика (на английском языке) / Economics (in English); Прикладная математика и процессы управления (на английском языке) / Applied Mathematics and Control Processes (in English),3,Accepted with budget,Master
26000900,Казахстан /,Юриспруденция / Law (in Russian); Международные отношения / International Relations (in Russian); Прикладная математика и процессы управления / Applied Mathematics and Control Processes (in Russian),3,Accepted with budget,Bachelor
26000901,КОТ Д`ИВУАР /,Языкознание и литературоведение / Linguistics and Literary Studies (in Russian); Математика и компьютерные науки / Mathematics and Computer Science (in Russian); Менеджмент (на английском языке) / Management (in English),3,Accepted with budget,Bachelor
26000902,Нигерия /,Математика и компьютерные науки / Mathematics and Computer Science (in Russian),1,Accepted with budget,Bachelor
26000903,СОЕДИНЕННЫЕ ШТАТЫ /,Международные отношения / International Relations (in Russian); Теология / Theology (in Russian),2,Accepted with budget,Bachelor
26000904,Казахстан /,Экономика / Economics (in Russian),1,Accepted with budget,Bachelor
26000905,Казахстан /,Экономика / Economics (in Russian); Психология / Psychology (in Russian); Графический дизайн / Graphic Design (in Russian),3,Accepted with budget,Bachelor
26000906,Нигерия /,Математика и компьютерные науки / Mathematics and Computer Science (in Russian),1,Accepted with budget,Bachelor
26000907,Бенин /,Журналистика и массовые коммуникации / Journalism and Mass Communication (in Russian); Менеджмент (на английском языке) / Management (in English); Биология / Biology (in Russian),3,Accepted with budget,Bachelor
26000908,"МОЛДОВА, РЕСПУБЛИКА /",Международные отношения / International Relations (in Russian); Журналистика и массовые коммуникации / Journalism and Mass Communication (in Russian); Юриспруденция / Law (in Russian),3,Accepted with budget,Bachelor
26000909,Узбекистан /,Экономика / Economics (in Russian); Менеджмент (на английском языке) / Management (in English); Международные отношения / International Relations (in Russian),3,Accepted with budget,Bachelor
26000910,Казахстан /,Дизайн среды / Environmental Design (in Russian),1,Accepted with budget,Bachelor
26000911,Гана /,Стоматология (на английском языке) / Dental Medicine (in English),1,Accepted with budget,Specialist
26000912,Гана /,Биология / Biology (in Russian),1,Accepted with budget,Master
26000913,Йемен /,Медицина (на английском языке) / Medicine (in English),1,Accepted with budget,Specialist
26000914,КИТАЙ /,Международные отношения (на английском языке) / International Relations (in English); Экономика (на английском языке) / Economics (in English),2,Accepted with budget,Master
26000915,Вьетнам /,Международные отношения / International Relations (in Russian); Политология / Political Science (in Russian); Востоковедение и африканистика / Asian and African Studies (in Russian),3,Accepted with budget,Master
26000917,Нигерия /,Физика / Physics (in Russian),1,Accepted with budget,Master
26000918,Нигерия /,Менеджмент (на английском языке) / Management (in English),1,Accepted with budget,Master
26000919,Нигерия /,Науки о Земле и окружающей среде / Earth and Environmental Sciences (in Russian); Биология / Biology (in Russian),2,Accepted with budget,Master
26000920,Пакистан /,Менеджмент (на английском языке) / Management (in English),1,Accepted with budget,Master
26000921,Нигерия /,Менеджмент (на английском языке) / Management (in English),1,Accepted with budget,Master
26000922,Узбекистан /,Стоматология / Dental Medicine (in Russian),1,Accepted with budget,Specialist
26000923,Египет /,Менеджмент (на английском языке) / Management (in English); Графический дизайн / Graphic Design (in Russian); Экономика (на английском языке) / Economics (in English),3,Accepted with budget,Master
26000924,Афганистан /,Юриспруденция (на английском языке) / Law (in English),1,Accepted with budget,Master
26000925,Гана /,Международные отношения (на английском языке) / International Relations (in English),1,Accepted with budget,Master
26000926,Саудовская Аравия /,Медицина / Medicine (in Russian),1,Accepted with budget,Specialist
26000927,Афганистан /,Юриспруденция (на английском языке) / Law (in English); Международные отношения (на английском языке) / International Relations (in English); Политология / Political Science (in Russian),3,Accepted with budget,Master
26000928,КИТАЙ /,Социология / Sociology (in Russian),1,Accepted with budget,Master
26000929,Пакистан /,Медицина (на английском языке) / Medicine (in English),1,Accepted with budget,Specialist
26000930,Нигерия /,Менеджмент и государственное и муниципальное управление / Management and Public Administration (in Russian); Менеджмент (на английском языке) / Management (in English); Деловая коммуникация на английском языке / Business Communication in English,3,Accepted with budget,Master
26000931,Камерун /,Медицина / Medicine (in Russian); Стоматология / Dental Medicine (in Russian),2,Accepted with budget,Specialist
26000932,Нигерия /,Менеджмент (на английском языке) / Management (in English); Деловая коммуникация на английском языке / Business Communication in English,2,Accepted with budget,Master
26000933,Нигерия /,Экономика (на английском языке) / Economics (in English); Менеджмент (на английском языке) / Management (in English),2,Accepted with budget,Master
26000934,Казахстан /,Актерское искусство / Acting Art (in Russian),1,Accepted with budget,Specialist
26000934,Казахстан /,Журналистика и массовые коммуникации / Journalism and Mass Communication (in Russian); Искусства и гуманитарные науки / Arts and Humanities (in Russian),2,Accepted with budget,Bachelor
26000935,"МОЛДОВА, РЕСПУБЛИКА /",Стоматология / Dental Medicine (in Russian),1,Accepted with budget,Specialist
26000936,КИТАЙ /,Иностранные языки / Foreign Languages (in Russian); Педагогика / Pedagogy (in Russian); Языкознание и литературоведение / Linguistics and Literary Studies (in Russian),3,Accepted with budget,Master
26000937,Пакистан /,Экономика (на английском языке) / Economics (in English),1,Accepted with budget,Master
26000938,Судан /,Медицина (на английском языке) / Medicine (in English),1,Accepted with budget,Specialist
26000939,Пакистан /,Прикладная математика и процессы управления (на английском языке) / Applied Mathematics and Control Processes (in English); Современная математика (на английском языке) / Modern Mathematics (in English); Деловая коммуникация на английском языке / Business Communication in English,3,Accepted with budget,Master
26000940,Зимбабве /,Менеджмент и государственное и муниципальное управление / Management and Public Administration (in Russian); Политология / Political Science (in Russian),2,Accepted with budget,Master
26000942,Сьерра-Леоне /,Международные отношения (на английском языке) / International Relations (in English),1,Accepted with budget,Master
26000943,Эфиопия /,Менеджмент (на английском языке) / Management (in English); Экономика (на английском языке) / Economics (in English); Экономика / Economics (in Russian),3,Accepted with budget,Master
26000944,Ливан /,Стоматология (на английском языке) / Dental Medicine (in English); Медицина (на английском языке) / Medicine (in English),2,Accepted with budget,Specialist
26000945,Эфиопия /,Юриспруденция (на английском языке) / Law (in English); Культурология (на английском языке) / Cultural Studies (in English),2,Accepted with budget,Master
26000946,Нигерия /,Языкознание и литературоведение (на английском языке) / Foreign Languages (in English),1,Accepted with budget,Master
26000947,Азербайджан /,Стоматология / Dental Medicine (in Russian); Медицина / Medicine (in Russian),2,Accepted with budget,Specialist
26000948,Нигерия /,Экономика (на английском языке) / Economics (in English),1,Accepted with budget,Master
26000949,Пакистан /,Прикладная математика и процессы управления (на английском языке) / Applied Mathematics and Control Processes (in English); Физика (на английском языке) / Physics (in English),2,Accepted with budget,Master
26000950,Бангладеш /,Менеджмент (на английском языке) / Management (in English); Международные отношения (на английском языке) / International Relations (in English); Деловая коммуникация на английском языке / Business Communication in English,3,Accepted with budget,Master
26000951,"ИРАН, ИСЛАМСКАЯ РЕСПУБЛИКА /",Языкознание и литературоведение / Linguistics and Literary Studies (in Russian); Международные отношения / International Relations (in Russian); Журналистика и массовые коммуникации / Journalism and Mass Communication (in Russian),3,Accepted with budget,Master
26000952,Нигерия /,Языкознание и литературоведение (на английском языке) / Foreign Languages (in English); Международные отношения (на английском языке) / International Relations (in English),2,Accepted with budget,Master
26000953,"ИРАН, ИСЛАМСКАЯ РЕСПУБЛИКА /",Языкознание и литературоведение (на английском языке) / Foreign Languages (in English),1,Accepted with budget,Master
26000954,Пакистан /,Менеджмент (на английском языке) / Management (in English),1,Accepted with budget,Master
26000955,Нигерия /,Экономика (на английском языке) / Economics (in English); Менеджмент (на английском языке) / Management (in English); Биология / Biology (in Russian),3,Accepted with budget,Master
26000956,Пакистан /,Прикладная математика и процессы управления (на английском языке) / Applied Mathematics and Control Processes (in English); Менеджмент (на английском языке) / Management (in English); Химия / Chemistry (in Russian),3,Accepted with budget,Master
26000957,"ИРАН, ИСЛАМСКАЯ РЕСПУБЛИКА /",Деловая коммуникация на английском языке / Business Communication in English; Международные отношения (на английском языке) / International Relations (in English); Журналистика и массовые коммуникации / Journalism and Mass Communication (in Russian),3,Accepted with budget,Master
26000958,Эфиопия /,Современная математика (на английском языке) / Modern Mathematics (in English); Математика и механика (на английском языке) / Mathematics and Mechanics (in English),2,Accepted with budget,Master
26000960,Афганистан /,Медицина (на английском языке) / Medicine (in English); Стоматология (на английском языке) / Dental Medicine (in English),2,Accepted with budget,Specialist
26000961,Азербайджан /,Стоматология / Dental Medicine (in Russian); Медицина / Medicine (in Russian),2,Accepted with budget,Specialist
26000962,Нигерия /,Международные отношения (на английском языке) / International Relations (in English),1,Accepted with budget,Master
26000963,ТУРКМЕНИСТАН /,Медицина (на английском языке) / Medicine (in English); Медицина / Medicine (in Russian),2,Accepted with budget,Specialist
26000964,Нигерия /,Международные отношения (на английском языке) / International Relations (in English); Менеджмент (на английском языке) / Management (in English),2,Accepted with budget,Master
26000965,ТУРКМЕНИСТАН /,Медицина / Medicine (in Russian),1,Accepted with budget,Specialist
26000966,Кения /,Международные отношения (на английском языке) / International Relations (in English),1,Accepted with budget,Master
26000967,Нигер /,Менеджмент (на английском языке) / Management (in English); Экономика (на английском языке) / Economics (in English); Менеджмент и государственное и муниципальное управление / Management and Public Administration (in Russian),3,Accepted with budget,Master
26000968,ТУРКМЕНИСТАН /,Медицина / Medicine (in Russian),1,Accepted with budget,Specialist
26000969,Либерия /,Физика (на английском языке) / Physics (in English); Математика и механика (на английском языке) / Mathematics and Mechanics (in English),2,Accepted with budget,Master
26000970,Пакистан /,Юриспруденция (на английском языке) / Law (in English),1,Accepted with budget,Master
26000971,Узбекистан /,Медицина / Medicine (in Russian),1,Accepted with budget,Specialist
26000972,Пакистан /,Физика (на английском языке) / Physics (in English),1,Accepted with budget,Master
26000973,Индия /,Экономика (на английском языке) / Economics (in English),1,Accepted with budget,Master
26000974,Индия /,Медицина (на английском языке) / Medicine (in English),1,Accepted with budget,Specialist
26000975,Оман /,Менеджмент (на английском языке) / Management (in English); Международные отношения (на английском языке) / International Relations (in English); Деловая коммуникация на английском языке / Business Communication in English,3,Accepted with budget,Master
26000976,"ИРАН, ИСЛАМСКАЯ РЕСПУБЛИКА /",Языкознание и литературоведение / Linguistics and Literary Studies (in Russian); Иностранные языки / Foreign Languages (in Russian); Языкознание и литературоведение (на английском языке) / Foreign Languages (in English),3,Accepted with budget,Master
26000977,Казахстан /,Актерское искусство / Acting Art (in Russian),1,Accepted with budget,Specialist
26000978,Индия /,Менеджмент (на английском языке) / Management (in English); Международные отношения (на английском языке) / International Relations (in English); Деловая коммуникация на английском языке / Business Communication in English,3,Accepted with budget,Master
26000979,Пакистан /,Науки о Земле и окружающей среде / Earth and Environmental Sciences (in Russian); Социология (на английском языке) / Sociology (in English); Международные отношения (на английском языке) / International Relations (in English),3,Accepted with budget,Master
26000980,Нигерия /,Международные отношения (на английском языке) / International Relations (in English); Журналистика и массовые коммуникации / Journalism and Mass Communication (in Russian); Языкознание и литературоведение (на английском языке) / Foreign Languages (in English),3,Accepted with budget,Master
26000981,Узбекистан /,История / History (in Russian),1,Accepted with budget,Master
26000982,Узбекистан /,Стоматология / Dental Medicine (in Russian),1,Accepted with budget,Specialist
26000983,Нигерия /,Графический дизайн / Graphic Design (in Russian); Нефтегазовая геология / Petroleum Geology (in Russian); Науки о Земле и окружающей среде / Earth and Environmental Sciences (in Russian),3,Accepted with budget,Master
26000984,Нигерия /,Менеджмент (на английском языке) / Management (in English); Экономика (на английском языке) / Economics (in English),2,Accepted with budget,Master
26000985,КИТАЙ /,Языкознание и литературоведение / Linguistics and Literary Studies (in Russian); Международные отношения / International Relations (in Russian); Социология / Sociology (in Russian),3,Accepted with budget,Master
26000986,КИТАЙ /,Графический дизайн / Graphic Design (in Russian),1,Accepted with budget,Master
26000987,КИТАЙ /,Языкознание и литературоведение / Linguistics and Literary Studies (in Russian),1,Accepted with budget,Master
26000988,Узбекистан /,Менеджмент (на английском языке) / Management (in English); Науки о Земле и окружающей среде / Earth and Environmental Sciences (in Russian); Экономика / Economics (in Russian),3,Accepted with budget,Master
26000989,Йемен /,Математика и механика / Mathematics and Mechanics (in Russian); Прикладная математика и процессы управления / Applied Mathematics and Control Processes (in Russian),2,Accepted with budget,Master
26000990,Нигерия /,Экономика (на английском языке) / Economics (in English),1,Accepted with budget,Master
26000991,Пакистан /,Экономика (на английском языке) / Economics (in English); Менеджмент (на английском языке) / Management (in English),2,Accepted with budget,Master
26000992,Нигерия /,Международные отношения (на английском языке) / International Relations (in English); Деловая коммуникация на английском языке / Business Communication in English; Экономика / Economics (in Russian),3,Accepted with budget,Master
26000993,Азербайджан /,Юриспруденция / Law (in Russian),1,Accepted with budget,Master
26000994,Мексика /,Менеджмент (на английском языке) / Management (in English); Деловая коммуникация на английском языке / Business Communication in English; Языкознание и литературоведение (на английском языке) / Foreign Languages (in English),3,Accepted with budget,Master
26000995,Индия /,Международные отношения / International Relations (in Russian),1,Accepted with budget,Master
26000996,ТУРКМЕНИСТАН /,Экономика / Economics (in Russian); Прикладная математика и процессы управления / Applied Mathematics and Control Processes (in Russian),2,Accepted with budget,Master
26000997,Узбекистан /,Медицина / Medicine (in Russian),1,Accepted with budget,Specialist
26000998,Казахстан /,Физика / Physics (in Russian),1,Accepted with budget,Bachelor
26000999,Казахстан /,Экономика / Economics (in Russian),1,Accepted with budget,Bachelor
26001000,Казахстан /,Языкознание и литературоведение / Linguistics and Literary Studies (in Russian),1,Accepted with budget,Bachelor
26001001,Казахстан /,Языкознание и литературоведение / Linguistics and Literary Studies (in Russian),1,Accepted with budget,Bachelor
26001002,Казахстан /,Психология / Psychology (in Russian),1,Accepted with budget,Bachelor
26001003,Казахстан /,Журналистика и массовые коммуникации / Journalism and Mass Communication (in Russian); Искусства и гуманитарные науки / Arts and Humanities (in Russian); Психология / Psychology (in Russian),3,Accepted with budget,Bachelor
26001004,Беларусь /,Менеджмент и государственное и муниципальное управление / Management and Public Administration (in Russian),1,Accepted with budget,Bachelor
26001005,Беларусь /,Биология / Biology (in Russian); Химия / Chemistry (in Russian),2,Accepted with budget,Bachelor
26001006,Казахстан /,Медицина / Medicine (in Russian),1,Accepted with budget,Specialist
26001007,Казахстан /,Журналистика и массовые коммуникации / Journalism and Mass Communication (in Russian),1,Accepted with budget,Bachelor
26001008,Казахстан /,Медицина / Medicine (in Russian),1,Accepted with budget,Specialist
26001009,Казахстан /,Психология / Psychology (in Russian),1,Accepted with budget,Bachelor
26001010,Казахстан /,Медицина / Medicine (in Russian),1,Accepted with budget,Specialist
26001010,Казахстан /,Психология / Psychology (in Russian),1,Accepted with budget,Bachelor
26001011,Беларусь /,Международные отношения / International Relations (in Russian),1,Accepted with budget,Bachelor
26001012,СИРИЙСКАЯ АРАБСКАЯ РЕСПУБЛИКА /,Математика и механика (на английском языке) / Mathematics and Mechanics (in English),1,Accepted with budget,PhD
26001013,Казахстан /,Медицина / Medicine (in Russian); Стоматология / Dental Medicine (in Russian),2,Accepted with budget,Specialist
26001014,Узбекистан /,Стоматология / Dental Medicine (in Russian); Медицина / Medicine (in Russian),2,Accepted with budget,Specialist
26001015,Российская Федерация /,Экономика / Economics (in Russian); Менеджмент и государственное и муниципальное управление / Management and Public Administration (in Russian),2,Accepted with budget,Bachelor
26001016,Нигерия /,Экономика / Economics (in Russian),1,Accepted with budget,Bachelor
26001017,Индия /,Математика и компьютерные науки / Mathematics and Computer Science (in Russian),1,Accepted with budget,Bachelor
26001018,Казахстан /,Международные отношения / International Relations (in Russian); Менеджмент и государственное и муниципальное управление / Management and Public Administration (in Russian); Прикладная математика и процессы управления / Applied Mathematics and Control Processes (in Russian),3,Accepted with budget,Bachelor
26001019,Казахстан /,Психология / Psychology (in Russian),1,Accepted with budget,Bachelor
26001020,Египет /,Математика и механика / Mathematics and Mechanics (in Russian); Математика и механика (на английском языке) / Mathematics and Mechanics (in English); Компьютерные науки и информационные технологии / Computer Science and Information Technology (in Russian),3,Accepted with budget,PhD
26001021,Казахстан /,Математика и компьютерные науки / Mathematics and Computer Science (in Russian); Прикладная математика и процессы управления / Applied Mathematics and Control Processes (in Russian); Математика и механика / Mathematics and Mechanics (in Russian),3,Accepted with budget,Bachelor
26001022,Камерун /,Экономика / Economics (in Russian),1,Accepted with budget,Bachelor
26001023,Казахстан /,Математика и компьютерные науки / Mathematics and Computer Science (in Russian),1,Accepted with budget,Bachelor
26001024,Казахстан /,Экономика / Economics (in Russian),1,Accepted with budget,Bachelor
26001025,Казахстан /,Английский язык / English; Языкознание и литературоведение / Linguistics and Literary Studies (in Russian),2,Accepted with budget,Bachelor
26001026,Нигерия /,Международные отношения / International Relations (in Russian); Политология / Political Science (in Russian); Исторические науки / Historical Sciences (in Russian),3,Accepted with budget,PhD
26001027,Бангладеш /,Менеджмент (на английском языке) / Management (in English); Международные отношения / International Relations (in Russian); Графический дизайн / Graphic Design (in Russian),3,Accepted with budget,Bachelor
26001028,Беларусь /,Графический дизайн / Graphic Design (in Russian),1,Accepted with budget,Bachelor
26001029,КИРГИЗИЯ /,Менеджмент и государственное и муниципальное управление / Management and Public Administration (in Russian); Экономика / Economics (in Russian); Юриспруденция / Law (in Russian),3,Accepted with budget,Bachelor
26001030,Египет /,Медицина (на английском языке) / Medicine (in English),1,Accepted with budget,Specialist
26001031,Пакистан /,Менеджмент (на английском языке) / Management (in English),1,Accepted with budget,PhD
26001032,Египет /,Медицина (на английском языке) / Medicine (in English); Стоматология (на английском языке) / Dental Medicine (in English),2,Accepted with budget,Specialist
26001033,Египет /,Медицина / Medicine (in Russian),1,Accepted with budget,PhD
26001034,Нигерия /,Менеджмент (на английском языке) / Management (in English); Менеджмент / Management (in Russian); Медицина / Medicine (in Russian),3,Accepted with budget,PhD
26001035,Южная Осетия /,Стоматология / Dental Medicine (in Russian),1,Accepted with budget,Specialist
26001036,ТУРКМЕНИСТАН /,Медицина / Medicine (in Russian),1,Accepted with budget,Specialist
26001037,Египет /,Исторические науки / Historical Sciences (in Russian),1,Accepted with budget,PhD
26001038,Египет /,Науки о Земле и окружающей среде / Earth and Environmental Sciences (in Russian); Биологические науки / Biological sciences (in Russian),2,Accepted with budget,PhD
26001039,Марокко /,Языкознание и литературоведение / Linguistics and Literary Studies (in Russian); Английский язык / English; Графический дизайн / Graphic Design (in Russian),3,Accepted with budget,Bachelor
26001040,СИРИЙСКАЯ АРАБСКАЯ РЕСПУБЛИКА /,Науки о Земле и окружающей среде / Earth and Environmental Sciences (in Russian),1,Accepted with budget,PhD
26001042,Казахстан /,Актерское искусство / Acting Art (in Russian),1,Accepted with budget,Specialist
26001043,Беларусь /,Юриспруденция / Law (in Russian); Академическое пение / Academic Singing (in Russian); Английский язык / English,3,Accepted with budget,Bachelor
26001044,Казахстан /,Журналистика и массовые коммуникации / Journalism and Mass Communication (in Russian); Языкознание и литературоведение / Linguistics and Literary Studies (in Russian); Искусства и гуманитарные науки / Arts and Humanities (in Russian),3,Accepted with budget,Master
26001045,"ИРАН, ИСЛАМСКАЯ РЕСПУБЛИКА /",Стоматология (на английском языке) / Dental Medicine (in English),1,Accepted with budget,Specialist
26001046,Пакистан /,Менеджмент (на английском языке) / Management (in English),1,Accepted with budget,PhD
26001047,КИРГИЗИЯ /,Искусства и гуманитарные науки / Arts and Humanities (in Russian); Дизайн среды / Environmental Design (in Russian),2,Accepted with budget,Master
26001048,Казахстан /,Экономика / Economics (in Russian); Математика и компьютерные науки / Mathematics and Computer Science (in Russian); Менеджмент и государственное и муниципальное управление / Management and Public Administration (in Russian),3,Accepted with budget,Bachelor
26001049,Нигерия /,Биология / Biology (in Russian); Науки о Земле / Earth Sciences (in Russian),2,Accepted with budget,Bachelor
26001049,Нигерия /,Стоматология (на английском языке) / Dental Medicine (in English),1,Accepted with budget,Specialist
26001050,Эфиопия /,Международные отношения (на английском языке) / International Relations (in English); Менеджмент (на английском языке) / Management (in English); Социология (на английском языке) / Sociology (in English),3,Accepted with budget,Master
26001051,Нигерия /,Компьютерные науки и информационные технологии / Computer Science and Information Technology (in Russian),1,Accepted with budget,PhD
26001052,Эфиопия /,Социология (на английском языке) / Sociology (in English); Международные отношения (на английском языке) / International Relations (in English),2,Accepted with budget,Master
26001053,Казахстан /,Юриспруденция / Law (in Russian); Международные отношения / International Relations (in Russian); Журналистика и массовые коммуникации / Journalism and Mass Communication (in Russian),3,Accepted with budget,Bachelor
26001054,КИТАЙ /,Прикладная математика и процессы управления (на английском языке) / Applied Mathematics and Control Processes (in English); Прикладная математика и процессы управления / Applied Mathematics and Control Processes (in Russian); Современная математика (на английском языке) / Modern Mathematics (in English),3,Accepted with budget,Master
26001055,Алжир /,Медицина (на английском языке) / Medicine (in English); Медицина / Medicine (in Russian),2,Accepted with budget,Specialist
26001056,КИТАЙ /,Международные отношения / International Relations (in Russian),1,Accepted with budget,PhD
26001057,Пакистан /,Современная математика (на английском языке) / Modern Mathematics (in English); Математика и механика (на английском языке) / Mathematics and Mechanics (in English); Прикладная математика и процессы управления (на английском языке) / Applied Mathematics and Control Processes (in English),3,Accepted with budget,Master
26001058,Казахстан /,Биология / Biology (in Russian); Психология / Psychology (in Russian),2,Accepted with budget,Bachelor
26001058,Казахстан /,Медицина / Medicine (in Russian),1,Accepted with budget,Specialist
26001059,ТУРКМЕНИСТАН /,Медицина / Medicine (in Russian),1,Accepted with budget,Specialist
26001060,КИТАЙ /,Медиакоммуникации и журналистика / Mediacommunications and Journalism (in Russian),1,Accepted with budget,PhD
26001062,КИТАЙ /,Экономика / Economics (in Russian),1,Accepted with budget,PhD
26001063,Беларусь /,Биология / Biology (in Russian); Химия / Chemistry (in Russian),2,Accepted with budget,Bachelor
26001064,Египет /,Языкознание и литературоведение / Linguistics and Literary Studies (in Russian); Английский язык / English; Искусства и гуманитарные науки / Arts and Humanities (in Russian),3,Accepted with budget,Bachelor
26001065,Пакистан /,Международные отношения (на английском языке) / International Relations (in English),1,Accepted with budget,Master
26001066,Нигерия /,Нефтегазовая геология / Petroleum Geology (in Russian),1,Accepted with budget,Master
26001067,Египет /,Математика и компьютерные науки / Mathematics and Computer Science (in Russian),1,Accepted with budget,Bachelor
26001068,Казахстан /,Английский язык / English,1,Accepted with budget,Bachelor
26001069,Нигерия /,Химия / Chemistry (in Russian); Математика и механика / Mathematics and Mechanics (in Russian); Нефтегазовое дело / Petroleum Engineering (in Russian),3,Accepted with budget,Bachelor
26001070,Йемен /,Международные отношения (на английском языке) / International Relations (in English); Менеджмент (на английском языке) / Management (in English); Юриспруденция (на английском языке) / Law (in English),3,Accepted with budget,Master
26001071,ТУРКМЕНИСТАН /,Востоковедение и африканистика / Asian and African Studies (in Russian); Физическая культура / Physical Education (in Russian); Английский язык / English,3,Accepted with budget,Bachelor
26001072,Беларусь /,Журналистика и массовые коммуникации / Journalism and Mass Communication (in Russian); Иностранные языки / Foreign Languages (in Russian); Социология / Sociology (in Russian),3,Accepted with budget,Master
26001074,Египет /,Медицина (на английском языке) / Medicine (in English); Стоматология (на английском языке) / Dental Medicine (in English); Медицина / Medicine (in Russian),3,Accepted with budget,Specialist
26001075,Российская Федерация /,Психология / Psychology (in Russian); Социология / Sociology (in Russian),2,Accepted with budget,Bachelor
26001076,Египет /,Физическая культура / Physical Education (in Russian); Теология / Theology (in Russian); Философия / Philosophy (in Russian),3,Accepted with budget,Bachelor
26001077,Мавритания /,Химия / Chemistry (in Russian); Биология / Biology (in Russian),2,Accepted with budget,Master
26001078,Нигерия /,Менеджмент (на английском языке) / Management (in English); Деловая коммуникация на английском языке / Business Communication in English,2,Accepted with budget,Master
26001079,Казахстан /,Графика / Graphics (in Russian),1,Accepted with budget,Specialist
26001079,Казахстан /,Международные отношения / International Relations (in Russian); Графический дизайн / Graphic Design (in Russian),2,Accepted with budget,Bachelor
26001080,Нигерия /,Психология / Psychology (in Russian); Когнитивные исследования / Cognitive Studies (in Russian); Биология / Biology (in Russian),3,Accepted with budget,Master
26001082,Алжир /,Математика и компьютерные науки / Mathematics and Computer Science (in Russian),1,Accepted with budget,Bachelor
26001083,Узбекистан /,Физика / Physics (in Russian); Менеджмент и государственное и муниципальное управление / Management and Public Administration (in Russian); Экономика / Economics (in Russian),3,Accepted with budget,Bachelor
26001088,Афганистан /,Менеджмент (на английском языке) / Management (in English),1,Accepted with budget,Bachelor
26001089,Казахстан /,Юриспруденция / Law (in Russian); Международные отношения / International Relations (in Russian); Политология / Political Science (in Russian),3,Accepted with budget,Bachelor
26001090,Казахстан /,Юриспруденция / Law (in Russian),1,Accepted with budget,Bachelor
26001091,Южная Осетия /,Экономика / Economics (in Russian),1,Accepted with budget,Bachelor
26001092,Узбекистан /,Журналистика и массовые коммуникации / Journalism and Mass Communication (in Russian); Международные отношения / International Relations (in Russian); Английский язык / English,3,Accepted with budget,Bachelor
26001093,Пакистан /,Экономика / Economics (in Russian); Менеджмент и государственное и муниципальное управление / Management and Public Administration (in Russian); Математика и компьютерные науки / Mathematics and Computer Science (in Russian),3,Accepted with budget,Bachelor
26001094,Беларусь /,Экономика / Economics (in Russian); Менеджмент и государственное и муниципальное управление / Management and Public Administration (in Russian),2,Accepted with budget,Bachelor
26001095,Алжир /,Математика и компьютерные науки / Mathematics and Computer Science (in Russian),1,Accepted with budget,Bachelor
26001096,Беларусь /,Журналистика и массовые коммуникации / Journalism and Mass Communication (in Russian),1,Accepted with budget,Bachelor
26001097,Казахстан /,Математика и компьютерные науки / Mathematics and Computer Science (in Russian),1,Accepted with budget,Bachelor
26001098,Казахстан /,Декоративно-прикладное искусство / Applied Art (in Russian); Графический дизайн / Graphic Design (in Russian); Реставрация / Restoration of Fine and Applied Art Objects (in Russian),3,Accepted with budget,Bachelor
26001099,Бразилия /,Экономика / Economics (in Russian); Политология / Political Science (in Russian); Международные отношения / International Relations (in Russian),3,Accepted with budget,Bachelor
26001101,Казахстан /,Прикладная математика и процессы управления / Applied Mathematics and Control Processes (in Russian); Математика и компьютерные науки / Mathematics and Computer Science (in Russian),2,Accepted with budget,Bachelor
26001102,Алжир /,Компьютерные науки и информационные технологии / Computer Science and Information Technology (in Russian); Математика и механика (на английском языке) / Mathematics and Mechanics (in English); Математика и механика / Mathematics and Mechanics (in Russian),3,Accepted with budget,PhD
26001103,Беларусь /,Математика и компьютерные науки / Mathematics and Computer Science (in Russian); Прикладная математика и процессы управления / Applied Mathematics and Control Processes (in Russian); Математика и механика / Mathematics and Mechanics (in Russian),3,Accepted with budget,Bachelor
26001104,Нигерия /,Менеджмент и государственное и муниципальное управление / Management and Public Administration (in Russian),1,Accepted with budget,Bachelor
26001105,Беларусь /,Политология / Political Science (in Russian); Социология / Sociology (in Russian); Менеджмент и государственное и муниципальное управление / Management and Public Administration (in Russian),3,Accepted with budget,Bachelor
26001106,Узбекистан /,Стоматология / Dental Medicine (in Russian),1,Accepted with budget,PhD
26001107,Беларусь /,Экономика / Economics (in Russian); Прикладная математика и процессы управления / Applied Mathematics and Control Processes (in Russian); Математика и компьютерные науки / Mathematics and Computer Science (in Russian),3,Accepted with budget,Bachelor
26001108,Казахстан /,Политология / Political Science (in Russian); Международные отношения / International Relations (in Russian),2,Accepted with budget,Bachelor
26001109,Узбекистан /,Английский язык / English; Экономика / Economics (in Russian); Менеджмент и государственное и муниципальное управление / Management and Public Administration (in Russian),3,Accepted with budget,Bachelor
26001110,Казахстан /,Математика и компьютерные науки / Mathematics and Computer Science (in Russian),1,Accepted with budget,Bachelor
26001111,КИТАЙ /,Экономика / Economics (in Russian); Иностранные языки / Foreign Languages (in Russian); Международные отношения / International Relations (in Russian),3,Accepted with budget,Master
26001112,Узбекистан /,Экономика / Economics (in Russian),1,Accepted with budget,Bachelor
26001113,КИРГИЗИЯ /,Социология / Sociology (in Russian); Теология / Theology (in Russian); Психология / Psychology (in Russian),3,Accepted with budget,Bachelor
26001114,Беларусь /,Графический дизайн / Graphic Design (in Russian); Дизайн среды / Environmental Design (in Russian),2,Accepted with budget,Bachelor
26001115,СИРИЙСКАЯ АРАБСКАЯ РЕСПУБЛИКА /,Стоматология / Dental Medicine (in Russian),1,Accepted with budget,Specialist
26001115,СИРИЙСКАЯ АРАБСКАЯ РЕСПУБЛИКА /,Химия / Chemistry (in Russian); Нефтегазовое дело / Petroleum Engineering (in Russian),2,Accepted with budget,Bachelor
26001116,Беларусь /,Английский язык / English; Журналистика и массовые коммуникации / Journalism and Mass Communication (in Russian); Международные отношения / International Relations (in Russian),3,Accepted with budget,Bachelor
26001117,Ангола /,Медицина (на английском языке) / Medicine (in English),1,Accepted with budget,Specialist
26001118,Бенин /,Менеджмент и государственное и муниципальное управление / Management and Public Administration (in Russian),1,Accepted with budget,Bachelor
26001119,Казахстан /,Химия / Chemistry (in Russian); Менеджмент и государственное и муниципальное управление / Management and Public Administration (in Russian); Психология / Psychology (in Russian),3,Accepted with budget,Bachelor
26001120,Индонезия /,Международные отношения (на английском языке) / International Relations (in English),1,Accepted with budget,Master
26001121,ТУРКМЕНИСТАН /,Языкознание и литературоведение / Linguistics and Literary Studies (in Russian); Английский язык / English,2,Accepted with budget,Bachelor
26001122,Азербайджан /,Медицина / Medicine (in Russian),1,Accepted with budget,Specialist
26001123,Азербайджан /,Химия / Chemistry (in Russian); Нефтегазовое дело / Petroleum Engineering (in Russian),2,Accepted with budget,Bachelor
26001124,Бангладеш /,Менеджмент (на английском языке) / Management (in English),1,Accepted with budget,Bachelor
26001125,Российская Федерация /,Графический дизайн / Graphic Design (in Russian),1,Accepted with budget,Bachelor
26001126,Казахстан /,Психология / Psychology (in Russian),1,Accepted with budget,Bachelor
26001126,Казахстан /,Медицина / Medicine (in Russian); Стоматология / Dental Medicine (in Russian),2,Accepted with budget,Specialist
26001127,Турция /,Медицина / Medicine (in Russian),1,Accepted with budget,Specialist
26001128,ТУРКМЕНИСТАН /,Международные отношения / International Relations (in Russian); Менеджмент (на английском языке) / Management (in English),2,Accepted with budget,Bachelor
26001129,Афганистан /,Международные отношения (на английском языке) / International Relations (in English); Культурология (на английском языке) / Cultural Studies (in English); Менеджмент (на английском языке) / Management (in English),3,Accepted with budget,Master
26001130,ТУРКМЕНИСТАН /,Физическая культура / Physical Education (in Russian); Философия / Philosophy (in Russian),2,Accepted with budget,Bachelor
26001131,"ТАНЗАНИЯ, ОБЪЕДИНЕННАЯ РЕСПУБЛИКА /",Медицина (на английском языке) / Medicine (in English); Стоматология (на английском языке) / Dental Medicine (in English),2,Accepted with budget,Specialist
26001132,Беларусь /,Медицина / Medicine (in Russian),1,Accepted with budget,Specialist
26001133,КИРГИЗИЯ /,Психология / Psychology (in Russian); Юриспруденция / Law (in Russian),2,Accepted with budget,Master
26001134,Нигерия /,Менеджмент (на английском языке) / Management (in English),1,Accepted with budget,Bachelor
26001135,Египет /,Математика и компьютерные науки / Mathematics and Computer Science (in Russian),1,Accepted with budget,Bachelor
26001136,Узбекистан /,Биология / Biology (in Russian); Химия / Chemistry (in Russian),2,Accepted with budget,Bachelor
26001137,Бангладеш /,Медицина (на английском языке) / Medicine (in English),1,Accepted with budget,Specialist
26001138,Нигерия /,Менеджмент (на английском языке) / Management (in English); Экономика (на английском языке) / Economics (in English),2,Accepted with budget,Master
26001139,КИРГИЗИЯ /,Менеджмент и государственное и муниципальное управление / Management and Public Administration (in Russian),1,Accepted with budget,Bachelor
26001140,Индия /,Математика и компьютерные науки / Mathematics and Computer Science (in Russian),1,Accepted with budget,Bachelor
26001141,КИТАЙ /,Экономика / Economics (in Russian),1,Accepted with budget,Bachelor
26001142,Нигерия /,Менеджмент и государственное и муниципальное управление / Management and Public Administration (in Russian); Науки о Земле и окружающей среде / Earth and Environmental Sciences (in Russian),2,Accepted with budget,Master
26001143,Перу /,Медицина / Medicine (in Russian); Медицина (на английском языке) / Medicine (in English),2,Accepted with budget,Specialist
26001144,Египет /,Журналистика и массовые коммуникации / Journalism and Mass Communication (in Russian),1,Accepted with budget,Bachelor
26001145,Нигерия /,Языкознание и литературоведение (на английском языке) / Foreign Languages (in English); Международные отношения (на английском языке) / International Relations (in English); Деловая коммуникация на английском языке / Business Communication in English,3,Accepted with budget,Master
26001146,Нигерия /,Международные отношения (на английском языке) / International Relations (in English); Языкознание и литературоведение (на английском языке) / Foreign Languages (in English),2,Accepted with budget,Master
26001147,Пакистан /,Современная математика (на английском языке) / Modern Mathematics (in English); Математика и механика (на английском языке) / Mathematics and Mechanics (in English),2,Accepted with budget,Master
26001148,Казахстан /,Менеджмент и государственное и муниципальное управление / Management and Public Administration (in Russian); Графический дизайн / Graphic Design (in Russian); Журналистика и массовые коммуникации / Journalism and Mass Communication (in Russian),3,Accepted with budget,Bachelor
26001149,Беларусь /,Психология / Psychology (in Russian),1,Accepted with budget,Bachelor
26001150,Бангладеш /,Математика и компьютерные науки / Mathematics and Computer Science (in Russian); Математика и механика / Mathematics and Mechanics (in Russian),2,Accepted with budget,Bachelor
26001151,Казахстан /,Науки о Земле / Earth Sciences (in Russian); Журналистика и массовые коммуникации / Journalism and Mass Communication (in Russian); Графический дизайн / Graphic Design (in Russian),3,Accepted with budget,Bachelor
26001152,Йемен /,Прикладная математика и процессы управления / Applied Mathematics and Control Processes (in Russian),1,Accepted with budget,Master
26001153,Казахстан /,Теология / Theology (in Russian),1,Accepted with budget,Bachelor
26001154,Нигерия /,Менеджмент (на английском языке) / Management (in English),1,Accepted with budget,Bachelor
26001155,Турция /,Медицина / Medicine (in Russian); Медицина (на английском языке) / Medicine (in English); Стоматология / Dental Medicine (in Russian),3,Accepted with budget,Specialist
26001156,Казахстан /,Экономика / Economics (in Russian); Журналистика и массовые коммуникации / Journalism and Mass Communication (in Russian); Международные отношения / International Relations (in Russian),3,Accepted with budget,Bachelor
26001157,КИТАЙ /,Языкознание и литературоведение / Linguistics and Literary Studies (in Russian); Международные отношения / International Relations (in Russian),2,Accepted with budget,Bachelor
26001159,Египет /,Медицина (на английском языке) / Medicine (in English),1,Accepted with budget,Specialist
26001160,СИРИЙСКАЯ АРАБСКАЯ РЕСПУБЛИКА /,Химия / Chemistry (in Russian),1,Accepted with budget,Master
26001161,Казахстан /,Прикладная математика и процессы управления / Applied Mathematics and Control Processes (in Russian); Педагогика / Pedagogy (in Russian),2,Accepted with budget,Master
26001162,Марокко /,Международные отношения / International Relations (in Russian); Английский язык / English,2,Accepted with budget,Bachelor
26001163,Судан /,Математика и механика (на английском языке) / Mathematics and Mechanics (in English); Экономика / Economics (in Russian); Международные отношения (на английском языке) / International Relations (in English),3,Accepted with budget,Master
26001164,ТУРКМЕНИСТАН /,Менеджмент и государственное и муниципальное управление / Management and Public Administration (in Russian),1,Accepted with budget,Bachelor
26001165,Казахстан /,Медицина / Medicine (in Russian),1,Accepted with budget,Specialist
26001166,Пакистан /,Юриспруденция (на английском языке) / Law (in English),1,Accepted with budget,Master
26001167,Нигерия /,Менеджмент (на английском языке) / Management (in English); Международные отношения / International Relations (in Russian); Политология / Political Science (in Russian),3,Accepted with budget,Bachelor
26001168,Казахстан /,Стоматология / Dental Medicine (in Russian); Медицина / Medicine (in Russian),2,Accepted with budget,Specialist
26001169,"ИРАН, ИСЛАМСКАЯ РЕСПУБЛИКА /",Языкознание и литературоведение / Linguistics and Literary Studies (in Russian); Иностранные языки / Foreign Languages (in Russian),2,Accepted with budget,Master
26001170,ТУРКМЕНИСТАН /,Английский язык / English; Международные отношения / International Relations (in Russian),2,Accepted with budget,Bachelor
26001170,ТУРКМЕНИСТАН /,Медицина / Medicine (in Russian),1,Accepted with budget,Specialist
26001171,КИТАЙ /,Прикладная математика и процессы управления (на английском языке) / Applied Mathematics and Control Processes (in English),1,Accepted with budget,Master
26001172,Казахстан /,Экономика / Economics (in Russian),1,Accepted with budget,Master
26001174,КОТ Д`ИВУАР /,Химия / Chemistry (in Russian); Политология / Political Science (in Russian); Менеджмент (на английском языке) / Management (in English),3,Accepted with budget,Master
26001175,Нигерия /,Менеджмент (на английском языке) / Management (in English); Международные отношения (на английском языке) / International Relations (in English),2,Accepted with budget,Master
26001176,Нигерия /,Менеджмент (на английском языке) / Management (in English),1,Accepted with budget,Master
26001177,ТУРКМЕНИСТАН /,Журналистика и массовые коммуникации / Journalism and Mass Communication (in Russian),1,Accepted with budget,Bachelor
26001178,Камерун /,Прикладная математика и процессы управления / Applied Mathematics and Control Processes (in Russian); Языкознание и литературоведение (на французском языке) / Linguistics and Literary Studies (in French); Графический дизайн / Graphic Design (in Russian),3,Accepted with budget,Master
26001179,КИТАЙ /,Международные отношения / International Relations (in Russian); Социология / Sociology (in Russian); Менеджмент и государственное и муниципальное управление / Management and Public Administration (in Russian),3,Accepted with budget,Master
26001180,ТУРКМЕНИСТАН /,Стоматология / Dental Medicine (in Russian),1,Accepted with budget,Specialist
26001181,ТУРКМЕНИСТАН /,Медицина / Medicine (in Russian); Стоматология / Dental Medicine (in Russian),2,Accepted with budget,Specialist
26001182,Нигерия /,Медицина (на английском языке) / Medicine (in English),1,Accepted with budget,Specialist
26001183,Афганистан /,Медицина (на английском языке) / Medicine (in English); Стоматология (на английском языке) / Dental Medicine (in English),2,Accepted with budget,Specialist
26001183,Афганистан /,Менеджмент (на английском языке) / Management (in English),1,Accepted with budget,Bachelor
26001184,Казахстан /,Журналистика и массовые коммуникации / Journalism and Mass Communication (in Russian); Искусства и гуманитарные науки / Arts and Humanities (in Russian); Психология / Psychology (in Russian),3,Accepted with budget,Bachelor
26001185,Казахстан /,Менеджмент (на английском языке) / Management (in English); Менеджмент и государственное и муниципальное управление / Management and Public Administration (in Russian),2,Accepted with budget,Bachelor
26001186,ТУРКМЕНИСТАН /,Медицина (на английском языке) / Medicine (in English); Медицина / Medicine (in Russian); Стоматология / Dental Medicine (in Russian),3,Accepted with budget,Specialist
26001188,"МОЛДОВА, РЕСПУБЛИКА /",Математика и компьютерные науки / Mathematics and Computer Science (in Russian); Прикладная математика и процессы управления / Applied Mathematics and Control Processes (in Russian),2,Accepted with budget,Bachelor
26001189,ТУРКМЕНИСТАН /,Юриспруденция / Law (in Russian),1,Accepted with budget,Bachelor
26001190,ТУРКМЕНИСТАН /,Медицина / Medicine (in Russian),1,Accepted with budget,Specialist
26001191,Эфиопия /,Стоматология / Dental Medicine (in Russian),1,Accepted with budget,Specialist
26001191,Эфиопия /,Физическая культура / Physical Education (in Russian),1,Accepted with budget,Bachelor
26001192,КИТАЙ /,Языкознание и литературоведение / Linguistics and Literary Studies (in Russian),1,Accepted with budget,PhD
26001193,ТУРКМЕНИСТАН /,Экономика / Economics (in Russian),1,Accepted with budget,PhD
26001194,Йемен /,Математика и компьютерные науки / Mathematics and Computer Science (in Russian); Прикладная математика и процессы управления / Applied Mathematics and Control Processes (in Russian),2,Accepted with budget,Bachelor
26001195,Афганистан /,Науки о Земле и окружающей среде / Earth and Environmental Sciences (in Russian); Менеджмент (на английском языке) / Management (in English),2,Accepted with budget,PhD
26001196,Нигерия /,Биологические науки / Biological sciences (in Russian); Химические науки / Chemical Sciences (in Russian); Медицина / Medicine (in Russian),3,Accepted with budget,PhD
26001197,Российская Федерация /,Экономика / Economics (in Russian); Нефтегазовое дело / Petroleum Engineering (in Russian),2,Accepted with budget,Bachelor
26001198,Мавритания /,Нефтегазовое дело / Petroleum Engineering (in Russian),1,Accepted with budget,Bachelor
26001199,Казахстан /,Психология / Psychology (in Russian); Графический дизайн / Graphic Design (in Russian); Искусства и гуманитарные науки / Arts and Humanities (in Russian),3,Accepted with budget,Bachelor
26001200,Казахстан /,Языкознание и литературоведение / Linguistics and Literary Studies (in Russian); Международные отношения / International Relations (in Russian); Журналистика и массовые коммуникации / Journalism and Mass Communication (in Russian),3,Accepted with budget,Bachelor
26001201,Египет /,Математика и компьютерные науки / Mathematics and Computer Science (in Russian); Графический дизайн / Graphic Design (in Russian),2,Accepted with budget,Bachelor
26001201,Египет /,Стоматология / Dental Medicine (in Russian),1,Accepted with budget,Specialist
26001202,Пакистан /,Математика и компьютерные науки / Mathematics and Computer Science (in Russian); Прикладная математика и процессы управления / Applied Mathematics and Control Processes (in Russian); Математика и механика / Mathematics and Mechanics (in Russian),3,Accepted with budget,Bachelor
26001203,"КОНГО, ДЕМОКРАТИЧЕСКАЯ РЕСПУБЛИКА /",Менеджмент и государственное и муниципальное управление / Management and Public Administration (in Russian),1,Accepted with budget,Bachelor
26001204,Пакистан /,Менеджмент (на английском языке) / Management (in English); Юриспруденция / Law (in Russian); Журналистика и массовые коммуникации / Journalism and Mass Communication (in Russian),3,Accepted with budget,Bachelor
26001205,Пакистан /,Стоматология (на английском языке) / Dental Medicine (in English),1,Accepted with budget,Specialist
26001206,ЛИВИЙСКАЯ АРАБСКАЯ ДЖАМАХИРИЯ /,Современная математика (на английском языке) / Modern Mathematics (in English); Прикладная математика и процессы управления (на английском языке) / Applied Mathematics and Control Processes (in English); Менеджмент (на английском языке) / Management (in English),3,Accepted with budget,Master
26001207,Алжир /,Стоматология (на английском языке) / Dental Medicine (in English); Стоматология / Dental Medicine (in Russian),2,Accepted with budget,Specialist
26001208,Марокко /,Искусства и гуманитарные науки / Arts and Humanities (in Russian),1,Accepted with budget,Master
26001209,Алжир /,Медицина (на английском языке) / Medicine (in English),1,Accepted with budget,Specialist
26001210,Казахстан /,Журналистика и массовые коммуникации / Journalism and Mass Communication (in Russian); Психология / Psychology (in Russian); Международные отношения / International Relations (in Russian),3,Accepted with budget,Master
26001211,Тунис /,Стоматология (на английском языке) / Dental Medicine (in English); Стоматология / Dental Medicine (in Russian),2,Accepted with budget,Specialist
26001212,Афганистан /,Экономика / Economics (in Russian); Менеджмент (на английском языке) / Management (in English); Деловая коммуникация на английском языке / Business Communication in English,3,Accepted with budget,Master
26001214,Южная Осетия /,Юриспруденция / Law (in Russian); Философия / Philosophy (in Russian); Социология / Sociology (in Russian),3,Accepted with budget,Bachelor
26001215,Камерун /,Журналистика и массовые коммуникации / Journalism and Mass Communication (in Russian),1,Accepted with budget,Bachelor
26001216,Афганистан /,Экономика / Economics (in Russian); Экономика (на английском языке) / Economics (in English); Менеджмент (на английском языке) / Management (in English),3,Accepted with budget,Master
26001217,Марокко /,Математика и компьютерные науки / Mathematics and Computer Science (in Russian),1,Accepted with budget,Bachelor
26001218,ТУРКМЕНИСТАН /,Психология / Psychology (in Russian); Международные отношения / International Relations (in Russian),2,Accepted with budget,Bachelor
26001218,ТУРКМЕНИСТАН /,Стоматология / Dental Medicine (in Russian),1,Accepted with budget,Specialist
26001219,СИРИЙСКАЯ АРАБСКАЯ РЕСПУБЛИКА /,Медицина / Medicine (in Russian); Медицина (на английском языке) / Medicine (in English),2,Accepted with budget,Specialist
26001219,СИРИЙСКАЯ АРАБСКАЯ РЕСПУБЛИКА /,Математика и компьютерные науки / Mathematics and Computer Science (in Russian),1,Accepted with budget,Bachelor
26001220,Пакистан /,Международные отношения (на английском языке) / International Relations (in English); Социология (на английском языке) / Sociology (in English); Культурология (на английском языке) / Cultural Studies (in English),3,Accepted with budget,Master
26001221,Пакистан /,Науки о Земле и окружающей среде / Earth and Environmental Sciences (in Russian); Химия / Chemistry (in Russian),2,Accepted with budget,Master
26001222,ТУРКМЕНИСТАН /,Дизайн среды / Environmental Design (in Russian),1,Accepted with budget,Bachelor
26001223,Камерун /,Стоматология / Dental Medicine (in Russian); Медицина / Medicine (in Russian),2,Accepted with budget,Specialist
26001223,Камерун /,Биология / Biology (in Russian),1,Accepted with budget,Bachelor
26001224,Нигерия /,Медицина (на английском языке) / Medicine (in English); Стоматология (на английском языке) / Dental Medicine (in English),2,Accepted with budget,Specialist
26001225,Нигерия /,Культурология (на английском языке) / Cultural Studies (in English); Менеджмент (на английском языке) / Management (in English); Международные отношения (на английском языке) / International Relations (in English),3,Accepted with budget,Master
26001226,Алжир /,Медицина (на английском языке) / Medicine (in English); Медицина / Medicine (in Russian),2,Accepted with budget,Specialist
26001227,Алжир /,Менеджмент (на английском языке) / Management (in English); Международные отношения / International Relations (in Russian); Менеджмент и государственное и муниципальное управление / Management and Public Administration (in Russian),3,Accepted with budget,Bachelor
26001228,"ПАЛЕСТИНА, ГОСУДАРСТВО /",Менеджмент и государственное и муниципальное управление / Management and Public Administration (in Russian),1,Accepted with budget,Master
26001229,Алжир /,Медицина (на английском языке) / Medicine (in English); Медицина / Medicine (in Russian),2,Accepted with budget,Specialist
26001230,Пакистан /,Менеджмент (на английском языке) / Management (in English),1,Accepted with budget,Bachelor
26001230,Пакистан /,Медицина (на английском языке) / Medicine (in English); Стоматология (на английском языке) / Dental Medicine (in English),2,Accepted with budget,Specialist
26001232,Узбекистан /,Медицина / Medicine (in Russian),1,Accepted with budget,Specialist
26001233,Казахстан /,Языкознание и литературоведение / Linguistics and Literary Studies (in Russian); Журналистика и массовые коммуникации / Journalism and Mass Communication (in Russian); Менеджмент и государственное и муниципальное управление / Management and Public Administration (in Russian),3,Accepted with budget,Bachelor
26001234,Беларусь /,Журналистика и массовые коммуникации / Journalism and Mass Communication (in Russian),1,Accepted with budget,Bachelor
26001235,"ИРАН, ИСЛАМСКАЯ РЕСПУБЛИКА /",Медицина (на английском языке) / Medicine (in English),1,Accepted with budget,Specialist
26001236,Камерун /,Стоматология / Dental Medicine (in Russian),1,Accepted with budget,Specialist
26001236,Камерун /,Физика / Physics (in Russian); Прикладная математика и процессы управления / Applied Mathematics and Control Processes (in Russian),2,Accepted with budget,Bachelor
26001237,Казахстан /,Теология / Theology (in Russian),1,Accepted with budget,Bachelor
26001238,Индонезия /,Культурология (на английском языке) / Cultural Studies (in English); Международные отношения (на английском языке) / International Relations (in English); Языкознание и литературоведение (на английском языке) / Foreign Languages (in English),3,Accepted with budget,Master
26001239,Нигерия /,Медицина (на английском языке) / Medicine (in English); Стоматология (на английском языке) / Dental Medicine (in English),2,Accepted with budget,Specialist
26001239,Нигерия /,Нефтегазовое дело / Petroleum Engineering (in Russian),1,Accepted with budget,Bachelor
26001240,Узбекистан /,Науки о Земле и окружающей среде / Earth and Environmental Sciences (in Russian); Менеджмент и государственное и муниципальное управление / Management and Public Administration (in Russian),2,Accepted with budget,Master
26001241,Казахстан /,Языкознание и литературоведение (на английском языке) / Foreign Languages (in English); Иностранные языки / Foreign Languages (in Russian); Языкознание и литературоведение / Linguistics and Literary Studies (in Russian),3,Accepted with budget,Master
26001242,Мексика /,Международные отношения (на английском языке) / International Relations (in English),1,Accepted with budget,Master
26001243,Узбекистан /,Науки о Земле / Earth Sciences (in Russian),1,Accepted with budget,Bachelor
26001244,Пакистан /,Физика (на английском языке) / Physics (in English); Современная математика (на английском языке) / Modern Mathematics (in English); Культурология (на английском языке) / Cultural Studies (in English),3,Accepted with budget,Master
26001245,Йемен /,Менеджмент и государственное и муниципальное управление / Management and Public Administration (in Russian); Международные отношения / International Relations (in Russian),2,Accepted with budget,Master
26001246,Италия /,Международные отношения / International Relations (in Russian); Журналистика и массовые коммуникации / Journalism and Mass Communication (in Russian); Иностранные языки / Foreign Languages (in Russian),3,Accepted with budget,Master
26001247,Эстония /,Стоматология (на английском языке) / Dental Medicine (in English); Стоматология / Dental Medicine (in Russian),2,Accepted with budget,Specialist
26001248,Гана /,Международные отношения (на английском языке) / International Relations (in English),1,Accepted with budget,Master
26001249,Узбекистан /,Менеджмент и государственное и муниципальное управление / Management and Public Administration (in Russian); Прикладная математика и процессы управления / Applied Mathematics and Control Processes (in Russian); Экономика / Economics (in Russian),3,Accepted with budget,Master
26001250,Нигерия /,Медицина (на английском языке) / Medicine (in English); Стоматология (на английском языке) / Dental Medicine (in English),2,Accepted with budget,Specialist
26001251,"ПАЛЕСТИНА, ГОСУДАРСТВО /",Математика и компьютерные науки / Mathematics and Computer Science (in Russian),1,Accepted with budget,Bachelor
26001252,Узбекистан /,Менеджмент и государственное и муниципальное управление / Management and Public Administration (in Russian); Международные отношения / International Relations (in Russian); Журналистика и массовые коммуникации / Journalism and Mass Communication (in Russian),3,Accepted with budget,Bachelor
26001253,Нигерия /,Экономика (на английском языке) / Economics (in English); Международные отношения (на английском языке) / International Relations (in English); Социология (на английском языке) / Sociology (in English),3,Accepted with budget,Master
26001254,Южный Судан /,Медицина (на английском языке) / Medicine (in English); Стоматология (на английском языке) / Dental Medicine (in English),2,Accepted with budget,Specialist
26001256,Пакистан /,Математика и компьютерные науки / Mathematics and Computer Science (in Russian); Прикладная математика и процессы управления / Applied Mathematics and Control Processes (in Russian); Физика / Physics (in Russian),3,Accepted with budget,Bachelor
26001257,Йемен /,Прикладная математика и процессы управления (на английском языке) / Applied Mathematics and Control Processes (in English); Современная математика (на английском языке) / Modern Mathematics (in English),2,Accepted with budget,Master
26001258,Египет /,Медицина (на английском языке) / Medicine (in English); Стоматология (на английском языке) / Dental Medicine (in English),2,Accepted with budget,Specialist
26001259,Нигерия /,Биология / Biology (in Russian); Науки о Земле и окружающей среде / Earth and Environmental Sciences (in Russian),2,Accepted with budget,Master
26001260,Беларусь /,Журналистика и массовые коммуникации / Journalism and Mass Communication (in Russian); Психология / Psychology (in Russian); Графический дизайн / Graphic Design (in Russian),3,Accepted with budget,Master
26001261,Йемен /,Менеджмент (на английском языке) / Management (in English); Деловая коммуникация на английском языке / Business Communication in English; Менеджмент и государственное и муниципальное управление / Management and Public Administration (in Russian),3,Accepted with budget,Master
26001262,Гвинея-Бисау /,Экономика / Economics (in Russian); Менеджмент и государственное и муниципальное управление / Management and Public Administration (in Russian); Международные отношения / International Relations (in Russian),3,Accepted with budget,Master
26001263,Пакистан /,Международные отношения (на английском языке) / International Relations (in English); Юриспруденция (на английском языке) / Law (in English); Деловая коммуникация на английском языке / Business Communication in English,3,Accepted with budget,Master
26001264,Судан /,Химия / Chemistry (in Russian); Биология / Biology (in Russian),2,Accepted with budget,Master
26001265,Южная Осетия /,Международные отношения / International Relations (in Russian); Английский язык / English,2,Accepted with budget,Bachelor
26001266,Пакистан /,Прикладная математика и процессы управления (на английском языке) / Applied Mathematics and Control Processes (in English); Менеджмент (на английском языке) / Management (in English); Физика (на английском языке) / Physics (in English),3,Accepted with budget,Master
26001267,Камерун /,Менеджмент и государственное и муниципальное управление / Management and Public Administration (in Russian); Менеджмент (на английском языке) / Management (in English),2,Accepted with budget,Master
26001268,Ливан /,Языкознание и литературоведение / Linguistics and Literary Studies (in Russian); Языкознание и литературоведение (на английском языке) / Foreign Languages (in English); Культурология (на английском языке) / Cultural Studies (in English),3,Accepted with budget,Master
26001269,КИТАЙ /,Журналистика и массовые коммуникации / Journalism and Mass Communication (in Russian),1,Accepted with budget,Master
26001270,Судан /,Деловая коммуникация на английском языке / Business Communication in English,1,Accepted with budget,Master
26001271,Судан /,Математика и компьютерные науки / Mathematics and Computer Science (in Russian); Графический дизайн / Graphic Design (in Russian); Нефтегазовое дело / Petroleum Engineering (in Russian),3,Accepted with budget,Bachelor
26001272,Бангладеш /,Языкознание и литературоведение (на английском языке) / Foreign Languages (in English); Социология (на английском языке) / Sociology (in English); Международные отношения (на английском языке) / International Relations (in English),3,Accepted with budget,Master
26001273,Малави /,Физическая культура / Physical Education (in Russian); Социология (на английском языке) / Sociology (in English); Педагогика / Pedagogy (in Russian),3,Accepted with budget,Master
26001274,Гана /,Менеджмент (на английском языке) / Management (in English),1,Accepted with budget,Bachelor
26001275,Казахстан /,Менеджмент (на английском языке) / Management (in English); Экономика / Economics (in Russian),2,Accepted with budget,Master
26001276,Йемен /,Менеджмент (на английском языке) / Management (in English); Международные отношения (на английском языке) / International Relations (in English); Экономика (на английском языке) / Economics (in English),3,Accepted with budget,Master
26001277,Алжир /,Нефтегазовая геология / Petroleum Geology (in Russian),1,Accepted with budget,Master
26001278,КИТАЙ /,Экономика / Economics (in Russian),1,Accepted with budget,Master
26001279,Пакистан /,Международные отношения / International Relations (in Russian),1,Accepted with budget,Bachelor
26001279,Пакистан /,Медицина (на английском языке) / Medicine (in English); Стоматология (на английском языке) / Dental Medicine (in English),2,Accepted with budget,Specialist
26001280,Мавритания /,Международные отношения (на английском языке) / International Relations (in English); Менеджмент (на английском языке) / Management (in English); Деловая коммуникация на английском языке / Business Communication in English,3,Accepted with budget,Master
26001281,Судан /,Языкознание и литературоведение / Linguistics and Literary Studies (in Russian),1,Accepted with budget,Master
26001282,Нигерия /,Графический дизайн / Graphic Design (in Russian); Менеджмент и государственное и муниципальное управление / Management and Public Administration (in Russian),2,Accepted with budget,Master
26001283,Египет /,Математика и компьютерные науки / Mathematics and Computer Science (in Russian); Графический дизайн / Graphic Design (in Russian); Нефтегазовое дело / Petroleum Engineering (in Russian),3,Accepted with budget,Bachelor
26001284,Пакистан /,Прикладная математика и процессы управления / Applied Mathematics and Control Processes (in Russian),1,Accepted with budget,Master
26001285,Нигерия /,Стоматология (на английском языке) / Dental Medicine (in English),1,Accepted with budget,Specialist
26001285,Нигерия /,Психология / Psychology (in Russian); Биология / Biology (in Russian),2,Accepted with budget,Bachelor
26001286,Судан /,Международные отношения (на английском языке) / International Relations (in English); Языкознание и литературоведение (на английском языке) / Foreign Languages (in English); Юриспруденция (на английском языке) / Law (in English),3,Accepted with budget,Master
26001287,КИРГИЗИЯ /,Юриспруденция / Law (in Russian); Менеджмент (на английском языке) / Management (in English),2,Accepted with budget,Master
26001288,Пакистан /,Биология / Biology (in Russian),1,Accepted with budget,Master
26001289,Пакистан /,Менеджмент (на английском языке) / Management (in English); Деловая коммуникация на английском языке / Business Communication in English,2,Accepted with budget,Master
26001290,"ПАЛЕСТИНА, ГОСУДАРСТВО /",Математика и компьютерные науки / Mathematics and Computer Science (in Russian),1,Accepted with budget,Bachelor
26001291,Йемен /,Химия / Chemistry (in Russian); Биология / Biology (in Russian); Математика и компьютерные науки / Mathematics and Computer Science (in Russian),3,Accepted with budget,Bachelor
26001292,ТУРКМЕНИСТАН /,Нефтегазовое дело / Petroleum Engineering (in Russian); Математика и компьютерные науки / Mathematics and Computer Science (in Russian); Прикладная математика и процессы управления / Applied Mathematics and Control Processes (in Russian),3,Accepted with budget,Bachelor
26001293,Казахстан /,Стоматология / Dental Medicine (in Russian),1,Accepted with budget,Specialist
26001294,Беларусь /,Стоматология / Dental Medicine (in Russian); Медицина / Medicine (in Russian),2,Accepted with budget,Specialist
26001295,Беларусь /,Стоматология / Dental Medicine (in Russian),1,Accepted with budget,Specialist
26001296,ТУРКМЕНИСТАН /,Медицина / Medicine (in Russian),1,Accepted with budget,Specialist
26001297,Беларусь /,Стоматология / Dental Medicine (in Russian),1,Accepted with budget,Specialist
26001298,Алжир /,Математика и компьютерные науки / Mathematics and Computer Science (in Russian),1,Accepted with budget,Bachelor
26001299,Нигерия /,Менеджмент и государственное и муниципальное управление / Management and Public Administration (in Russian); Социология / Sociology (in Russian); Политология / Political Science (in Russian),3,Accepted with budget,Bachelor
26001300,Алжир /,Математика и компьютерные науки / Mathematics and Computer Science (in Russian),1,Accepted with budget,Bachelor
26001301,Южный Судан /,Менеджмент (на английском языке) / Management (in English),1,Accepted with budget,Bachelor
26001302,Йемен /,Медицина / Medicine (in Russian); Стоматология / Dental Medicine (in Russian),2,Accepted with budget,Specialist
26001302,Йемен /,Математика и компьютерные науки / Mathematics and Computer Science (in Russian),1,Accepted with budget,Bachelor
26001303,Пакистан /,Искусства и гуманитарные науки / Arts and Humanities (in Russian); Международные отношения / International Relations (in Russian); Математика и компьютерные науки / Mathematics and Computer Science (in Russian),3,Accepted with budget,Bachelor
26001304,Казахстан /,Журналистика и массовые коммуникации / Journalism and Mass Communication (in Russian); Социология / Sociology (in Russian); Международные отношения / International Relations (in Russian),3,Accepted with budget,Bachelor
26001305,Российская Федерация /,Журналистика и массовые коммуникации / Journalism and Mass Communication (in Russian); Психология / Psychology (in Russian),2,Accepted with budget,Bachelor
26001306,Казахстан /,Физическая культура / Physical Education (in Russian); Прикладная математика и процессы управления / Applied Mathematics and Control Processes (in Russian); Международные отношения / International Relations (in Russian),3,Accepted with budget,Bachelor
26001307,Узбекистан /,Экономика / Economics (in Russian); Менеджмент (на английском языке) / Management (in English); Международные отношения / International Relations (in Russian),3,Accepted with budget,Bachelor
26001308,Йемен /,Менеджмент (на английском языке) / Management (in English); Международные отношения / International Relations (in Russian),2,Accepted with budget,Bachelor
26001309,Казахстан /,Физика / Physics (in Russian); Математика и механика / Mathematics and Mechanics (in Russian); Прикладная математика и процессы управления / Applied Mathematics and Control Processes (in Russian),3,Accepted with budget,Bachelor
26001310,Казахстан /,Менеджмент и государственное и муниципальное управление / Management and Public Administration (in Russian),1,Accepted with budget,Bachelor
26001311,Казахстан /,Графический дизайн / Graphic Design (in Russian); Декоративно-прикладное искусство / Applied Art (in Russian),2,Accepted with budget,Bachelor
26001312,Казахстан /,Менеджмент и государственное и муниципальное управление / Management and Public Administration (in Russian); Журналистика и массовые коммуникации / Journalism and Mass Communication (in Russian); Психология / Psychology (in Russian),3,Accepted with budget,Bachelor
26001313,Судан /,Психология / Psychology (in Russian); Языкознание и литературоведение / Linguistics and Literary Studies (in Russian); Социология / Sociology (in Russian),3,Accepted with budget,Bachelor
26001314,Казахстан /,Менеджмент и государственное и муниципальное управление / Management and Public Administration (in Russian),1,Accepted with budget,Bachelor
26001315,Казахстан /,Химия / Chemistry (in Russian),1,Accepted with budget,Bachelor
26001316,Бангладеш /,Математика и компьютерные науки / Mathematics and Computer Science (in Russian); Политология / Political Science (in Russian),2,Accepted with budget,Bachelor
26001317,Казахстан /,Языкознание и литературоведение / Linguistics and Literary Studies (in Russian),1,Accepted with budget,Bachelor
26001318,Нигерия /,Математика и компьютерные науки / Mathematics and Computer Science (in Russian); Математика и механика / Mathematics and Mechanics (in Russian),2,Accepted with budget,Bachelor
26001318,Нигерия /,Живопись / Painting (in Russian),1,Accepted with budget,Specialist
26001319,Узбекистан /,Менеджмент и государственное и муниципальное управление / Management and Public Administration (in Russian); Экономика / Economics (in Russian),2,Accepted with budget,Bachelor
26001320,Алжир /,Стоматология / Dental Medicine (in Russian),1,Accepted with budget,Specialist
26001320,Алжир /,Математика и компьютерные науки / Mathematics and Computer Science (in Russian); Менеджмент и государственное и муниципальное управление / Management and Public Administration (in Russian),2,Accepted with budget,Bachelor
26001321,Казахстан /,Дизайн среды / Environmental Design (in Russian),1,Accepted with budget,Bachelor
26001322,Пакистан /,Менеджмент (на английском языке) / Management (in English),1,Accepted with budget,PhD
26001323,Узбекистан /,Медицина / Medicine (in Russian),1,Accepted with budget,Specialist
26001324,Узбекистан /,Международные отношения / International Relations (in Russian),1,Accepted with budget,Bachelor
26001325,Узбекистан /,Английский язык / English; Языкознание и литературоведение / Linguistics and Literary Studies (in Russian); Журналистика и массовые коммуникации / Journalism and Mass Communication (in Russian),3,Accepted with budget,Bachelor
26001326,"МОЛДОВА, РЕСПУБЛИКА /",Психология / Psychology (in Russian); Журналистика и массовые коммуникации / Journalism and Mass Communication (in Russian); Международные отношения / International Relations (in Russian),3,Accepted with budget,Bachelor
26001327,Казахстан /,Языкознание и литературоведение / Linguistics and Literary Studies (in Russian); Педагогика / Pedagogy (in Russian),2,Accepted with budget,Master
26001328,Узбекистан /,Психология / Psychology (in Russian); Философия / Philosophy (in Russian),2,Accepted with budget,Bachelor
26001329,Казахстан /,Нефтегазовое дело / Petroleum Engineering (in Russian); Прикладная математика и процессы управления / Applied Mathematics and Control Processes (in Russian); Математика и компьютерные науки / Mathematics and Computer Science (in Russian),3,Accepted with budget,Bachelor
26001330,"ИРАН, ИСЛАМСКАЯ РЕСПУБЛИКА /",Стоматология / Dental Medicine (in Russian),1,Accepted with budget,Specialist
26001331,Йемен /,Нефтегазовая геология / Petroleum Geology (in Russian); Науки о Земле и окружающей среде / Earth and Environmental Sciences (in Russian),2,Accepted with budget,Master
26001332,Казахстан /,Журналистика и массовые коммуникации / Journalism and Mass Communication (in Russian); Социология / Sociology (in Russian); Международные отношения / International Relations (in Russian),3,Accepted with budget,Bachelor
26001333,КИТАЙ /,Журналистика и массовые коммуникации / Journalism and Mass Communication (in Russian),1,Accepted with budget,Bachelor
26001334,Казахстан /,Международные отношения / International Relations (in Russian); Политология / Political Science (in Russian); Юриспруденция / Law (in Russian),3,Accepted with budget,Bachelor
26001335,"ИРАН, ИСЛАМСКАЯ РЕСПУБЛИКА /",Стоматология (на английском языке) / Dental Medicine (in English); Стоматология / Dental Medicine (in Russian),2,Accepted with budget,Specialist
26001336,Нигерия /,Когнитивные науки / Cognitive Studies (in Russian); Психология / Psychology (in Russian); Менеджмент (на английском языке) / Management (in English),3,Accepted with budget,PhD
26001337,Индия /,Математика и компьютерные науки / Mathematics and Computer Science (in Russian),1,Accepted with budget,Bachelor
26001338,"ТАНЗАНИЯ, ОБЪЕДИНЕННАЯ РЕСПУБЛИКА /",Стоматология (на английском языке) / Dental Medicine (in English); Стоматология / Dental Medicine (in Russian),2,Accepted with budget,Specialist
26001339,Казахстан /,Экономика / Economics (in Russian); Физическая культура / Physical Education (in Russian); Английский язык / English,3,Accepted with budget,Bachelor
26001340,Алжир /,Стоматология (на английском языке) / Dental Medicine (in English); Стоматология / Dental Medicine (in Russian),2,Accepted with budget,Specialist
26001341,Казахстан /,Графический дизайн / Graphic Design (in Russian),1,Accepted with budget,Bachelor
26001342,Алжир /,Медицина (на английском языке) / Medicine (in English); Медицина / Medicine (in Russian),2,Accepted with budget,Specialist
26001343,Бенин /,Математика и компьютерные науки / Mathematics and Computer Science (in Russian),1,Accepted with budget,Bachelor
26001344,КИТАЙ /,Языкознание и литературоведение / Linguistics and Literary Studies (in Russian),1,Accepted with budget,PhD
26001345,Казахстан /,Медицина / Medicine (in Russian),1,Accepted with budget,Specialist
26001346,Таджикистан /,Востоковедение и африканистика / Asian and African Studies (in Russian); Юриспруденция / Law (in Russian),2,Accepted with budget,Bachelor
26001347,"МОЛДОВА, РЕСПУБЛИКА /",Журналистика и массовые коммуникации / Journalism and Mass Communication (in Russian); Юриспруденция / Law (in Russian); Экономика / Economics (in Russian),3,Accepted with budget,Bachelor
26001348,КИРГИЗИЯ /,Физическая культура / Physical Education (in Russian); Химия / Chemistry (in Russian); Биология / Biology (in Russian),3,Accepted with budget,Bachelor
26001349,Российская Федерация /,Математика и механика / Mathematics and Mechanics (in Russian),1,Accepted with budget,Bachelor
26001350,СИРИЙСКАЯ АРАБСКАЯ РЕСПУБЛИКА /,Медицина / Medicine (in Russian); Медицина (на английском языке) / Medicine (in English),2,Accepted with budget,Specialist
26001351,ТУРКМЕНИСТАН /,Нефтегазовое дело / Petroleum Engineering (in Russian); Международные отношения / International Relations (in Russian),2,Accepted with budget,Bachelor
26001352,"ПАЛЕСТИНА, ГОСУДАРСТВО /",Медицина (на английском языке) / Medicine (in English),1,Accepted with budget,Specialist
26001355,Нигерия /,Деловая коммуникация на английском языке / Business Communication in English,1,Accepted with budget,Master
26001356,КИТАЙ /,Менеджмент и государственное и муниципальное управление / Management and Public Administration (in Russian); Языкознание и литературоведение / Linguistics and Literary Studies (in Russian); Журналистика и массовые коммуникации / Journalism and Mass Communication (in Russian),3,Accepted with budget,Bachelor
26001357,Казахстан /,Менеджмент (на английском языке) / Management (in English); Науки о Земле и окружающей среде / Earth and Environmental Sciences (in Russian); Менеджмент / Management (in Russian),3,Accepted with budget,PhD
26001358,Марокко /,Стоматология (на английском языке) / Dental Medicine (in English),1,Accepted with budget,Specialist
26001359,Российская Федерация /,Менеджмент и государственное и муниципальное управление / Management and Public Administration (in Russian),1,Accepted with budget,Bachelor
26001360,Гана /,Экономика (на английском языке) / Economics (in English),1,Accepted with budget,Master
26001361,Алжир /,Менеджмент / Management (in Russian),1,Accepted with budget,PhD
26001362,Казахстан /,Менеджмент и государственное и муниципальное управление / Management and Public Administration (in Russian); Физическая культура / Physical Education (in Russian),2,Accepted with budget,Bachelor
26001363,Эфиопия /,Нефтегазовое дело / Petroleum Engineering (in Russian),1,Accepted with budget,Bachelor
26001364,Нигерия /,Биологические науки / Biological sciences (in Russian); Науки о Земле и окружающей среде / Earth and Environmental Sciences (in Russian),2,Accepted with budget,PhD
26001365,Судан /,Экономика / Economics (in Russian); Менеджмент и государственное и муниципальное управление / Management and Public Administration (in Russian); Юриспруденция / Law (in Russian),3,Accepted with budget,Bachelor
26001366,Нигерия /,Менеджмент (на английском языке) / Management (in English),1,Accepted with budget,Master
26001367,КИТАЙ /,Экономика / Economics (in Russian),1,Accepted with budget,Master
26001368,Гана /,Международные отношения (на английском языке) / International Relations (in English),1,Accepted with budget,Master
26001369,Судан /,Стоматология (на английском языке) / Dental Medicine (in English),1,Accepted with budget,Specialist
26001369,Судан /,Математика и компьютерные науки / Mathematics and Computer Science (in Russian); Химия / Chemistry (in Russian),2,Accepted with budget,Bachelor
26001370,Непал /,Экономика (на английском языке) / Economics (in English); Международные отношения (на английском языке) / International Relations (in English),2,Accepted with budget,Master
26001371,Нигерия /,Биология / Biology (in Russian); Науки о Земле и окружающей среде / Earth and Environmental Sciences (in Russian),2,Accepted with budget,Master
26001372,ТУРКМЕНИСТАН /,Науки о Земле и окружающей среде / Earth and Environmental Sciences (in Russian); Журналистика и массовые коммуникации / Journalism and Mass Communication (in Russian),2,Accepted with budget,Master
26001373,Казахстан /,Математика и механика / Mathematics and Mechanics (in Russian); Экономика / Economics (in Russian); Прикладная математика и процессы управления / Applied Mathematics and Control Processes (in Russian),3,Accepted with budget,Bachelor
26001374,Казахстан /,Теология / Theology (in Russian),1,Accepted with budget,Master
26001375,Афганистан /,Экономика / Economics (in Russian); Деловая коммуникация на английском языке / Business Communication in English; Международные отношения (на английском языке) / International Relations (in English),3,Accepted with budget,Master
26001377,Пакистан /,Медицина (на английском языке) / Medicine (in English); Стоматология (на английском языке) / Dental Medicine (in English),2,Accepted with budget,Specialist
26001377,Пакистан /,Международные отношения / International Relations (in Russian),1,Accepted with budget,Bachelor
26001378,Азербайджан /,Медиакоммуникации и журналистика / Mediacommunications and Journalism (in Russian),1,Accepted with budget,PhD
26001379,Пакистан /,Менеджмент (на английском языке) / Management (in English),1,Accepted with budget,Bachelor
26001379,Пакистан /,Стоматология (на английском языке) / Dental Medicine (in English); Медицина (на английском языке) / Medicine (in English),2,Accepted with budget,Specialist
26001380,Узбекистан /,Языкознание и литературоведение / Linguistics and Literary Studies (in Russian),1,Accepted with budget,Master
26001381,Афганистан /,Менеджмент и государственное и муниципальное управление / Management and Public Administration (in Russian); Менеджмент (на английском языке) / Management (in English); Международные отношения / International Relations (in Russian),3,Accepted with budget,Bachelor
26001382,Нигерия /,Деловая коммуникация на английском языке / Business Communication in English; Менеджмент (на английском языке) / Management (in English); Математика и механика (на английском языке) / Mathematics and Mechanics (in English),3,Accepted with budget,Master
26001383,Таджикистан /,Психология / Psychology (in Russian); Философия / Philosophy (in Russian); Социология / Sociology (in Russian),3,Accepted with budget,Bachelor
26001384,Узбекистан /,История / History (in Russian),1,Accepted with budget,Bachelor
26001385,Азербайджан /,Юриспруденция / Law (in Russian),1,Accepted with budget,Bachelor
26001386,Мали /,Математика и компьютерные науки / Mathematics and Computer Science (in Russian); Прикладная математика и процессы управления / Applied Mathematics and Control Processes (in Russian); Экономика / Economics (in Russian),3,Accepted with budget,Bachelor
26001387,Казахстан /,Математика и компьютерные науки / Mathematics and Computer Science (in Russian); Физика / Physics (in Russian); Журналистика и массовые коммуникации / Journalism and Mass Communication (in Russian),3,Accepted with budget,Bachelor
26001388,Нигерия /,Психология / Psychology (in Russian); Менеджмент (на английском языке) / Management (in English); Международные отношения (на английском языке) / International Relations (in English),3,Accepted with budget,Master
26001389,Нигерия /,Менеджмент (на английском языке) / Management (in English),1,Accepted with budget,Master
26001390,Пакистан /,Юриспруденция (на английском языке) / Law (in English),1,Accepted with budget,Master
26001391,КИТАЙ /,Международные отношения / International Relations (in Russian); Политология / Political Science (in Russian),2,Accepted with budget,Bachelor
26001392,Эфиопия /,Менеджмент (на английском языке) / Management (in English),1,Accepted with budget,PhD
26001393,Алжир /,Прикладная математика и процессы управления / Applied Mathematics and Control Processes (in Russian),1,Accepted with budget,Bachelor
26001394,КИТАЙ /,Языкознание и литературоведение / Linguistics and Literary Studies (in Russian),1,Accepted with budget,PhD
26001395,Нигерия /,Менеджмент (на английском языке) / Management (in English); Экономика (на английском языке) / Economics (in English); Менеджмент и государственное и муниципальное управление / Management and Public Administration (in Russian),3,Accepted with budget,Master
26001396,Узбекистан /,Юриспруденция / Law (in Russian),1,Accepted with budget,Bachelor
26001397,Нигер /,Математика и механика (на английском языке) / Mathematics and Mechanics (in English),1,Accepted with budget,PhD
26001398,Бангладеш /,Международные отношения / International Relations (in Russian),1,Accepted with budget,Bachelor
26001399,Бангладеш /,Менеджмент (на английском языке) / Management (in English); Экономика (на английском языке) / Economics (in English); Языкознание и литературоведение (на английском языке) / Foreign Languages (in English),3,Accepted with budget,Master
26001400,"МОЛДОВА, РЕСПУБЛИКА /",Медицина / Medicine (in Russian); Стоматология / Dental Medicine (in Russian),2,Accepted with budget,Specialist
26001401,ТУРКМЕНИСТАН /,Международные отношения / International Relations (in Russian); Менеджмент и государственное и муниципальное управление / Management and Public Administration (in Russian); Юриспруденция / Law (in Russian),3,Accepted with budget,Bachelor
26001402,Египет /,Языкознание и литературоведение / Linguistics and Literary Studies (in Russian); Науки о Земле / Earth Sciences (in Russian),2,Accepted with budget,Bachelor
26001403,Нигерия /,Экономика / Economics (in Russian); Прикладная математика и процессы управления (на английском языке) / Applied Mathematics and Control Processes (in English); Современная математика (на английском языке) / Modern Mathematics (in English),3,Accepted with budget,Master
26001404,Гана /,Менеджмент (на английском языке) / Management (in English),1,Accepted with budget,PhD
26001405,Индия /,Международные отношения (на английском языке) / International Relations (in English); Менеджмент (на английском языке) / Management (in English); Экономика (на английском языке) / Economics (in English),3,Accepted with budget,Master
26001406,"ПАЛЕСТИНА, ГОСУДАРСТВО /",Нефтегазовое дело / Petroleum Engineering (in Russian); Математика и компьютерные науки / Mathematics and Computer Science (in Russian),2,Accepted with budget,Bachelor
26001406,"ПАЛЕСТИНА, ГОСУДАРСТВО /",Медицина / Medicine (in Russian),1,Accepted with budget,Specialist
26001407,Индонезия /,Биологические науки / Biological sciences (in Russian),1,Accepted with budget,PhD
26001408,Алжир /,Физика / Physics (in Russian),1,Accepted with budget,Bachelor
26001409,Пакистан /,Медицина (на английском языке) / Medicine (in English); Медицина / Medicine (in Russian); Стоматология (на английском языке) / Dental Medicine (in English),3,Accepted with budget,Specialist
26001410,Ирак /,Нефтегазовая геология / Petroleum Geology (in Russian); Науки о Земле и окружающей среде / Earth and Environmental Sciences (in Russian),2,Accepted with budget,Master
26001411,Эфиопия /,Менеджмент (на английском языке) / Management (in English); Деловая коммуникация на английском языке / Business Communication in English; Международные отношения (на английском языке) / International Relations (in English),3,Accepted with budget,Master
26001412,Эфиопия /,Менеджмент (на английском языке) / Management (in English); Экономика (на английском языке) / Economics (in English); Менеджмент и государственное и муниципальное управление / Management and Public Administration (in Russian),3,Accepted with budget,Master
26001414,Йемен /,Международные отношения / International Relations (in Russian); Журналистика и массовые коммуникации / Journalism and Mass Communication (in Russian),2,Accepted with budget,Bachelor
26001415,Пакистан /,Журналистика и массовые коммуникации / Journalism and Mass Communication (in Russian); Деловая коммуникация на английском языке / Business Communication in English,2,Accepted with budget,Master
26001416,Казахстан /,Менеджмент и государственное и муниципальное управление / Management and Public Administration (in Russian); Социология / Sociology (in Russian); Психология / Psychology (in Russian),3,Accepted with budget,Master
26001417,Мавритания /,Языкознание и литературоведение (на французском языке) / Linguistics and Literary Studies (in French),1,Accepted with budget,Master
26001418,Гана /,Международные отношения (на английском языке) / International Relations (in English),1,Accepted with budget,Master
26001419,Египет /,Химия / Chemistry (in Russian),1,Accepted with budget,Bachelor
26001419,Египет /,Медицина (на английском языке) / Medicine (in English); Стоматология (на английском языке) / Dental Medicine (in English),2,Accepted with budget,Specialist
26001420,Алжир /,Менеджмент (на английском языке) / Management (in English),1,Accepted with budget,Bachelor
26001420,Алжир /,Стоматология (на английском языке) / Dental Medicine (in English); Медицина (на английском языке) / Medicine (in English),2,Accepted with budget,Specialist
26001421,КИТАЙ /,Языкознание и литературоведение / Linguistics and Literary Studies (in Russian),1,Accepted with budget,Bachelor
26001422,Алжир /,Международные отношения / International Relations (in Russian); Журналистика и массовые коммуникации / Journalism and Mass Communication (in Russian); Математика и механика / Mathematics and Mechanics (in Russian),3,Accepted with budget,Bachelor
26001423,Нигерия /,Нефтегазовое дело / Petroleum Engineering (in Russian),1,Accepted with budget,Bachelor
26001424,Нигерия /,Менеджмент (на английском языке) / Management (in English); Прикладная математика и процессы управления / Applied Mathematics and Control Processes (in Russian),2,Accepted with budget,Bachelor
26001425,Нигерия /,Математика и компьютерные науки / Mathematics and Computer Science (in Russian),1,Accepted with budget,Bachelor
26001426,Беларусь /,Английский язык / English,1,Accepted with budget,Bachelor
26001427,Беларусь /,Биология / Biology (in Russian),1,Accepted with budget,Bachelor
26001428,Бенин /,Международные отношения / International Relations (in Russian),1,Accepted with budget,Bachelor
26001429,Таджикистан /,Юриспруденция / Law (in Russian); Политология / Political Science (in Russian); История / History (in Russian),3,Accepted with budget,Bachelor
26001430,Казахстан /,Экономика / Economics (in Russian); Менеджмент и государственное и муниципальное управление / Management and Public Administration (in Russian); Психология / Psychology (in Russian),3,Accepted with budget,Bachelor
26001431,Пакистан /,Медицина (на английском языке) / Medicine (in English),1,Accepted with budget,Specialist
26001432,Казахстан /,Менеджмент и государственное и муниципальное управление / Management and Public Administration (in Russian); Психология / Psychology (in Russian),2,Accepted with budget,Bachelor
26001433,Нигерия /,Графический дизайн / Graphic Design (in Russian),1,Accepted with budget,Bachelor
26001433,Нигерия /,Стоматология (на английском языке) / Dental Medicine (in English),1,Accepted with budget,Specialist
26001434,Узбекистан /,История / History (in Russian),1,Accepted with budget,Bachelor
26001435,Йемен /,Медицина (на английском языке) / Medicine (in English); Медицина / Medicine (in Russian); Стоматология (на английском языке) / Dental Medicine (in English),3,Accepted with budget,Specialist
26001436,Казахстан /,Журналистика и массовые коммуникации / Journalism and Mass Communication (in Russian),1,Accepted with budget,Bachelor
26001436,Казахстан /,Стоматология / Dental Medicine (in Russian); Медицина / Medicine (in Russian),2,Accepted with budget,Specialist
26001437,Эфиопия /,Математика и компьютерные науки / Mathematics and Computer Science (in Russian); Менеджмент (на английском языке) / Management (in English); Международные отношения / International Relations (in Russian),3,Accepted with budget,Bachelor
26001439,Нигерия /,Политология / Political Science (in Russian); Международные отношения / International Relations (in Russian); Английский язык / English,3,Accepted with budget,Bachelor
26001440,Египет /,Медицина / Medicine (in Russian); Медицина (на английском языке) / Medicine (in English); Стоматология (на английском языке) / Dental Medicine (in English),3,Accepted with budget,Specialist
26001441,Узбекистан /,Менеджмент и государственное и муниципальное управление / Management and Public Administration (in Russian); Менеджмент (на английском языке) / Management (in English); Международные отношения / International Relations (in Russian),3,Accepted with budget,Bachelor
26001442,ГВАДЕЛУПА /,Медицина (на английском языке) / Medicine (in English); Медицина / Medicine (in Russian),2,Accepted with budget,Specialist
26001443,Турция /,Международные отношения / International Relations (in Russian),1,Accepted with budget,Bachelor
26001444,Алжир /,Менеджмент (на английском языке) / Management (in English); Международные отношения / International Relations (in Russian),2,Accepted with budget,Bachelor
26001445,КИТАЙ /,Менеджмент (на английском языке) / Management (in English); Международные отношения / International Relations (in Russian); Политология / Political Science (in Russian),3,Accepted with budget,PhD
26001446,КИТАЙ /,Философия / Philosophy (in Russian); Социология / Sociology (in Russian),2,Accepted with budget,PhD
26001447,Узбекистан /,Английский язык / English; Менеджмент (на английском языке) / Management (in English); Психология / Psychology (in Russian),3,Accepted with budget,Bachelor
26001448,Йемен /,Международные отношения / International Relations (in Russian); Экономика / Economics (in Russian); Менеджмент / Management (in Russian),3,Accepted with budget,PhD
26001449,КИРГИЗИЯ /,Психология / Psychology (in Russian),1,Accepted with budget,Bachelor
26001450,Казахстан /,Экономика / Economics (in Russian),1,Accepted with budget,Bachelor
26001451,Египет /,Биологические науки / Biological sciences (in Russian),1,Accepted with budget,PhD
26001452,Узбекистан /,Математика и компьютерные науки / Mathematics and Computer Science (in Russian); Прикладная математика и процессы управления / Applied Mathematics and Control Processes (in Russian); Математика и механика / Mathematics and Mechanics (in Russian),3,Accepted with budget,Bachelor
26001453,Казахстан /,Математика и компьютерные науки / Mathematics and Computer Science (in Russian),1,Accepted with budget,Bachelor
26001454,КИТАЙ /,Языкознание и литературоведение / Linguistics and Literary Studies (in Russian); Международные отношения / International Relations (in Russian); Политология / Political Science (in Russian),3,Accepted with budget,PhD
26001455,Афганистан /,Менеджмент и государственное и муниципальное управление / Management and Public Administration (in Russian); Международные отношения / International Relations (in Russian); Экономика / Economics (in Russian),3,Accepted with budget,Bachelor
26001456,СИРИЙСКАЯ АРАБСКАЯ РЕСПУБЛИКА /,Стоматология / Dental Medicine (in Russian); Медицина / Medicine (in Russian),2,Accepted with budget,Specialist
26001457,Пакистан /,Менеджмент (на английском языке) / Management (in English),1,Accepted with budget,PhD
26001458,КИТАЙ /,Компьютерные науки и информационные технологии / Computer Science and Information Technology (in Russian); Экономика / Economics (in Russian),2,Accepted with budget,PhD
26001459,Алжир /,Менеджмент (на английском языке) / Management (in English),1,Accepted with budget,Bachelor
26001460,Нигерия /,Менеджмент (на английском языке) / Management (in English),1,Accepted with budget,PhD
26001461,"ИРАН, ИСЛАМСКАЯ РЕСПУБЛИКА /",Стоматология (на английском языке) / Dental Medicine (in English); Стоматология / Dental Medicine (in Russian),2,Accepted with budget,Specialist
26001462,Пакистан /,Менеджмент (на английском языке) / Management (in English),1,Accepted with budget,PhD
26001463,Нигерия /,Физика (на английском языке) / Physics (in English),1,Accepted with budget,Master
26001464,Казахстан /,Менеджмент (на английском языке) / Management (in English); Социология / Sociology (in Russian); Журналистика и массовые коммуникации / Journalism and Mass Communication (in Russian),3,Accepted with budget,Bachelor
26001465,Нигерия /,Медицина (на английском языке) / Medicine (in English),1,Accepted with budget,Specialist
26001466,КИТАЙ /,Языкознание и литературоведение / Linguistics and Literary Studies (in Russian),1,Accepted with budget,PhD
26001468,Пакистан /,Менеджмент (на английском языке) / Management (in English); Экономика (на английском языке) / Economics (in English); Деловая коммуникация на английском языке / Business Communication in English,3,Accepted with budget,Master
26001469,Казахстан /,Менеджмент и государственное и муниципальное управление / Management and Public Administration (in Russian); Экономика / Economics (in Russian),2,Accepted with budget,Bachelor
26001470,Беларусь /,Стоматология / Dental Medicine (in Russian),1,Accepted with budget,Specialist
26001471,Гамбия /,Менеджмент (на английском языке) / Management (in English); Международные отношения / International Relations (in Russian),2,Accepted with budget,PhD
26001472,Нигерия /,Прикладная математика и процессы управления (на английском языке) / Applied Mathematics and Control Processes (in English),1,Accepted with budget,Master
26001473,Ботсвана /,Медицина / Medicine (in Russian),1,Accepted with budget,Specialist
26001474,СИРИЙСКАЯ АРАБСКАЯ РЕСПУБЛИКА /,Прикладная математика и процессы управления (на английском языке) / Applied Mathematics and Control Processes (in English); Менеджмент (на английском языке) / Management (in English),2,Accepted with budget,Master
26001475,Таджикистан /,Журналистика и массовые коммуникации / Journalism and Mass Communication (in Russian); Менеджмент (на английском языке) / Management (in English); Социология / Sociology (in Russian),3,Accepted with budget,Bachelor
26001476,Йемен /,Компьютерные науки и информационные технологии / Computer Science and Information Technology (in Russian); Физические науки / Physical Sciences (in Russian); Химические науки / Chemical Sciences (in Russian),3,Accepted with budget,PhD
26001477,Казахстан /,Математика и механика / Mathematics and Mechanics (in Russian); Прикладная математика и процессы управления / Applied Mathematics and Control Processes (in Russian),2,Accepted with budget,Master
26001478,Нигерия /,Деловая коммуникация на английском языке / Business Communication in English; Менеджмент (на английском языке) / Management (in English); Химия / Chemistry (in Russian),3,Accepted with budget,Master
26001479,Казахстан /,Физика / Physics (in Russian),1,Accepted with budget,Bachelor
26001480,Афганистан /,Науки о Земле и окружающей среде / Earth and Environmental Sciences (in Russian); Культурология (на английском языке) / Cultural Studies (in English),2,Accepted with budget,Master
26001481,Пакистан /,Международные отношения (на английском языке) / International Relations (in English),1,Accepted with budget,Master
26001482,Нигерия /,Биология / Biology (in Russian); Психология / Psychology (in Russian),2,Accepted with budget,Bachelor
26001482,Нигерия /,Медицина (на английском языке) / Medicine (in English),1,Accepted with budget,Specialist
26001483,Индонезия /,Международные отношения (на английском языке) / International Relations (in English); Международные отношения / International Relations (in Russian),2,Accepted with budget,Master
26001484,Йемен /,Физическая культура / Physical Education (in Russian),1,Accepted with budget,Master
26001485,Замбия /,Математика и механика / Mathematics and Mechanics (in Russian),1,Accepted with budget,Bachelor
26001486,Узбекистан /,Юриспруденция / Law (in Russian),1,Accepted with budget,Bachelor
26001487,КОНГО /,Языкознание и литературоведение (на французском языке) / Linguistics and Literary Studies (in French); Иностранные языки / Foreign Languages (in Russian); Востоковедение и африканистика / Asian and African Studies (in Russian),3,Accepted with budget,Master
26001489,Пакистан /,Деловая коммуникация на английском языке / Business Communication in English; Менеджмент (на английском языке) / Management (in English); Экономика (на английском языке) / Economics (in English),3,Accepted with budget,Master
26001490,Азербайджан /,Юриспруденция / Law (in Russian),1,Accepted with budget,Master
26001491,Афганистан /,Экономика / Economics (in Russian); Менеджмент и государственное и муниципальное управление / Management and Public Administration (in Russian); Социология / Sociology (in Russian),3,Accepted with budget,Bachelor
26001492,СИРИЙСКАЯ АРАБСКАЯ РЕСПУБЛИКА /,Медицина (на английском языке) / Medicine (in English); Медицина / Medicine (in Russian),2,Accepted with budget,Specialist
26001492,СИРИЙСКАЯ АРАБСКАЯ РЕСПУБЛИКА /,Менеджмент (на английском языке) / Management (in English),1,Accepted with budget,Bachelor
26001493,СИРИЙСКАЯ АРАБСКАЯ РЕСПУБЛИКА /,Стоматология / Dental Medicine (in Russian); Стоматология (на английском языке) / Dental Medicine (in English),2,Accepted with budget,Specialist
26001493,СИРИЙСКАЯ АРАБСКАЯ РЕСПУБЛИКА /,Менеджмент и государственное и муниципальное управление / Management and Public Administration (in Russian),1,Accepted with budget,Bachelor
26001494,Нигерия /,Химия / Chemistry (in Russian); Биология / Biology (in Russian),2,Accepted with budget,Master
26001495,Нигерия /,Языкознание и литературоведение (на английском языке) / Foreign Languages (in English); Международные отношения (на английском языке) / International Relations (in English),2,Accepted with budget,Master
26001496,Казахстан /,Менеджмент и государственное и муниципальное управление / Management and Public Administration (in Russian); Экономика / Economics (in Russian); Журналистика и массовые коммуникации / Journalism and Mass Communication (in Russian),3,Accepted with budget,Bachelor
26001497,Алжир /,Науки о Земле и окружающей среде / Earth and Environmental Sciences (in Russian),1,Accepted with budget,Master
26001498,КИТАЙ /,Языкознание и литературоведение / Linguistics and Literary Studies (in Russian); Психология / Psychology (in Russian); Журналистика и массовые коммуникации / Journalism and Mass Communication (in Russian),3,Accepted with budget,Master
26001499,Турция /,Международные отношения (на английском языке) / International Relations (in English),1,Accepted with budget,Master
26001500,ТУРКМЕНИСТАН /,Психология / Psychology (in Russian); Биология / Biology (in Russian); Международные отношения / International Relations (in Russian),3,Accepted with budget,Bachelor
26001501,"ПАЛЕСТИНА, ГОСУДАРСТВО /",Менеджмент и государственное и муниципальное управление / Management and Public Administration (in Russian); Журналистика и массовые коммуникации / Journalism and Mass Communication (in Russian); Международные отношения / International Relations (in Russian),3,Accepted with budget,Bachelor
26001502,Пакистан /,Медицина (на английском языке) / Medicine (in English); Стоматология (на английском языке) / Dental Medicine (in English),2,Accepted with budget,Specialist
26001503,СИРИЙСКАЯ АРАБСКАЯ РЕСПУБЛИКА /,Менеджмент и государственное и муниципальное управление / Management and Public Administration (in Russian),1,Accepted with budget,Master
26001504,Узбекистан /,Психология / Psychology (in Russian); Менеджмент и государственное и муниципальное управление / Management and Public Administration (in Russian); Физическая культура / Physical Education (in Russian),3,Accepted with budget,Master
26001505,Казахстан /,Языкознание и литературоведение / Linguistics and Literary Studies (in Russian),1,Accepted with budget,Bachelor
26001506,Бангладеш /,Медицина (на английском языке) / Medicine (in English),1,Accepted with budget,Specialist
26001507,Казахстан /,Юриспруденция / Law (in Russian),1,Accepted with budget,Bachelor
26001508,СИРИЙСКАЯ АРАБСКАЯ РЕСПУБЛИКА /,Медицина / Medicine (in Russian); Медицина (на английском языке) / Medicine (in English); Стоматология / Dental Medicine (in Russian),3,Accepted with budget,Specialist
26001509,СИРИЙСКАЯ АРАБСКАЯ РЕСПУБЛИКА /,Международные отношения (на английском языке) / International Relations (in English); Деловая коммуникация на английском языке / Business Communication in English,2,Accepted with budget,Master
26001510,Нигерия /,Журналистика и массовые коммуникации / Journalism and Mass Communication (in Russian); Деловая коммуникация на английском языке / Business Communication in English; Искусства и гуманитарные науки / Arts and Humanities (in Russian),3,Accepted with budget,Master
26001511,Нигерия /,Менеджмент (на английском языке) / Management (in English); Экономика / Economics (in Russian),2,Accepted with budget,Bachelor
26001512,"КОНГО, ДЕМОКРАТИЧЕСКАЯ РЕСПУБЛИКА /",Международные отношения / International Relations (in Russian),1,Accepted with budget,Bachelor
26001513,Узбекистан /,Стоматология / Dental Medicine (in Russian),1,Accepted with budget,Specialist
26001514,Мали /,Экономика / Economics (in Russian),1,Accepted with budget,Bachelor
26001515,ТУРКМЕНИСТАН /,Медицина / Medicine (in Russian),1,Accepted with budget,Specialist
26001516,ТУРКМЕНИСТАН /,Языкознание и литературоведение / Linguistics and Literary Studies (in Russian); Английский язык / English; Менеджмент (на английском языке) / Management (in English),3,Accepted with budget,Bachelor
26001517,Пакистан /,Деловая коммуникация на английском языке / Business Communication in English; Культурология (на английском языке) / Cultural Studies (in English),2,Accepted with budget,Master
26001518,Судан /,Математика и компьютерные науки / Mathematics and Computer Science (in Russian); Менеджмент (на английском языке) / Management (in English),2,Accepted with budget,Bachelor
26001519,Пакистан /,Биология / Biology (in Russian); Науки о Земле и окружающей среде / Earth and Environmental Sciences (in Russian); Физическая культура / Physical Education (in Russian),3,Accepted with budget,Master
26001520,Индонезия /,Международные отношения (на английском языке) / International Relations (in English),1,Accepted with budget,Master
26001521,Беларусь /,Журналистика и массовые коммуникации / Journalism and Mass Communication (in Russian); Менеджмент и государственное и муниципальное управление / Management and Public Administration (in Russian); Международные отношения / International Relations (in Russian),3,Accepted with budget,Bachelor
26001522,Эфиопия /,Менеджмент (на английском языке) / Management (in English); Международные отношения (на английском языке) / International Relations (in English),2,Accepted with budget,Master
26001523,Бангладеш /,Иностранные языки / Foreign Languages (in Russian); Востоковедение и африканистика / Asian and African Studies (in Russian),2,Accepted with budget,Master
26001524,Египет /,Стоматология (на английском языке) / Dental Medicine (in English),1,Accepted with budget,Specialist
26001524,Египет /,Менеджмент (на английском языке) / Management (in English),1,Accepted with budget,Bachelor
26001525,Эфиопия /,Экономика (на английском языке) / Economics (in English); Менеджмент (на английском языке) / Management (in English); Деловая коммуникация на английском языке / Business Communication in English,3,Accepted with budget,Master
26001526,Бангладеш /,Международные отношения / International Relations (in Russian); Международные отношения (на английском языке) / International Relations (in English); Менеджмент и государственное и муниципальное управление / Management and Public Administration (in Russian),3,Accepted with budget,Master
26001527,Казахстан /,Дизайн среды / Environmental Design (in Russian),1,Accepted with budget,Bachelor
26001528,Йемен /,Медицина / Medicine (in Russian),1,Accepted with budget,Specialist
26001529,Тунис /,Дизайн среды / Environmental Design (in Russian); Графический дизайн / Graphic Design (in Russian),2,Accepted with budget,Bachelor
26001529,Тунис /,Стоматология (на английском языке) / Dental Medicine (in English),1,Accepted with budget,Specialist
26001530,"ПАЛЕСТИНА, ГОСУДАРСТВО /",Медицина (на английском языке) / Medicine (in English); Медицина / Medicine (in Russian),2,Accepted with budget,Specialist
26001531,"ПАЛЕСТИНА, ГОСУДАРСТВО /",Медицина (на английском языке) / Medicine (in English),1,Accepted with budget,Specialist
26001532,Йемен /,Медицина / Medicine (in Russian),1,Accepted with budget,Specialist
26001533,"ИРАН, ИСЛАМСКАЯ РЕСПУБЛИКА /",Медицина (на английском языке) / Medicine (in English),1,Accepted with budget,Specialist
26001534,"ИРАН, ИСЛАМСКАЯ РЕСПУБЛИКА /",Стоматология (на английском языке) / Dental Medicine (in English),1,Accepted with budget,Specialist
26001535,Пакистан /,Менеджмент (на английском языке) / Management (in English),1,Accepted with budget,Bachelor
26001535,Пакистан /,Медицина (на английском языке) / Medicine (in English); Стоматология (на английском языке) / Dental Medicine (in English),2,Accepted with budget,Specialist
26001536,Нигерия /,Медицина (на английском языке) / Medicine (in English); Стоматология (на английском языке) / Dental Medicine (in English),2,Accepted with budget,Specialist
26001536,Нигерия /,Менеджмент (на английском языке) / Management (in English),1,Accepted with budget,Bachelor
26001537,Судан /,Медицина (на английском языке) / Medicine (in English); Стоматология (на английском языке) / Dental Medicine (in English),2,Accepted with budget,Specialist
26001538,Южный Судан /,Медицина (на английском языке) / Medicine (in English),1,Accepted with budget,Specialist
26001539,Египет /,Медицина (на английском языке) / Medicine (in English); Медицина / Medicine (in Russian),2,Accepted with budget,Specialist
26001540,Бангладеш /,Менеджмент (на английском языке) / Management (in English); Экономика / Economics (in Russian),2,Accepted with budget,Bachelor
26001540,Бангладеш /,Медицина (на английском языке) / Medicine (in English),1,Accepted with budget,Specialist
26001541,СИРИЙСКАЯ АРАБСКАЯ РЕСПУБЛИКА /,Медицина (на английском языке) / Medicine (in English); Медицина / Medicine (in Russian),2,Accepted with budget,Specialist
26001542,Беларусь /,Стоматология / Dental Medicine (in Russian),1,Accepted with budget,Specialist
26001542,Беларусь /,Химия / Chemistry (in Russian); Биология / Biology (in Russian),2,Accepted with budget,Bachelor
26001543,Казахстан /,Медицина / Medicine (in Russian),1,Accepted with budget,Specialist
26001544,"ПАЛЕСТИНА, ГОСУДАРСТВО /",Медицина (на английском языке) / Medicine (in English),1,Accepted with budget,Specialist
26001545,Алжир /,Стоматология (на английском языке) / Dental Medicine (in English); Стоматология / Dental Medicine (in Russian),2,Accepted with budget,Specialist
26001546,Судан /,Медицина (на английском языке) / Medicine (in English),1,Accepted with budget,Specialist
26001547,Украина /,Графический дизайн / Graphic Design (in Russian),1,Accepted with budget,Bachelor
26001548,Казахстан /,Математика и компьютерные науки / Mathematics and Computer Science (in Russian); Прикладная математика и процессы управления / Applied Mathematics and Control Processes (in Russian),2,Accepted with budget,Bachelor
26001549,Таджикистан /,Медицина / Medicine (in Russian); Стоматология / Dental Medicine (in Russian),2,Accepted with budget,Specialist
26001550,ТУРКМЕНИСТАН /,Медицина / Medicine (in Russian),1,Accepted with budget,PhD
26001551,Турция /,Юриспруденция (на английском языке) / Law (in English); Экономика (на английском языке) / Economics (in English); Языкознание и литературоведение (на немецком языке) / Linguistics and Literary Studies (in German),3,Accepted with budget,Master
26001552,Алжир /,Биологические науки / Biological sciences (in Russian); Компьютерные науки и информационные технологии / Computer Science and Information Technology (in Russian); Физические науки / Physical Sciences (in Russian),3,Accepted with budget,PhD
26001553,Нигерия /,Биологические науки / Biological sciences (in Russian); Медицина / Medicine (in Russian); Компьютерные науки и информационные технологии / Computer Science and Information Technology (in Russian),3,Accepted with budget,PhD
26001554,Турция /,Медицина (на английском языке) / Medicine (in English); Стоматология (на английском языке) / Dental Medicine (in English),2,Accepted with budget,Specialist
26001555,Узбекистан /,Социология / Sociology (in Russian),1,Accepted with budget,Bachelor
26001556,Нигерия /,Компьютерные науки и информационные технологии / Computer Science and Information Technology (in Russian); Менеджмент (на английском языке) / Management (in English),2,Accepted with budget,PhD
26001557,Казахстан /,Психология / Psychology (in Russian),1,Accepted with budget,Bachelor
26001558,Египет /,Медицина (на английском языке) / Medicine (in English); Стоматология (на английском языке) / Dental Medicine (in English),2,Accepted with budget,Specialist
26001559,Узбекистан /,Психология / Psychology (in Russian); Биология / Biology (in Russian); Социология / Sociology (in Russian),3,Accepted with budget,Bachelor
26001560,Казахстан /,Языкознание и литературоведение / Linguistics and Literary Studies (in Russian),1,Accepted with budget,Bachelor
26001561,Пакистан /,Математика и компьютерные науки / Mathematics and Computer Science (in Russian),1,Accepted with budget,Bachelor
26001562,Уганда /,Нефтегазовое дело / Petroleum Engineering (in Russian),1,Accepted with budget,Bachelor
26001563,Экваториальная Гвинея /,Международные отношения / International Relations (in Russian); Экономика / Economics (in Russian); Право / Law (in Russian),3,Accepted with budget,PhD
26001564,Российская Федерация /,Математика и компьютерные науки / Mathematics and Computer Science (in Russian),1,Accepted with budget,Bachelor
26001565,Беларусь /,Юриспруденция / Law (in Russian); Политология / Political Science (in Russian); Международные отношения / International Relations (in Russian),3,Accepted with budget,Bachelor
26001566,Судан /,Математика и механика / Mathematics and Mechanics (in Russian),1,Accepted with budget,Bachelor
26001567,Казахстан /,Математика и компьютерные науки / Mathematics and Computer Science (in Russian); Прикладная математика и процессы управления / Applied Mathematics and Control Processes (in Russian),2,Accepted with budget,Bachelor
26001568,Бангладеш /,Менеджмент (на английском языке) / Management (in English),1,Accepted with budget,Bachelor
26001569,Казахстан /,Теология / Theology (in Russian),1,Accepted with budget,Bachelor
26001570,Узбекистан /,Менеджмент (на английском языке) / Management (in English); Экономика / Economics (in Russian),2,Accepted with budget,Bachelor
26001571,Турция /,Медицина / Medicine (in Russian); Стоматология / Dental Medicine (in Russian),2,Accepted with budget,Specialist
26001572,Казахстан /,Математика и компьютерные науки / Mathematics and Computer Science (in Russian),1,Accepted with budget,Bachelor
26001573,"ПАЛЕСТИНА, ГОСУДАРСТВО /",Математика и компьютерные науки / Mathematics and Computer Science (in Russian); Биология / Biology (in Russian),2,Accepted with budget,Bachelor
26001574,Беларусь /,Экономика / Economics (in Russian),1,Accepted with budget,Bachelor
26001575,"ИРАН, ИСЛАМСКАЯ РЕСПУБЛИКА /",Стоматология (на английском языке) / Dental Medicine (in English); Стоматология / Dental Medicine (in Russian),2,Accepted with budget,Specialist
26001576,Гвинея /,Математика и механика / Mathematics and Mechanics (in Russian); Физические науки / Physical Sciences (in Russian); Менеджмент / Management (in Russian),3,Accepted with budget,PhD
26001577,Пакистан /,Нефтегазовое дело / Petroleum Engineering (in Russian),1,Accepted with budget,Bachelor
26001578,Пакистан /,Деловая коммуникация на английском языке / Business Communication in English,1,Accepted with budget,Master
26001579,Афганистан /,Политология / Political Science (in Russian); Международные отношения / International Relations (in Russian); Менеджмент и государственное и муниципальное управление / Management and Public Administration (in Russian),3,Accepted with budget,Bachelor
26001580,Казахстан /,Языкознание и литературоведение / Linguistics and Literary Studies (in Russian); История / History (in Russian),2,Accepted with budget,Bachelor
26001581,Таджикистан /,Социология / Sociology (in Russian); Менеджмент и государственное и муниципальное управление / Management and Public Administration (in Russian); Журналистика и массовые коммуникации / Journalism and Mass Communication (in Russian),3,Accepted with budget,Bachelor
26001582,Российская Федерация /,Менеджмент и государственное и муниципальное управление / Management and Public Administration (in Russian),1,Accepted with budget,Bachelor
26001583,Гвинея-Бисау /,Науки о Земле и окружающей среде / Earth and Environmental Sciences (in Russian),1,Accepted with budget,PhD
26001584,Йемен /,Менеджмент и государственное и муниципальное управление / Management and Public Administration (in Russian); Экономика / Economics (in Russian); Международные отношения / International Relations (in Russian),3,Accepted with budget,Master
26001585,Казахстан /,Философия / Philosophy (in Russian),1,Accepted with budget,Bachelor
26001586,Йемен /,Философия / Philosophy (in Russian),1,Accepted with budget,Bachelor
26001587,Нигерия /,Науки о Земле и окружающей среде / Earth and Environmental Sciences (in Russian); Биологические науки / Biological sciences (in Russian); Экономика / Economics (in Russian),3,Accepted with budget,PhD
26001588,Алжир /,Международные отношения / International Relations (in Russian); Политология / Political Science (in Russian),2,Accepted with budget,Bachelor
26001589,Мавритания /,Менеджмент (на английском языке) / Management (in English); Менеджмент и государственное и муниципальное управление / Management and Public Administration (in Russian),2,Accepted with budget,Bachelor
26001589,Мавритания /,Стоматология (на английском языке) / Dental Medicine (in English),1,Accepted with budget,Specialist
26001590,Афганистан /,Менеджмент и государственное и муниципальное управление / Management and Public Administration (in Russian); Международные отношения / International Relations (in Russian); Экономика / Economics (in Russian),3,Accepted with budget,Bachelor
26001591,Казахстан /,Стоматология / Dental Medicine (in Russian),1,Accepted with budget,Specialist
26001592,Латвия /,Химия / Chemistry (in Russian); Нефтегазовое дело / Petroleum Engineering (in Russian),2,Accepted with budget,Bachelor
26001593,Нигерия /,Языкознание и литературоведение (на английском языке) / Foreign Languages (in English); Деловая коммуникация на английском языке / Business Communication in English,2,Accepted with budget,Master
26001594,Бангладеш /,Менеджмент (на английском языке) / Management (in English),1,Accepted with budget,Bachelor
26001594,Бангладеш /,Медицина (на английском языке) / Medicine (in English); Стоматология (на английском языке) / Dental Medicine (in English),2,Accepted with budget,Specialist
26001595,Сомали /,Науки о Земле и окружающей среде / Earth and Environmental Sciences (in Russian); Экономика (на английском языке) / Economics (in English); Менеджмент (на английском языке) / Management (in English),3,Accepted with budget,Master
26001596,Беларусь /,Стоматология / Dental Medicine (in Russian),1,Accepted with budget,Specialist
26001597,Пакистан /,Экономика (на английском языке) / Economics (in English); Менеджмент (на английском языке) / Management (in English),2,Accepted with budget,Master
26001598,Индия /,Менеджмент (на английском языке) / Management (in English),1,Accepted with budget,PhD
26001599,Эфиопия /,Экономика (на английском языке) / Economics (in English); Юриспруденция (на английском языке) / Law (in English),2,Accepted with budget,Master
26001600,Нигерия /,Иностранные языки / Foreign Languages (in Russian); Языкознание и литературоведение (на английском языке) / Foreign Languages (in English),2,Accepted with budget,Master
26001601,Узбекистан /,Стоматология / Dental Medicine (in Russian); Медицина / Medicine (in Russian),2,Accepted with budget,Specialist
26001601,Узбекистан /,Психология / Psychology (in Russian),1,Accepted with budget,Bachelor
26001602,Казахстан /,Менеджмент (на английском языке) / Management (in English); Экономика (на английском языке) / Economics (in English),2,Accepted with budget,Master
26001604,Марокко /,Медицина (на английском языке) / Medicine (in English),1,Accepted with budget,Specialist
26001604,Марокко /,Менеджмент (на английском языке) / Management (in English); Менеджмент и государственное и муниципальное управление / Management and Public Administration (in Russian),2,Accepted with budget,Bachelor
26001605,Эфиопия /,Математика и компьютерные науки / Mathematics and Computer Science (in Russian); Международные отношения / International Relations (in Russian),2,Accepted with budget,Bachelor
26001605,Эфиопия /,Стоматология (на английском языке) / Dental Medicine (in English),1,Accepted with budget,Specialist
26001606,Казахстан /,Теология / Theology (in Russian),1,Accepted with budget,Bachelor
26001607,КИТАЙ /,Компьютерные науки и информационные технологии / Computer Science and Information Technology (in Russian); Менеджмент (на английском языке) / Management (in English); Математика и механика (на английском языке) / Mathematics and Mechanics (in English),3,Accepted with budget,PhD
26001608,Пакистан /,Международные отношения / International Relations (in Russian); Политология / Political Science (in Russian),2,Accepted with budget,PhD
26001609,Казахстан /,Журналистика и массовые коммуникации / Journalism and Mass Communication (in Russian); Менеджмент и государственное и муниципальное управление / Management and Public Administration (in Russian); Международные отношения / International Relations (in Russian),3,Accepted with budget,Bachelor
26001610,Бангладеш /,Менеджмент (на английском языке) / Management (in English),1,Accepted with budget,Master
26001611,Индия /,Экономика (на английском языке) / Economics (in English); Менеджмент (на английском языке) / Management (in English); Деловая коммуникация на английском языке / Business Communication in English,3,Accepted with budget,Master
26001612,Казахстан /,Физическая культура / Physical Education (in Russian),1,Accepted with budget,Master
26001613,Казахстан /,Экономика / Economics (in Russian),1,Accepted with budget,Bachelor
26001615,ТУРКМЕНИСТАН /,Журналистика и массовые коммуникации / Journalism and Mass Communication (in Russian); Международные отношения / International Relations (in Russian); Экономика / Economics (in Russian),3,Accepted with budget,Bachelor
26001616,КИРГИЗИЯ /,Педагогика / Pedagogy (in Russian); Социология / Sociology (in Russian); Психология / Psychology (in Russian),3,Accepted with budget,Master
26001617,Эстония /,Психология / Psychology (in Russian),1,Accepted with budget,Bachelor
26001618,ТУРКМЕНИСТАН /,Медицина / Medicine (in Russian); Стоматология / Dental Medicine (in Russian),2,Accepted with budget,Specialist
26001619,Узбекистан /,Менеджмент и государственное и муниципальное управление / Management and Public Administration (in Russian); Международные отношения / International Relations (in Russian); Графический дизайн / Graphic Design (in Russian),3,Accepted with budget,Master
26001620,ТУРКМЕНИСТАН /,Журналистика и массовые коммуникации / Journalism and Mass Communication (in Russian); Менеджмент и государственное и муниципальное управление / Management and Public Administration (in Russian),2,Accepted with budget,Bachelor
26001621,Казахстан /,Английский язык / English; Химия / Chemistry (in Russian),2,Accepted with budget,Bachelor
26001622,Нигерия /,Деловая коммуникация на английском языке / Business Communication in English,1,Accepted with budget,Master
26001623,Пакистан /,Право / Law (in Russian); Международные отношения / International Relations (in Russian); Менеджмент (на английском языке) / Management (in English),3,Accepted with budget,PhD
26001624,Бангладеш /,Социология (на английском языке) / Sociology (in English); Международные отношения (на английском языке) / International Relations (in English); Культурология (на английском языке) / Cultural Studies (in English),3,Accepted with budget,Master
26001625,ТУРКМЕНИСТАН /,Науки о Земле / Earth Sciences (in Russian); Международные отношения / International Relations (in Russian); Журналистика и массовые коммуникации / Journalism and Mass Communication (in Russian),3,Accepted with budget,Bachelor
26001626,Египет /,Химия / Chemistry (in Russian); Биология / Biology (in Russian),2,Accepted with budget,Master
26001627,Беларусь /,Медицина / Medicine (in Russian),1,Accepted with budget,Specialist
26001628,Казахстан /,Математика и компьютерные науки / Mathematics and Computer Science (in Russian),1,Accepted with budget,Bachelor
26001629,Йемен /,Математика и компьютерные науки / Mathematics and Computer Science (in Russian),1,Accepted with budget,Bachelor
26001629,Йемен /,Медицина (на английском языке) / Medicine (in English); Стоматология (на английском языке) / Dental Medicine (in English),2,Accepted with budget,Specialist
26001630,Таджикистан /,Медицина / Medicine (in Russian),1,Accepted with budget,PhD
26001631,Мавритания /,Прикладная математика и процессы управления (на английском языке) / Applied Mathematics and Control Processes (in English),1,Accepted with budget,Master
26001632,Египет /,Биология / Biology (in Russian),1,Accepted with budget,Bachelor
26001632,Египет /,Медицина (на английском языке) / Medicine (in English); Медицина / Medicine (in Russian),2,Accepted with budget,Specialist
26001633,КИТАЙ /,Прикладная математика и процессы управления (на английском языке) / Applied Mathematics and Control Processes (in English),1,Accepted with budget,Master
26001634,Казахстан /,Международные отношения / International Relations (in Russian); Юриспруденция / Law (in Russian),2,Accepted with budget,Bachelor
26001635,"ИРАН, ИСЛАМСКАЯ РЕСПУБЛИКА /",Языкознание и литературоведение / Linguistics and Literary Studies (in Russian); Международные отношения / International Relations (in Russian),2,Accepted with budget,PhD
26001636,Бангладеш /,Стоматология (на английском языке) / Dental Medicine (in English); Медицина (на английском языке) / Medicine (in English),2,Accepted with budget,Specialist
26001636,Бангладеш /,Менеджмент (на английском языке) / Management (in English),1,Accepted with budget,Bachelor
26001637,Казахстан /,Физическая культура / Physical Education (in Russian); Нефтегазовое дело / Petroleum Engineering (in Russian); Математика и компьютерные науки / Mathematics and Computer Science (in Russian),3,Accepted with budget,Bachelor
26001638,Афганистан /,Журналистика и массовые коммуникации / Journalism and Mass Communication (in Russian); Психология / Psychology (in Russian); Социология / Sociology (in Russian),3,Accepted with budget,Bachelor
26001639,СИРИЙСКАЯ АРАБСКАЯ РЕСПУБЛИКА /,Медицина / Medicine (in Russian),1,Accepted with budget,PhD
26001640,Бангладеш /,Менеджмент (на английском языке) / Management (in English); Менеджмент и государственное и муниципальное управление / Management and Public Administration (in Russian); Международные отношения / International Relations (in Russian),3,Accepted with budget,Bachelor
26001641,КИТАЙ /,Журналистика и массовые коммуникации / Journalism and Mass Communication (in Russian),1,Accepted with budget,Master
26001642,Пакистан /,Математика и механика (на английском языке) / Mathematics and Mechanics (in English); Науки о Земле и окружающей среде / Earth and Environmental Sciences (in Russian),2,Accepted with budget,PhD
26001643,КИТАЙ /,Журналистика и массовые коммуникации / Journalism and Mass Communication (in Russian),1,Accepted with budget,Master
26001645,Бенин /,Иностранные языки / Foreign Languages (in Russian),1,Accepted with budget,Master
26001646,КИТАЙ /,Журналистика и массовые коммуникации / Journalism and Mass Communication (in Russian),1,Accepted with budget,Master
26001647,"ИРАН, ИСЛАМСКАЯ РЕСПУБЛИКА /",Физическая культура / Physical Education (in Russian); Менеджмент (на английском языке) / Management (in English); Политология / Political Science (in Russian),3,Accepted with budget,Master
26001648,Эфиопия /,Медицина (на английском языке) / Medicine (in English); Стоматология (на английском языке) / Dental Medicine (in English),2,Accepted with budget,Specialist
26001649,КИРГИЗИЯ /,Менеджмент и государственное и муниципальное управление / Management and Public Administration (in Russian); Международные отношения / International Relations (in Russian),2,Accepted with budget,Bachelor
26001651,КИТАЙ /,Журналистика и массовые коммуникации / Journalism and Mass Communication (in Russian),1,Accepted with budget,Master
26001652,КИТАЙ /,Химические науки / Chemical Sciences (in Russian); Физические науки / Physical Sciences (in Russian),2,Accepted with budget,PhD
26001653,Мавритания /,Менеджмент (на английском языке) / Management (in English); Биология / Biology (in Russian),2,Accepted with budget,Master
26001654,КИТАЙ /,Языкознание и литературоведение / Linguistics and Literary Studies (in Russian); Журналистика и массовые коммуникации / Journalism and Mass Communication (in Russian); Психология / Psychology (in Russian),3,Accepted with budget,Master
26001655,Нигерия /,Математика и компьютерные науки / Mathematics and Computer Science (in Russian),1,Accepted with budget,Bachelor
26001656,КИТАЙ /,Математика и механика (на английском языке) / Mathematics and Mechanics (in English); Физические науки / Physical Sciences (in Russian),2,Accepted with budget,PhD
26001657,Нигерия /,Менеджмент (на английском языке) / Management (in English),1,Accepted with budget,Bachelor
26001657,Нигерия /,Медицина (на английском языке) / Medicine (in English); Стоматология (на английском языке) / Dental Medicine (in English),2,Accepted with budget,Specialist
26001658,Египет /,Менеджмент (на английском языке) / Management (in English); Деловая коммуникация на английском языке / Business Communication in English; Графический дизайн / Graphic Design (in Russian),3,Accepted with budget,Master
26001659,КИТАЙ /,Графический дизайн / Graphic Design (in Russian),1,Accepted with budget,Master
26001660,ТУРКМЕНИСТАН /,Юриспруденция / Law (in Russian),1,Accepted with budget,Bachelor
26001661,Сальвадор /,Менеджмент (на английском языке) / Management (in English); Международные отношения (на английском языке) / International Relations (in English),2,Accepted with budget,Master
26001662,КИТАЙ /,Политология / Political Science (in Russian); Журналистика и массовые коммуникации / Journalism and Mass Communication (in Russian); Социология / Sociology (in Russian),3,Accepted with budget,Master
26001663,Нигерия /,Медицина (на английском языке) / Medicine (in English); Медицина / Medicine (in Russian),2,Accepted with budget,Specialist
26001663,Нигерия /,Биология / Biology (in Russian),1,Accepted with budget,Bachelor
26001664,Узбекистан /,Психология / Psychology (in Russian); Науки о Земле / Earth Sciences (in Russian),2,Accepted with budget,Bachelor
26001665,КИТАЙ /,Журналистика и массовые коммуникации / Journalism and Mass Communication (in Russian); Педагогика / Pedagogy (in Russian); Языкознание и литературоведение / Linguistics and Literary Studies (in Russian),3,Accepted with budget,Master
26001666,Нигерия /,Химия / Chemistry (in Russian); Науки о Земле и окружающей среде / Earth and Environmental Sciences (in Russian); Нефтегазовая геология / Petroleum Geology (in Russian),3,Accepted with budget,Master
26001667,Бангладеш /,Менеджмент (на английском языке) / Management (in English),1,Accepted with budget,PhD
26001668,СИРИЙСКАЯ АРАБСКАЯ РЕСПУБЛИКА /,Менеджмент (на английском языке) / Management (in English),1,Accepted with budget,Master
26001669,Казахстан /,Дизайн среды / Environmental Design (in Russian),1,Accepted with budget,Master
26001670,Бангладеш /,Международные отношения (на английском языке) / International Relations (in English),1,Accepted with budget,Master
26001671,Судан /,Международные отношения / International Relations (in Russian); Математика и компьютерные науки / Mathematics and Computer Science (in Russian); Менеджмент и государственное и муниципальное управление / Management and Public Administration (in Russian),3,Accepted with budget,Bachelor
26001672,Марокко /,Физика / Physics (in Russian),1,Accepted with budget,Master
26001673,Афганистан /,Математика и компьютерные науки / Mathematics and Computer Science (in Russian); Прикладная математика и процессы управления / Applied Mathematics and Control Processes (in Russian),2,Accepted with budget,Bachelor
26001673,Афганистан /,Медицина / Medicine (in Russian),1,Accepted with budget,Specialist
26001674,ТУРКМЕНИСТАН /,Медицина / Medicine (in Russian),1,Accepted with budget,Specialist
26001675,Камерун /,Дизайн среды / Environmental Design (in Russian),1,Accepted with budget,Master
26001676,КИТАЙ /,Педагогика / Pedagogy (in Russian),1,Accepted with budget,PhD
26001677,Бангладеш /,Современная математика (на английском языке) / Modern Mathematics (in English); Деловая коммуникация на английском языке / Business Communication in English; Менеджмент (на английском языке) / Management (in English),3,Accepted with budget,Master
26001678,Афганистан /,Математика и компьютерные науки / Mathematics and Computer Science (in Russian); Международные отношения / International Relations (in Russian); Менеджмент и государственное и муниципальное управление / Management and Public Administration (in Russian),3,Accepted with budget,Bachelor
26001679,Узбекистан /,Компьютерные науки и информационные технологии / Computer Science and Information Technology (in Russian); Математика и механика / Mathematics and Mechanics (in Russian),2,Accepted with budget,PhD
26001680,Казахстан /,Менеджмент и государственное и муниципальное управление / Management and Public Administration (in Russian); Психология / Psychology (in Russian); Педагогика / Pedagogy (in Russian),3,Accepted with budget,Master
26001681,Казахстан /,Медицина / Medicine (in Russian); Стоматология / Dental Medicine (in Russian),2,Accepted with budget,Specialist
26001683,Афганистан /,Менеджмент и государственное и муниципальное управление / Management and Public Administration (in Russian); Психология / Psychology (in Russian); Английский язык / English,3,Accepted with budget,Bachelor
26001685,Алжир /,Медицина (на английском языке) / Medicine (in English),1,Accepted with budget,Specialist
26001685,Алжир /,Математика и компьютерные науки / Mathematics and Computer Science (in Russian); Психология / Psychology (in Russian),2,Accepted with budget,Bachelor
26001686,Азербайджан /,Физическая культура / Physical Education (in Russian),1,Accepted with budget,Master
26001687,Пакистан /,Менеджмент (на английском языке) / Management (in English),1,Accepted with budget,Master
26001688,Казахстан /,Теология / Theology (in Russian),1,Accepted with budget,Bachelor
26001689,Казахстан /,Экономика / Economics (in Russian); Менеджмент и государственное и муниципальное управление / Management and Public Administration (in Russian); Прикладная математика и процессы управления / Applied Mathematics and Control Processes (in Russian),3,Accepted with budget,Master
26001691,Азербайджан /,Языкознание и литературоведение (на итальянском языке) / Linguistics and Literary Studies (in Italian),1,Accepted with budget,Master
26001692,Бангладеш /,Юриспруденция (на английском языке) / Law (in English); Международные отношения (на английском языке) / International Relations (in English); Математика и механика (на английском языке) / Mathematics and Mechanics (in English),3,Accepted with budget,Master
26001693,Ирак /,Биология / Biology (in Russian),1,Accepted with budget,Master
26001695,КИТАЙ /,Графический дизайн / Graphic Design (in Russian); Искусства и гуманитарные науки / Arts and Humanities (in Russian); Дизайн среды / Environmental Design (in Russian),3,Accepted with budget,Master
26001697,Узбекистан /,Компьютерные науки и информационные технологии / Computer Science and Information Technology (in Russian),1,Accepted with budget,PhD
26001698,Российская Федерация /,Медицина / Medicine (in Russian),1,Accepted with budget,Specialist
26001699,Алжир /,Медицина (на английском языке) / Medicine (in English),1,Accepted with budget,Specialist
26001700,СИРИЙСКАЯ АРАБСКАЯ РЕСПУБЛИКА /,Биологические науки / Biological sciences (in Russian),1,Accepted with budget,PhD
26001701,Российская Федерация /,Медицина / Medicine (in Russian); Стоматология / Dental Medicine (in Russian),2,Accepted with budget,Specialist
26001701,Российская Федерация /,Нефтегазовое дело / Petroleum Engineering (in Russian),1,Accepted with budget,Bachelor
26001702,Афганистан /,Менеджмент (на английском языке) / Management (in English); Экономика / Economics (in Russian); Менеджмент и государственное и муниципальное управление / Management and Public Administration (in Russian),3,Accepted with budget,Bachelor
26001703,Казахстан /,Дизайн среды / Environmental Design (in Russian),1,Accepted with budget,Bachelor
26001704,КИТАЙ /,Языкознание и литературоведение / Linguistics and Literary Studies (in Russian),1,Accepted with budget,PhD
26001705,Сенегал /,Менеджмент и государственное и муниципальное управление / Management and Public Administration (in Russian),1,Accepted with budget,Bachelor
26001706,Египет /,Языкознание и литературоведение / Linguistics and Literary Studies (in Russian),1,Accepted with budget,Bachelor
26001707,Эфиопия /,Математика и механика (на английском языке) / Mathematics and Mechanics (in English),1,Accepted with budget,PhD
26001708,Нигерия /,Медицина (на английском языке) / Medicine (in English),1,Accepted with budget,Specialist
26001709,Алжир /,Математика и компьютерные науки / Mathematics and Computer Science (in Russian),1,Accepted with budget,Bachelor
26001710,Нигерия /,Медицина (на английском языке) / Medicine (in English),1,Accepted with budget,Specialist
26001711,СИРИЙСКАЯ АРАБСКАЯ РЕСПУБЛИКА /,Международные отношения / International Relations (in Russian); Политология / Political Science (in Russian),2,Accepted with budget,Bachelor
26001712,Турция /,Языкознание и литературоведение / Linguistics and Literary Studies (in Russian),1,Accepted with budget,PhD
26001713,Казахстан /,Менеджмент и государственное и муниципальное управление / Management and Public Administration (in Russian),1,Accepted with budget,Bachelor
26001714,Казахстан /,Математика и механика / Mathematics and Mechanics (in Russian); Прикладная математика и процессы управления / Applied Mathematics and Control Processes (in Russian); Математика и компьютерные науки / Mathematics and Computer Science (in Russian),3,Accepted with budget,Bachelor
26001715,Узбекистан /,Дизайн среды / Environmental Design (in Russian),1,Accepted with budget,Bachelor
26001715,Узбекистан /,Живопись / Painting (in Russian),1,Accepted with budget,Specialist
26001716,Казахстан /,Журналистика и массовые коммуникации / Journalism and Mass Communication (in Russian),1,Accepted with budget,Bachelor
26001717,Нигерия /,Медицина (на английском языке) / Medicine (in English); Стоматология (на английском языке) / Dental Medicine (in English),2,Accepted with budget,Specialist
26001718,"МОЛДОВА, РЕСПУБЛИКА /",Компьютерные науки и информационные технологии / Computer Science and Information Technology (in Russian); Математика и механика / Mathematics and Mechanics (in Russian),2,Accepted with budget,PhD
26001719,Пакистан /,Медицина (на английском языке) / Medicine (in English),1,Accepted with budget,Specialist
26001720,Нигерия /,Менеджмент (на английском языке) / Management (in English),1,Accepted with budget,Bachelor
26001721,Российская Федерация /,Английский язык / English; Международные отношения / International Relations (in Russian),2,Accepted with budget,Bachelor
26001722,Казахстан /,Международные отношения / International Relations (in Russian); Английский язык / English; Юриспруденция / Law (in Russian),3,Accepted with budget,Bachelor
26001723,Нигерия /,Стоматология (на английском языке) / Dental Medicine (in English); Медицина (на английском языке) / Medicine (in English),2,Accepted with budget,Specialist
26001724,Бангладеш /,Международные отношения / International Relations (in Russian); Политология / Political Science (in Russian),2,Accepted with budget,Bachelor
26001725,Ирак /,Науки о Земле и окружающей среде / Earth and Environmental Sciences (in Russian); Менеджмент / Management (in Russian),2,Accepted with budget,PhD
26001726,КИТАЙ /,Компьютерные науки и информационные технологии / Computer Science and Information Technology (in Russian),1,Accepted with budget,PhD
26001727,Российская Федерация /,Экономика / Economics (in Russian); Юриспруденция / Law (in Russian); Менеджмент (на английском языке) / Management (in English),3,Accepted with budget,Bachelor
26001730,Тунис /,Математика и компьютерные науки / Mathematics and Computer Science (in Russian),1,Accepted with budget,Bachelor
26001731,Узбекистан /,Медицина / Medicine (in Russian),1,Accepted with budget,Specialist
26001732,Беларусь /,Международные отношения / International Relations (in Russian); Психология / Psychology (in Russian); Менеджмент и государственное и муниципальное управление / Management and Public Administration (in Russian),3,Accepted with budget,Bachelor
26001733,Казахстан /,Теология / Theology (in Russian),1,Accepted with budget,Bachelor
26001734,Нигерия /,Биология / Biology (in Russian); Менеджмент (на английском языке) / Management (in English); Международные отношения / International Relations (in Russian),3,Accepted with budget,Bachelor
26001735,Узбекистан /,Медицина / Medicine (in Russian),1,Accepted with budget,Specialist
26001736,КИТАЙ /,Социология / Sociology (in Russian),1,Accepted with budget,PhD
26001737,Бангладеш /,Менеджмент (на английском языке) / Management (in English); Международные отношения / International Relations (in Russian); Политология / Political Science (in Russian),3,Accepted with budget,Bachelor
26001738,Пакистан /,Математика и компьютерные науки / Mathematics and Computer Science (in Russian); Искусства и гуманитарные науки / Arts and Humanities (in Russian),2,Accepted with budget,Bachelor
26001739,Гана /,Менеджмент (на английском языке) / Management (in English),1,Accepted with budget,Bachelor
26001739,Гана /,Медицина (на английском языке) / Medicine (in English); Стоматология (на английском языке) / Dental Medicine (in English),2,Accepted with budget,Specialist
26001740,КИТАЙ /,Языкознание и литературоведение / Linguistics and Literary Studies (in Russian); Науки о Земле / Earth Sciences (in Russian),2,Accepted with budget,Bachelor
26001740,КИТАЙ /,Живопись / Painting (in Russian),1,Accepted with budget,Specialist
26001741,КИТАЙ /,Журналистика и массовые коммуникации / Journalism and Mass Communication (in Russian),1,Accepted with budget,Bachelor
26001742,Пакистан /,Медицина (на английском языке) / Medicine (in English),1,Accepted with budget,Specialist
26001743,Египет /,Стоматология / Dental Medicine (in Russian); Менеджмент (на английском языке) / Management (in English); Психология / Psychology (in Russian),3,Accepted with budget,PhD
26001744,Йемен /,Менеджмент (на английском языке) / Management (in English),1,Accepted with budget,Master
26001745,Узбекистан /,Юриспруденция / Law (in Russian),1,Accepted with budget,Bachelor
26001746,Ботсвана /,Медицина (на английском языке) / Medicine (in English); Медицина / Medicine (in Russian),2,Accepted with budget,Specialist
26001747,Марокко /,Менеджмент (на английском языке) / Management (in English); Английский язык / English; Экономика / Economics (in Russian),3,Accepted with budget,Bachelor
26001748,Казахстан /,Международные отношения / International Relations (in Russian); Психология / Psychology (in Russian); Журналистика и массовые коммуникации / Journalism and Mass Communication (in Russian),3,Accepted with budget,Bachelor
26001749,Казахстан /,Юриспруденция / Law (in Russian); Международные отношения / International Relations (in Russian),2,Accepted with budget,Master
26001750,КИТАЙ /,Менеджмент и государственное и муниципальное управление / Management and Public Administration (in Russian); Журналистика и массовые коммуникации / Journalism and Mass Communication (in Russian); Языкознание и литературоведение / Linguistics and Literary Studies (in Russian),3,Accepted with budget,Bachelor
26001751,Гана /,Экономика / Economics (in Russian),1,Accepted with budget,Bachelor
26001752,Нигерия /,Прикладная математика и процессы управления (на английском языке) / Applied Mathematics and Control Processes (in English); Физика (на английском языке) / Physics (in English); Математика и механика (на английском языке) / Mathematics and Mechanics (in English),3,Accepted with budget,Master
26001753,Беларусь /,Менеджмент и государственное и муниципальное управление / Management and Public Administration (in Russian); Международные отношения / International Relations (in Russian); Социология / Sociology (in Russian),3,Accepted with budget,Bachelor
26001754,Беларусь /,Юриспруденция / Law (in Russian),1,Accepted with budget,Bachelor
26001755,Абхазия /,Медицина / Medicine (in Russian),1,Accepted with budget,Specialist
26001756,КИТАЙ /,Медиакоммуникации и журналистика / Mediacommunications and Journalism (in Russian); Педагогика / Pedagogy (in Russian); Социология / Sociology (in Russian),3,Accepted with budget,PhD
26001757,Бразилия /,Медицина (на английском языке) / Medicine (in English),1,Accepted with budget,Specialist
26001758,Мавритания /,Компьютерные науки и информационные технологии / Computer Science and Information Technology (in Russian); Менеджмент (на английском языке) / Management (in English); Менеджмент / Management (in Russian),3,Accepted with budget,PhD
26001759,Нигерия /,Английский язык / English,1,Accepted with budget,Bachelor
26001760,Гана /,Менеджмент (на английском языке) / Management (in English); Деловая коммуникация на английском языке / Business Communication in English; Международные отношения (на английском языке) / International Relations (in English),3,Accepted with budget,Master
26001761,Зимбабве /,Медицина (на английском языке) / Medicine (in English),1,Accepted with budget,Specialist
26001763,"ИРАН, ИСЛАМСКАЯ РЕСПУБЛИКА /",Стоматология (на английском языке) / Dental Medicine (in English); Стоматология / Dental Medicine (in Russian),2,Accepted with budget,Specialist
26001764,Казахстан /,Экономика / Economics (in Russian); Менеджмент и государственное и муниципальное управление / Management and Public Administration (in Russian),2,Accepted with budget,Bachelor
26001765,Мавритания /,Компьютерные науки и информационные технологии / Computer Science and Information Technology (in Russian),1,Accepted with budget,PhD
26001766,Ирак /,Медицина (на английском языке) / Medicine (in English),1,Accepted with budget,Specialist
26001767,Габон /,Медицина / Medicine (in Russian),1,Accepted with budget,Specialist
26001768,Сенегал /,Компьютерные науки и информационные технологии / Computer Science and Information Technology (in Russian); Менеджмент / Management (in Russian); Международные отношения / International Relations (in Russian),3,Accepted with budget,PhD
26001769,Габон /,Медицина / Medicine (in Russian),1,Accepted with budget,Specialist
26001770,Афганистан /,Право / Law (in Russian); Международные отношения / International Relations (in Russian); Теология / Theology (in Russian),3,Accepted with budget,PhD
26001771,"ИРАН, ИСЛАМСКАЯ РЕСПУБЛИКА /",Политология / Political Science (in Russian),1,Accepted with budget,Bachelor
26001772,Мавритания /,Математика и компьютерные науки / Mathematics and Computer Science (in Russian); Математика и механика / Mathematics and Mechanics (in Russian),2,Accepted with budget,Bachelor
26001772,Мавритания /,Стоматология / Dental Medicine (in Russian),1,Accepted with budget,Specialist
26001773,Египет /,Международные отношения / International Relations (in Russian); Языкознание и литературоведение / Linguistics and Literary Studies (in Russian); Политология / Political Science (in Russian),3,Accepted with budget,PhD
26001774,Судан /,Менеджмент (на английском языке) / Management (in English); Биология / Biology (in Russian); Искусства и гуманитарные науки / Arts and Humanities (in Russian),3,Accepted with budget,Bachelor
26001775,Узбекистан /,Юриспруденция / Law (in Russian); Антимонопольное регулирование / Antimonopoly regulation (in Russian); Менеджмент и государственное и муниципальное управление / Management and Public Administration (in Russian),3,Accepted with budget,Master
26001776,Алжир /,Науки о Земле и окружающей среде / Earth and Environmental Sciences (in Russian),1,Accepted with budget,PhD
26001777,Алжир /,Математика и компьютерные науки / Mathematics and Computer Science (in Russian),1,Accepted with budget,Bachelor
26001778,КИТАЙ /,Журналистика и массовые коммуникации / Journalism and Mass Communication (in Russian),1,Accepted with budget,Master
26001779,Беларусь /,Экономика / Economics (in Russian); Менеджмент (на английском языке) / Management (in English),2,Accepted with budget,Bachelor
26001780,Алжир /,Математика и механика / Mathematics and Mechanics (in Russian),1,Accepted with budget,Bachelor
26001781,Египет /,Математика и механика (на английском языке) / Mathematics and Mechanics (in English); Физические науки / Physical Sciences (in Russian),2,Accepted with budget,PhD
26001782,КИРГИЗИЯ /,Востоковедение и африканистика / Asian and African Studies (in Russian); Экономика / Economics (in Russian),2,Accepted with budget,Master
26001783,Марокко /,Международные отношения / International Relations (in Russian); Политология / Political Science (in Russian),2,Accepted with budget,Bachelor
26001784,Узбекистан /,Математика и механика / Mathematics and Mechanics (in Russian),1,Accepted with budget,PhD
26001785,Камерун /,Стоматология / Dental Medicine (in Russian); Медицина / Medicine (in Russian),2,Accepted with budget,Specialist
26001785,Камерун /,Биология / Biology (in Russian),1,Accepted with budget,Bachelor
26001786,Бангладеш /,Медицина (на английском языке) / Medicine (in English); Стоматология (на английском языке) / Dental Medicine (in English),2,Accepted with budget,Specialist
26001786,Бангладеш /,Математика и компьютерные науки / Mathematics and Computer Science (in Russian),1,Accepted with budget,Bachelor
26001787,КИТАЙ /,Языкознание и литературоведение / Linguistics and Literary Studies (in Russian); Педагогика / Pedagogy (in Russian),2,Accepted with budget,PhD
26001788,Украина /,Физическая культура / Physical Education (in Russian),1,Accepted with budget,Bachelor
26001788,Украина /,Стоматология / Dental Medicine (in Russian); Медицина / Medicine (in Russian),2,Accepted with budget,Specialist
26001789,Казахстан /,Юриспруденция / Law (in Russian); Политология / Political Science (in Russian); Языкознание и литературоведение / Linguistics and Literary Studies (in Russian),3,Accepted with budget,Bachelor
26001790,КИТАЙ /,Экономика (на английском языке) / Economics (in English); Экономика / Economics (in Russian); Менеджмент (на английском языке) / Management (in English),3,Accepted with budget,Master
26001791,Узбекистан /,Языкознание и литературоведение / Linguistics and Literary Studies (in Russian); Исторические науки / Historical Sciences (in Russian); Теология / Theology (in Russian),3,Accepted with budget,PhD
26001792,Марокко /,Стоматология / Dental Medicine (in Russian); Стоматология (на английском языке) / Dental Medicine (in English),2,Accepted with budget,Specialist
26001793,ЧАД /,Медицина (на английском языке) / Medicine (in English); Стоматология (на английском языке) / Dental Medicine (in English),2,Accepted with budget,Specialist
26001793,ЧАД /,Биология / Biology (in Russian),1,Accepted with budget,Bachelor
26001794,Казахстан /,Международные отношения / International Relations (in Russian); Журналистика и массовые коммуникации / Journalism and Mass Communication (in Russian); Английский язык / English,3,Accepted with budget,Bachelor
26001796,Бангладеш /,Медицина (на английском языке) / Medicine (in English),1,Accepted with budget,Specialist
26001796,Бангладеш /,Менеджмент (на английском языке) / Management (in English); Английский язык / English,2,Accepted with budget,Bachelor
26001797,КИТАЙ /,Менеджмент (на английском языке) / Management (in English),1,Accepted with budget,Master
26001798,ТУРКМЕНИСТАН /,Медицина / Medicine (in Russian); Стоматология / Dental Medicine (in Russian),2,Accepted with budget,Specialist
26001798,ТУРКМЕНИСТАН /,Биология / Biology (in Russian),1,Accepted with budget,Bachelor
26001799,Нигерия /,Медицина / Medicine (in Russian); Биологические науки / Biological sciences (in Russian),2,Accepted with budget,PhD
26001800,КИТАЙ /,Языкознание и литературоведение / Linguistics and Literary Studies (in Russian); Педагогика / Pedagogy (in Russian); Социология / Sociology (in Russian),3,Accepted with budget,Master
26001801,Бангладеш /,Математика и механика (на английском языке) / Mathematics and Mechanics (in English),1,Accepted with budget,Master
26001802,Нигерия /,Экономика (на английском языке) / Economics (in English),1,Accepted with budget,Master
26001803,КИТАЙ /,Языкознание и литературоведение / Linguistics and Literary Studies (in Russian),1,Accepted with budget,PhD
26001804,Нигерия /,Стоматология (на английском языке) / Dental Medicine (in English),1,Accepted with budget,Specialist
26001804,Нигерия /,Менеджмент (на английском языке) / Management (in English),1,Accepted with budget,Bachelor
26001805,Руанда /,Физика (на английском языке) / Physics (in English); Биология / Biology (in Russian); Менеджмент и государственное и муниципальное управление / Management and Public Administration (in Russian),3,Accepted with budget,Master
26001806,Пакистан /,Менеджмент (на английском языке) / Management (in English),1,Accepted with budget,Bachelor
26001807,Пакистан /,Биология / Biology (in Russian); Культурология (на английском языке) / Cultural Studies (in English); Менеджмент (на английском языке) / Management (in English),3,Accepted with budget,Master
26001808,Казахстан /,Математика и компьютерные науки / Mathematics and Computer Science (in Russian); Математика и механика / Mathematics and Mechanics (in Russian); Нефтегазовое дело / Petroleum Engineering (in Russian),3,Accepted with budget,Bachelor
26001810,ТУРКМЕНИСТАН /,Математика и компьютерные науки / Mathematics and Computer Science (in Russian); Прикладная математика и процессы управления / Applied Mathematics and Control Processes (in Russian); Математика и механика / Mathematics and Mechanics (in Russian),3,Accepted with budget,Bachelor
26001811,КИРГИЗИЯ /,Графический дизайн / Graphic Design (in Russian),1,Accepted with budget,Bachelor
26001811,КИРГИЗИЯ /,Графика / Graphics (in Russian),1,Accepted with budget,Specialist
26001812,Казахстан /,Экономика / Economics (in Russian); Менеджмент и государственное и муниципальное управление / Management and Public Administration (in Russian),2,Accepted with budget,Bachelor
26001813,Казахстан /,Менеджмент и государственное и муниципальное управление / Management and Public Administration (in Russian); Экономика / Economics (in Russian),2,Accepted with budget,Bachelor
26001814,КИРГИЗИЯ /,Математика и компьютерные науки / Mathematics and Computer Science (in Russian); Прикладная математика и процессы управления / Applied Mathematics and Control Processes (in Russian),2,Accepted with budget,Bachelor
26001816,Бангладеш /,Математика и компьютерные науки / Mathematics and Computer Science (in Russian); Математика и механика / Mathematics and Mechanics (in Russian),2,Accepted with budget,Bachelor
26001816,Бангладеш /,Медицина (на английском языке) / Medicine (in English),1,Accepted with budget,Specialist
26001817,Узбекистан /,Менеджмент (на английском языке) / Management (in English); Языкознание и литературоведение (на английском языке) / Foreign Languages (in English); Социология (на английском языке) / Sociology (in English),3,Accepted with budget,Master
26001818,ЧАД /,Компьютерные науки и информационные технологии / Computer Science and Information Technology (in Russian); Математика и механика / Mathematics and Mechanics (in Russian); Менеджмент / Management (in Russian),3,Accepted with budget,PhD
26001819,Казахстан /,Математика и компьютерные науки / Mathematics and Computer Science (in Russian); Прикладная математика и процессы управления / Applied Mathematics and Control Processes (in Russian); Менеджмент и государственное и муниципальное управление / Management and Public Administration (in Russian),3,Accepted with budget,Bachelor
26001820,Казахстан /,Математика и компьютерные науки / Mathematics and Computer Science (in Russian),1,Accepted with budget,Bachelor
26001821,Нигерия /,Менеджмент (на английском языке) / Management (in English); Экономика (на английском языке) / Economics (in English),2,Accepted with budget,Master
26001822,Зимбабве /,Медицина (на английском языке) / Medicine (in English),1,Accepted with budget,Specialist
26001823,Мали /,Экономика / Economics (in Russian),1,Accepted with budget,Master
26001824,Нигерия /,Нефтегазовое дело / Petroleum Engineering (in Russian),1,Accepted with budget,Bachelor
26001825,Алжир /,Нефтегазовая геология / Petroleum Geology (in Russian); Прикладная математика и процессы управления (на английском языке) / Applied Mathematics and Control Processes (in English); Прикладная математика и процессы управления / Applied Mathematics and Control Processes (in Russian),3,Accepted with budget,Master
26001826,Таджикистан /,Психология / Psychology (in Russian); Востоковедение и африканистика / Asian and African Studies (in Russian); Международные отношения / International Relations (in Russian),3,Accepted with budget,Bachelor
26001827,Казахстан /,Науки о Земле и окружающей среде / Earth and Environmental Sciences (in Russian),1,Accepted with budget,Master
26001828,Судан /,Прикладная математика и процессы управления (на английском языке) / Applied Mathematics and Control Processes (in English),1,Accepted with budget,Master
26001829,ЧЕШСКАЯ РЕСПУБЛИКА /,Юриспруденция / Law (in Russian),1,Accepted with budget,Bachelor
26001830,Йемен /,Менеджмент (на английском языке) / Management (in English); Деловая коммуникация на английском языке / Business Communication in English; Менеджмент и государственное и муниципальное управление / Management and Public Administration (in Russian),3,Accepted with budget,Master
26001831,Эфиопия /,Английский язык / English; Математика и компьютерные науки / Mathematics and Computer Science (in Russian),2,Accepted with budget,Bachelor
26001832,Казахстан /,Теология / Theology (in Russian),1,Accepted with budget,Bachelor
26001833,Беларусь /,Востоковедение и африканистика / Asian and African Studies (in Russian); Языкознание и литературоведение / Linguistics and Literary Studies (in Russian); Английский язык / English,3,Accepted with budget,Bachelor
26001834,Беларусь /,Химия / Chemistry (in Russian); Биология / Biology (in Russian),2,Accepted with budget,Bachelor
26001835,Йемен /,Математика и механика / Mathematics and Mechanics (in Russian); Компьютерные науки и информационные технологии / Computer Science and Information Technology (in Russian),2,Accepted with budget,PhD
26001836,Казахстан /,Юриспруденция / Law (in Russian),1,Accepted with budget,Bachelor
26001837,Узбекистан /,Юриспруденция / Law (in Russian),1,Accepted with budget,Bachelor
26001838,Бангладеш /,Менеджмент (на английском языке) / Management (in English); Математика и компьютерные науки / Mathematics and Computer Science (in Russian); Прикладная математика и процессы управления / Applied Mathematics and Control Processes (in Russian),3,Accepted with budget,Bachelor
26001839,Уганда /,Международные отношения / International Relations (in Russian),1,Accepted with budget,PhD
26001840,Нигерия /,Менеджмент (на английском языке) / Management (in English); Физическая культура / Physical Education (in Russian); Психология / Psychology (in Russian),3,Accepted with budget,Bachelor
26001841,Казахстан /,Юриспруденция / Law (in Russian),1,Accepted with budget,Bachelor
26001842,Индия /,Математика и компьютерные науки / Mathematics and Computer Science (in Russian); Прикладная математика и процессы управления / Applied Mathematics and Control Processes (in Russian); Математика и механика / Mathematics and Mechanics (in Russian),3,Accepted with budget,Bachelor
26001843,Гана /,Менеджмент (на английском языке) / Management (in English),1,Accepted with budget,Bachelor
26001844,Нигерия /,Менеджмент и государственное и муниципальное управление / Management and Public Administration (in Russian),1,Accepted with budget,Bachelor
26001845,Нигерия /,Менеджмент (на английском языке) / Management (in English),1,Accepted with budget,PhD
26001846,Узбекистан /,Психология / Psychology (in Russian),1,Accepted with budget,Bachelor
26001846,Узбекистан /,Медицина / Medicine (in Russian),1,Accepted with budget,Specialist
26001847,Бангладеш /,Экономика / Economics (in Russian),1,Accepted with budget,Bachelor
26001848,Казахстан /,Юриспруденция / Law (in Russian); Международные отношения / International Relations (in Russian),2,Accepted with budget,Bachelor
26001849,Бангладеш /,Менеджмент (на английском языке) / Management (in English),1,Accepted with budget,Bachelor
26001850,Гаити /,Экономика / Economics (in Russian); Менеджмент (на английском языке) / Management (in English); Менеджмент / Management (in Russian),3,Accepted with budget,PhD
26001851,Гана /,Менеджмент (на английском языке) / Management (in English),1,Accepted with budget,Bachelor
26001852,Гана /,Менеджмент (на английском языке) / Management (in English),1,Accepted with budget,Bachelor
26001853,ЧАД /,Физическая культура / Physical Education (in Russian),1,Accepted with budget,Bachelor
26001854,Бурунди /,Компьютерные науки и информационные технологии / Computer Science and Information Technology (in Russian),1,Accepted with budget,PhD
26001855,Афганистан /,Медицина (на английском языке) / Medicine (in English),1,Accepted with budget,Specialist
26001855,Афганистан /,Английский язык / English; Теология / Theology (in Russian),2,Accepted with budget,Bachelor
26001856,Эстония /,Юриспруденция / Law (in Russian),1,Accepted with budget,Bachelor
26001857,Эфиопия /,Математика и компьютерные науки / Mathematics and Computer Science (in Russian); Экономика / Economics (in Russian),2,Accepted with budget,Bachelor
26001858,Пакистан /,Менеджмент (на английском языке) / Management (in English),1,Accepted with budget,PhD
26001859,Казахстан /,Медиакоммуникации и журналистика / Mediacommunications and Journalism (in Russian); Политология / Political Science (in Russian); Менеджмент / Management (in Russian),3,Accepted with budget,PhD
26001860,Казахстан /,Физика / Physics (in Russian),1,Accepted with budget,Bachelor
26001861,Казахстан /,Языкознание и литературоведение / Linguistics and Literary Studies (in Russian),1,Accepted with budget,Bachelor
26001862,Алжир /,Медицина / Medicine (in Russian); Биологические науки / Biological sciences (in Russian),2,Accepted with budget,PhD
26001863,Бангладеш /,Юриспруденция / Law (in Russian); Международные отношения / International Relations (in Russian); Журналистика и массовые коммуникации / Journalism and Mass Communication (in Russian),3,Accepted with budget,Bachelor
26001864,Иордания /,Графический дизайн / Graphic Design (in Russian); Математика и компьютерные науки / Mathematics and Computer Science (in Russian); Науки о Земле / Earth Sciences (in Russian),3,Accepted with budget,Bachelor
26001865,Гана /,Менеджмент (на английском языке) / Management (in English),1,Accepted with budget,Bachelor
26001865,Гана /,Стоматология (на английском языке) / Dental Medicine (in English); Медицина (на английском языке) / Medicine (in English),2,Accepted with budget,Specialist
26001866,Бангладеш /,Экономика / Economics (in Russian); Менеджмент (на английском языке) / Management (in English); Психология / Psychology (in Russian),3,Accepted with budget,Bachelor
26001867,Казахстан /,Менеджмент (на английском языке) / Management (in English); Менеджмент и государственное и муниципальное управление / Management and Public Administration (in Russian),2,Accepted with budget,Bachelor
26001868,Узбекистан /,Биология / Biology (in Russian); Химия / Chemistry (in Russian),2,Accepted with budget,Bachelor
26001869,Узбекистан /,Журналистика и массовые коммуникации / Journalism and Mass Communication (in Russian),1,Accepted with budget,Bachelor
26001870,Узбекистан /,Юриспруденция / Law (in Russian); Менеджмент и государственное и муниципальное управление / Management and Public Administration (in Russian); Политология / Political Science (in Russian),3,Accepted with budget,Bachelor
26001871,Узбекистан /,Экономика / Economics (in Russian); Менеджмент и государственное и муниципальное управление / Management and Public Administration (in Russian); Психология / Psychology (in Russian),3,Accepted with budget,Bachelor
26001872,КИТАЙ /,Международные отношения / International Relations (in Russian); Педагогика / Pedagogy (in Russian); Языкознание и литературоведение / Linguistics and Literary Studies (in Russian),3,Accepted with budget,PhD
26001873,Узбекистан /,Математика и компьютерные науки / Mathematics and Computer Science (in Russian); Математика и механика / Mathematics and Mechanics (in Russian); Прикладная математика и процессы управления / Applied Mathematics and Control Processes (in Russian),3,Accepted with budget,Bachelor
26001874,Узбекистан /,Юриспруденция / Law (in Russian),1,Accepted with budget,Bachelor
26001875,ТУРКМЕНИСТАН /,Юриспруденция / Law (in Russian),1,Accepted with budget,Bachelor
26001876,Казахстан /,Менеджмент и государственное и муниципальное управление / Management and Public Administration (in Russian),1,Accepted with budget,Bachelor
26001877,Нигерия /,Физические науки / Physical Sciences (in Russian),1,Accepted with budget,PhD
26001878,Узбекистан /,Физика / Physics (in Russian),1,Accepted with budget,Bachelor
26001879,Беларусь /,Журналистика и массовые коммуникации / Journalism and Mass Communication (in Russian),1,Accepted with budget,Bachelor
26001880,Узбекистан /,Биология / Biology (in Russian),1,Accepted with budget,Bachelor
26001881,Казахстан /,Психология / Psychology (in Russian),1,Accepted with budget,Bachelor
26001881,Казахстан /,Медицина / Medicine (in Russian); Стоматология / Dental Medicine (in Russian),2,Accepted with budget,Specialist
26001882,Турция /,Менеджмент (на английском языке) / Management (in English),1,Accepted with budget,Bachelor
26001883,Ирак /,Нефтегазовое дело / Petroleum Engineering (in Russian); Математика и компьютерные науки / Mathematics and Computer Science (in Russian),2,Accepted with budget,Bachelor
26001884,Беларусь /,Социология / Sociology (in Russian),1,Accepted with budget,Bachelor
26001885,Нигерия /,Медицина / Medicine (in Russian),1,Accepted with budget,Specialist
26001885,Нигерия /,Биология / Biology (in Russian); Психология / Psychology (in Russian),2,Accepted with budget,Bachelor
26001886,Казахстан /,Искусства и гуманитарные науки / Arts and Humanities (in Russian); Дизайн среды / Environmental Design (in Russian); Философия / Philosophy (in Russian),3,Accepted with budget,Bachelor
26001887,Эфиопия /,Английский язык / English; Менеджмент (на английском языке) / Management (in English),2,Accepted with budget,Bachelor
26001888,Египет /,Биологические науки / Biological sciences (in Russian),1,Accepted with budget,PhD
26001889,Казахстан /,Физика / Physics (in Russian),1,Accepted with budget,Bachelor
26001890,Узбекистан /,Юриспруденция / Law (in Russian),1,Accepted with budget,Bachelor
26001891,Российская Федерация /,Менеджмент (на английском языке) / Management (in English); Менеджмент и государственное и муниципальное управление / Management and Public Administration (in Russian); Экономика / Economics (in Russian),3,Accepted with budget,Bachelor
26001892,Казахстан /,Журналистика и массовые коммуникации / Journalism and Mass Communication (in Russian),1,Accepted with budget,Bachelor
26001892,Казахстан /,Актерское искусство / Acting Art (in Russian),1,Accepted with budget,Specialist
26001893,СИРИЙСКАЯ АРАБСКАЯ РЕСПУБЛИКА /,Социология / Sociology (in Russian); Педагогика / Pedagogy (in Russian),2,Accepted with budget,PhD
26001894,Нигерия /,Психология / Psychology (in Russian); Менеджмент (на английском языке) / Management (in English); Социология / Sociology (in Russian),3,Accepted with budget,PhD
26001895,Казахстан /,Математика и механика / Mathematics and Mechanics (in Russian); Физика / Physics (in Russian),2,Accepted with budget,Bachelor
26001896,Гвинея /,Менеджмент / Management (in Russian); Науки о Земле и окружающей среде / Earth and Environmental Sciences (in Russian); Физические науки / Physical Sciences (in Russian),3,Accepted with budget,PhD
26001897,Казахстан /,Психология / Psychology (in Russian); Юриспруденция / Law (in Russian); Политология / Political Science (in Russian),3,Accepted with budget,Bachelor
26001898,ТУРКМЕНИСТАН /,Медицина / Medicine (in Russian),1,Accepted with budget,Specialist
26001899,Бангладеш /,Медицина (на английском языке) / Medicine (in English),1,Accepted with budget,Specialist
26001900,Узбекистан /,Медицина / Medicine (in Russian),1,Accepted with budget,Specialist
26001901,Узбекистан /,Стоматология / Dental Medicine (in Russian),1,Accepted with budget,Specialist
26001902,Алжир /,Менеджмент (на английском языке) / Management (in English),1,Accepted with budget,Bachelor
26001902,Алжир /,Стоматология (на английском языке) / Dental Medicine (in English); Медицина (на английском языке) / Medicine (in English),2,Accepted with budget,Specialist
26001903,Узбекистан /,Живопись / Painting (in Russian),1,Accepted with budget,Specialist
26001904,Беларусь /,Стоматология / Dental Medicine (in Russian); Медицина / Medicine (in Russian),2,Accepted with budget,Specialist
26001905,Нигерия /,Менеджмент (на английском языке) / Management (in English); Когнитивные науки / Cognitive Studies (in Russian); Психология / Psychology (in Russian),3,Accepted with budget,PhD
26001906,Азербайджан /,Стоматология / Dental Medicine (in Russian),1,Accepted with budget,Specialist
26001907,Эстония /,Экономика / Economics (in Russian),1,Accepted with budget,Bachelor
26001908,Узбекистан /,Медицина / Medicine (in Russian); Стоматология / Dental Medicine (in Russian); Медицина (на английском языке) / Medicine (in English),3,Accepted with budget,Specialist
26001909,"ИРАН, ИСЛАМСКАЯ РЕСПУБЛИКА /",Медицина / Medicine (in Russian); Биологические науки / Biological sciences (in Russian); Химические науки / Chemical Sciences (in Russian),3,Accepted with budget,PhD
26001910,Беларусь /,Стоматология / Dental Medicine (in Russian),1,Accepted with budget,Specialist
26001911,Ирак /,Медицина / Medicine (in Russian); Стоматология (на английском языке) / Dental Medicine (in English),2,Accepted with budget,Specialist
26001911,Ирак /,Математика и компьютерные науки / Mathematics and Computer Science (in Russian),1,Accepted with budget,Bachelor
26001912,Нигерия /,Биологические науки / Biological sciences (in Russian); Когнитивные науки / Cognitive Studies (in Russian),2,Accepted with budget,PhD
26001913,Узбекистан /,Медицина / Medicine (in Russian),1,Accepted with budget,Specialist
26001913,Узбекистан /,Химия / Chemistry (in Russian),1,Accepted with budget,Bachelor
26001914,Турция /,Стоматология / Dental Medicine (in Russian),1,Accepted with budget,Specialist
26001915,Египет /,Математика и компьютерные науки / Mathematics and Computer Science (in Russian); Менеджмент (на английском языке) / Management (in English); Графический дизайн / Graphic Design (in Russian),3,Accepted with budget,Bachelor
26001916,Камерун /,Медицина / Medicine (in Russian); Стоматология / Dental Medicine (in Russian),2,Accepted with budget,Specialist
26001917,Турция /,Медицина (на английском языке) / Medicine (in English); Стоматология (на английском языке) / Dental Medicine (in English),2,Accepted with budget,Specialist
26001918,Беларусь /,Медицина / Medicine (in Russian),1,Accepted with budget,Specialist
26001919,"ИРАН, ИСЛАМСКАЯ РЕСПУБЛИКА /",Компьютерные науки и информационные технологии / Computer Science and Information Technology (in Russian),1,Accepted with budget,PhD
26001920,Нигерия /,Искусства и гуманитарные науки / Arts and Humanities (in Russian); Менеджмент (на английском языке) / Management (in English),2,Accepted with budget,Bachelor
26001921,Йемен /,Медицина (на английском языке) / Medicine (in English),1,Accepted with budget,Specialist
26001922,Казахстан /,Физические науки / Physical Sciences (in Russian); Науки о Земле и окружающей среде / Earth and Environmental Sciences (in Russian),2,Accepted with budget,PhD
26001923,Бангладеш /,Физика / Physics (in Russian); Науки о Земле / Earth Sciences (in Russian),2,Accepted with budget,Bachelor
26001923,Бангладеш /,Медицина (на английском языке) / Medicine (in English),1,Accepted with budget,Specialist
26001924,Судан /,Стоматология (на английском языке) / Dental Medicine (in English); Медицина (на английском языке) / Medicine (in English); Медицина / Medicine (in Russian),3,Accepted with budget,Specialist
26001925,Алжир /,Математика и компьютерные науки / Mathematics and Computer Science (in Russian),1,Accepted with budget,Bachelor
26001926,Египет /,Менеджмент (на английском языке) / Management (in English),1,Accepted with budget,PhD
26001927,Судан /,Медицина / Medicine (in Russian); Медицина (на английском языке) / Medicine (in English); Стоматология (на английском языке) / Dental Medicine (in English),3,Accepted with budget,Specialist
26001928,СИРИЙСКАЯ АРАБСКАЯ РЕСПУБЛИКА /,Менеджмент (на английском языке) / Management (in English); Менеджмент / Management (in Russian); Право / Law (in Russian),3,Accepted with budget,PhD
26001929,СИРИЙСКАЯ АРАБСКАЯ РЕСПУБЛИКА /,Экономика / Economics (in Russian); Менеджмент и государственное и муниципальное управление / Management and Public Administration (in Russian),2,Accepted with budget,Bachelor
26001930,Узбекистан /,Медицина / Medicine (in Russian); Стоматология / Dental Medicine (in Russian),2,Accepted with budget,Specialist
26001931,КИТАЙ /,Языкознание и литературоведение / Linguistics and Literary Studies (in Russian); Педагогика / Pedagogy (in Russian); Философия / Philosophy (in Russian),3,Accepted with budget,PhD
26001932,Азербайджан /,Медицина / Medicine (in Russian); Медицина (на английском языке) / Medicine (in English),2,Accepted with budget,Specialist
26001933,Гана /,Биология / Biology (in Russian),1,Accepted with budget,Bachelor
26001934,ТУРКМЕНИСТАН /,Международные отношения / International Relations (in Russian),1,Accepted with budget,Bachelor
26001936,КИТАЙ /,Компьютерные науки и информационные технологии / Computer Science and Information Technology (in Russian); Математика и механика / Mathematics and Mechanics (in Russian),2,Accepted with budget,PhD
26001937,Нигерия /,Менеджмент (на английском языке) / Management (in English),1,Accepted with budget,Bachelor
26001938,Афганистан /,Стоматология (на английском языке) / Dental Medicine (in English),1,Accepted with budget,Specialist
26001938,Афганистан /,Менеджмент (на английском языке) / Management (in English); Социология / Sociology (in Russian),2,Accepted with budget,Bachelor
26001939,Пакистан /,Менеджмент (на английском языке) / Management (in English),1,Accepted with budget,Bachelor
26001939,Пакистан /,Медицина (на английском языке) / Medicine (in English); Стоматология (на английском языке) / Dental Medicine (in English),2,Accepted with budget,Specialist
26001940,Алжир /,Менеджмент (на английском языке) / Management (in English); Математика и компьютерные науки / Mathematics and Computer Science (in Russian),2,Accepted with budget,Bachelor
26001941,Йемен /,Медицина (на английском языке) / Medicine (in English),1,Accepted with budget,Specialist
26001941,Йемен /,Английский язык / English; Менеджмент (на английском языке) / Management (in English),2,Accepted with budget,Bachelor
26001942,Узбекистан /,Менеджмент (на английском языке) / Management (in English); Экономика / Economics (in Russian),2,Accepted with budget,Bachelor
26001943,Йемен /,Английский язык / English; Менеджмент (на английском языке) / Management (in English),2,Accepted with budget,Bachelor
26001943,Йемен /,Медицина (на английском языке) / Medicine (in English),1,Accepted with budget,Specialist
26001944,СИРИЙСКАЯ АРАБСКАЯ РЕСПУБЛИКА /,Экономика / Economics (in Russian); Психология / Psychology (in Russian); Международные отношения / International Relations (in Russian),3,Accepted with budget,Bachelor
26001945,Йемен /,Математика и компьютерные науки / Mathematics and Computer Science (in Russian),1,Accepted with budget,Bachelor
26001945,Йемен /,Медицина / Medicine (in Russian); Стоматология / Dental Medicine (in Russian),2,Accepted with budget,Specialist
26001946,Казахстан /,Графический дизайн / Graphic Design (in Russian),1,Accepted with budget,Bachelor
26001946,Казахстан /,Графика / Graphics (in Russian),1,Accepted with budget,Specialist
26001947,"ПАЛЕСТИНА, ГОСУДАРСТВО /",Математика и механика / Mathematics and Mechanics (in Russian),1,Accepted with budget,Bachelor
26001948,Гвинея /,Медицина / Medicine (in Russian); Медицина (на английском языке) / Medicine (in English); Графика / Graphics (in Russian),3,Accepted with budget,Specialist
26001950,Бангладеш /,Математика и компьютерные науки / Mathematics and Computer Science (in Russian),1,Accepted with budget,Bachelor
26001951,Узбекистан /,Юриспруденция / Law (in Russian),1,Accepted with budget,Bachelor
26001952,Казахстан /,Английский язык / English; История / History (in Russian),2,Accepted with budget,Bachelor
26001953,Пакистан /,Математика и компьютерные науки / Mathematics and Computer Science (in Russian); Менеджмент (на английском языке) / Management (in English); Прикладная математика и процессы управления / Applied Mathematics and Control Processes (in Russian),3,Accepted with budget,Bachelor
26001954,Нигерия /,Менеджмент (на английском языке) / Management (in English); Экономика / Economics (in Russian),2,Accepted with budget,Bachelor
26001957,Бангладеш /,Международные отношения / International Relations (in Russian),1,Accepted with budget,Bachelor
26001958,Пакистан /,Менеджмент (на английском языке) / Management (in English); Менеджмент и государственное и муниципальное управление / Management and Public Administration (in Russian); Социология / Sociology (in Russian),3,Accepted with budget,Bachelor
26001959,Узбекистан /,Биология / Biology (in Russian),1,Accepted with budget,Bachelor
26001959,Узбекистан /,Медицина / Medicine (in Russian); Стоматология / Dental Medicine (in Russian),2,Accepted with budget,Specialist
26001960,Руанда /,Науки о Земле / Earth Sciences (in Russian); Дизайн среды / Environmental Design (in Russian),2,Accepted with budget,Bachelor
26001961,Египет /,Математика и компьютерные науки / Mathematics and Computer Science (in Russian); Прикладная математика и процессы управления / Applied Mathematics and Control Processes (in Russian); Менеджмент (на английском языке) / Management (in English),3,Accepted with budget,Bachelor
26001962,Нигерия /,Медицина / Medicine (in Russian),1,Accepted with budget,PhD
26001963,Узбекистан /,Медицина / Medicine (in Russian); Стоматология / Dental Medicine (in Russian),2,Accepted with budget,Specialist
26001964,Казахстан /,Журналистика и массовые коммуникации / Journalism and Mass Communication (in Russian); Менеджмент и государственное и муниципальное управление / Management and Public Administration (in Russian); Международные отношения / International Relations (in Russian),3,Accepted with budget,Bachelor
26001966,Нигерия /,Нефтегазовое дело / Petroleum Engineering (in Russian),1,Accepted with budget,Bachelor
26001967,Нигерия /,Медицина (на английском языке) / Medicine (in English),1,Accepted with budget,Specialist
26001967,Нигерия /,Биология / Biology (in Russian),1,Accepted with budget,Bachelor
26001968,Казахстан /,Медицина / Medicine (in Russian); Стоматология / Dental Medicine (in Russian),2,Accepted with budget,Specialist
26001968,Казахстан /,Психология / Psychology (in Russian),1,Accepted with budget,Bachelor
26001969,Пакистан /,Политология / Political Science (in Russian); Международные отношения / International Relations (in Russian); Философия / Philosophy (in Russian),3,Accepted with budget,Bachelor
26001970,Саудовская Аравия /,Математика и компьютерные науки / Mathematics and Computer Science (in Russian),1,Accepted with budget,Bachelor
26001971,Нигерия /,Психология / Psychology (in Russian); Академическое пение / Academic Singing (in Russian),2,Accepted with budget,Bachelor
26001971,Нигерия /,Медицина (на английском языке) / Medicine (in English),1,Accepted with budget,Specialist
26001972,Узбекистан /,Международные отношения / International Relations (in Russian); Журналистика и массовые коммуникации / Journalism and Mass Communication (in Russian); Менеджмент и государственное и муниципальное управление / Management and Public Administration (in Russian),3,Accepted with budget,Bachelor
26001973,Бангладеш /,Медицина (на английском языке) / Medicine (in English),1,Accepted with budget,Specialist
26001973,Бангладеш /,Менеджмент (на английском языке) / Management (in English); Английский язык / English,2,Accepted with budget,Bachelor
26001974,Абхазия /,Журналистика и массовые коммуникации / Journalism and Mass Communication (in Russian),1,Accepted with budget,Bachelor
26001975,Нигерия /,Психология / Psychology (in Russian),1,Accepted with budget,Bachelor
26001975,Нигерия /,Медицина (на английском языке) / Medicine (in English); Стоматология (на английском языке) / Dental Medicine (in English),2,Accepted with budget,Specialist
26001976,Афганистан /,Медицина (на английском языке) / Medicine (in English),1,Accepted with budget,Specialist
26001976,Афганистан /,Менеджмент (на английском языке) / Management (in English); Математика и компьютерные науки / Mathematics and Computer Science (in Russian),2,Accepted with budget,Bachelor
26001977,Нигерия /,Деловая коммуникация на английском языке / Business Communication in English; Биология / Biology (in Russian); Науки о Земле и окружающей среде / Earth and Environmental Sciences (in Russian),3,Accepted with budget,Master
26001978,Украина /,Компьютерные науки и информационные технологии / Computer Science and Information Technology (in Russian),1,Accepted with budget,PhD
26001979,Афганистан /,Психология / Psychology (in Russian),1,Accepted with budget,Bachelor
26001980,Бангладеш /,Менеджмент (на английском языке) / Management (in English),1,Accepted with budget,Bachelor
26001981,Казахстан /,Психология / Psychology (in Russian),1,Accepted with budget,Bachelor
26001982,Пакистан /,Медицина (на английском языке) / Medicine (in English),1,Accepted with budget,Specialist
26001983,Беларусь /,Английский язык / English; Журналистика и массовые коммуникации / Journalism and Mass Communication (in Russian); Менеджмент и государственное и муниципальное управление / Management and Public Administration (in Russian),3,Accepted with budget,Bachelor
26001984,КИТАЙ /,Медицина / Medicine (in Russian),1,Accepted with budget,PhD
26001985,Турция /,Медицина (на английском языке) / Medicine (in English); Стоматология (на английском языке) / Dental Medicine (in English),2,Accepted with budget,Specialist
26001986,Казахстан /,Реставрация / Restoration of Fine and Applied Art Objects (in Russian); Декоративно-прикладное искусство / Applied Art (in Russian),2,Accepted with budget,Bachelor
26001987,Российская Федерация /,Живопись / Painting (in Russian),1,Accepted with budget,Specialist
26001987,Российская Федерация /,Декоративно-прикладное искусство / Applied Art (in Russian); Реставрация / Restoration of Fine and Applied Art Objects (in Russian),2,Accepted with budget,Bachelor
26001988,Эфиопия /,Математика и компьютерные науки / Mathematics and Computer Science (in Russian),1,Accepted with budget,Bachelor
26001988,Эфиопия /,Стоматология (на английском языке) / Dental Medicine (in English); Медицина (на английском языке) / Medicine (in English),2,Accepted with budget,Specialist
26001989,Казахстан /,Химия / Chemistry (in Russian),1,Accepted with budget,Bachelor
26001990,Казахстан /,Математика и компьютерные науки / Mathematics and Computer Science (in Russian),1,Accepted with budget,Bachelor
26001991,Бангладеш /,Медицина (на английском языке) / Medicine (in English),1,Accepted with budget,Specialist
26001991,Бангладеш /,Математика и компьютерные науки / Mathematics and Computer Science (in Russian); Химия / Chemistry (in Russian),2,Accepted with budget,Bachelor
26001992,Беларусь /,Журналистика и массовые коммуникации / Journalism and Mass Communication (in Russian),1,Accepted with budget,Bachelor
26001993,Пакистан /,Стоматология (на английском языке) / Dental Medicine (in English),1,Accepted with budget,Specialist
26001994,Казахстан /,Менеджмент и государственное и муниципальное управление / Management and Public Administration (in Russian),1,Accepted with budget,Bachelor
26001995,Нигерия /,Менеджмент (на английском языке) / Management (in English); Компьютерные науки и информационные технологии / Computer Science and Information Technology (in Russian); Математика и механика (на английском языке) / Mathematics and Mechanics (in English),3,Accepted with budget,PhD
26001996,Казахстан /,Теология / Theology (in Russian),1,Accepted with budget,Bachelor
26001997,Латвия /,Международные отношения / International Relations (in Russian); Политология / Political Science (in Russian); Реставрация / Restoration of Fine and Applied Art Objects (in Russian),3,Accepted with budget,Bachelor
26001998,Уганда /,Менеджмент (на английском языке) / Management (in English),1,Accepted with budget,Bachelor
26001999,ТУРКМЕНИСТАН /,Стоматология / Dental Medicine (in Russian); Медицина / Medicine (in Russian); Стоматология (на английском языке) / Dental Medicine (in English),3,Accepted with budget,Specialist
26002000,Беларусь /,Психология / Psychology (in Russian),1,Accepted with budget,Bachelor
26002001,Казахстан /,Графический дизайн / Graphic Design (in Russian),1,Accepted with budget,Bachelor
26002002,КИТАЙ /,Актерское искусство / Acting Art (in Russian),1,Accepted with budget,Specialist
26002003,Казахстан /,Математика и компьютерные науки / Mathematics and Computer Science (in Russian); Прикладная математика и процессы управления / Applied Mathematics and Control Processes (in Russian); Математика и механика / Mathematics and Mechanics (in Russian),3,Accepted with budget,Bachelor
26002004,Нигерия /,Математика и компьютерные науки / Mathematics and Computer Science (in Russian); Физика / Physics (in Russian); Менеджмент (на английском языке) / Management (in English),3,Accepted with budget,Bachelor
26002005,КИРГИЗИЯ /,Менеджмент и государственное и муниципальное управление / Management and Public Administration (in Russian); Экономика / Economics (in Russian),2,Accepted with budget,Bachelor
26002006,Российская Федерация /,Международные отношения / International Relations (in Russian); Юриспруденция / Law (in Russian),2,Accepted with budget,Bachelor
26002007,Казахстан /,Стоматология / Dental Medicine (in Russian),1,Accepted with budget,Specialist
26002008,Казахстан /,Менеджмент и государственное и муниципальное управление / Management and Public Administration (in Russian); Психология / Psychology (in Russian); Юриспруденция / Law (in Russian),3,Accepted with budget,Bachelor
26002009,КИТАЙ /,Компьютерные науки и информационные технологии / Computer Science and Information Technology (in Russian); Математика и механика (на английском языке) / Mathematics and Mechanics (in English),2,Accepted with budget,PhD
26002010,Казахстан /,Графика / Graphics (in Russian); Живопись / Painting (in Russian),2,Accepted with budget,Specialist
26002011,Казахстан /,Математика и механика / Mathematics and Mechanics (in Russian); Математика и компьютерные науки / Mathematics and Computer Science (in Russian),2,Accepted with budget,Bachelor
26002012,ТУРКМЕНИСТАН /,Менеджмент и государственное и муниципальное управление / Management and Public Administration (in Russian); Языкознание и литературоведение / Linguistics and Literary Studies (in Russian); Английский язык / English,3,Accepted with budget,Bachelor
26002013,Казахстан /,Юриспруденция / Law (in Russian); История / History (in Russian),2,Accepted with budget,Bachelor
26002014,Беларусь /,Журналистика и массовые коммуникации / Journalism and Mass Communication (in Russian),1,Accepted with budget,Bachelor
26002015,Армения /,Математика и компьютерные науки / Mathematics and Computer Science (in Russian); Математика и механика / Mathematics and Mechanics (in Russian); Прикладная математика и процессы управления / Applied Mathematics and Control Processes (in Russian),3,Accepted with budget,Bachelor
26002016,Бангладеш /,Менеджмент (на английском языке) / Management (in English); Английский язык / English,2,Accepted with budget,Bachelor
26002016,Бангладеш /,Стоматология (на английском языке) / Dental Medicine (in English),1,Accepted with budget,Specialist
26002017,Бангладеш /,Медицина (на английском языке) / Medicine (in English),1,Accepted with budget,Specialist
26002017,Бангладеш /,Математика и компьютерные науки / Mathematics and Computer Science (in Russian); Математика и механика / Mathematics and Mechanics (in Russian),2,Accepted with budget,Bachelor
26002018,Казахстан /,Психология / Psychology (in Russian); Социология / Sociology (in Russian),2,Accepted with budget,Bachelor
26002019,Индия /,Медицина (на английском языке) / Medicine (in English); Стоматология (на английском языке) / Dental Medicine (in English),2,Accepted with budget,Specialist
26002019,Индия /,Психология / Psychology (in Russian),1,Accepted with budget,Bachelor
26002020,Российская Федерация /,Биология / Biology (in Russian); Политология / Political Science (in Russian); Психология / Psychology (in Russian),3,Accepted with budget,Bachelor
26002021,Камерун /,Физические науки / Physical Sciences (in Russian),1,Accepted with budget,PhD
26002022,Нигерия /,Медицина (на английском языке) / Medicine (in English); Стоматология (на английском языке) / Dental Medicine (in English),2,Accepted with budget,Specialist
26002023,Казахстан /,Медицина / Medicine (in Russian); Стоматология / Dental Medicine (in Russian),2,Accepted with budget,Specialist
26002024,Нигерия /,Математика и компьютерные науки / Mathematics and Computer Science (in Russian); Менеджмент (на английском языке) / Management (in English),2,Accepted with budget,Bachelor
26002025,Казахстан /,Биологические науки / Biological sciences (in Russian),1,Accepted with budget,PhD
26002026,Казахстан /,Международные отношения / International Relations (in Russian); Языкознание и литературоведение / Linguistics and Literary Studies (in Russian); Английский язык / English,3,Accepted with budget,Bachelor
26002027,СИРИЙСКАЯ АРАБСКАЯ РЕСПУБЛИКА /,Медицина (на английском языке) / Medicine (in English),1,Accepted with budget,Specialist
26002028,Украина /,Исторические науки / Historical Sciences (in Russian); Международные отношения / International Relations (in Russian),2,Accepted with budget,PhD
26002029,ТУРКМЕНИСТАН /,Английский язык / English; Менеджмент (на английском языке) / Management (in English); Психология / Psychology (in Russian),3,Accepted with budget,Bachelor
26002030,Казахстан /,Психология / Psychology (in Russian),1,Accepted with budget,Bachelor
26002031,КИРГИЗИЯ /,Математика и механика / Mathematics and Mechanics (in Russian); Математика и компьютерные науки / Mathematics and Computer Science (in Russian); Физика / Physics (in Russian),3,Accepted with budget,Bachelor
26002032,Пакистан /,Международные отношения (на английском языке) / International Relations (in English); Культурология (на английском языке) / Cultural Studies (in English); Деловая коммуникация на английском языке / Business Communication in English,3,Accepted with budget,Master
26002033,ТУРКМЕНИСТАН /,Международные отношения / International Relations (in Russian),1,Accepted with budget,Master
26002034,ТУРКМЕНИСТАН /,Стоматология / Dental Medicine (in Russian),1,Accepted with budget,Specialist
26002035,КИРГИЗИЯ /,Искусства и гуманитарные науки / Arts and Humanities (in Russian); Журналистика и массовые коммуникации / Journalism and Mass Communication (in Russian),2,Accepted with budget,Bachelor
26002036,"ИРАН, ИСЛАМСКАЯ РЕСПУБЛИКА /",Физика (на английском языке) / Physics (in English); Математика и механика (на английском языке) / Mathematics and Mechanics (in English); Иностранные языки / Foreign Languages (in Russian),3,Accepted with budget,Master
26002037,ТУРКМЕНИСТАН /,Медицина / Medicine (in Russian); Медицина (на английском языке) / Medicine (in English); Стоматология (на английском языке) / Dental Medicine (in English),3,Accepted with budget,Specialist
26002038,Казахстан /,Графический дизайн / Graphic Design (in Russian),1,Accepted with budget,Bachelor
26002039,ТУРКМЕНИСТАН /,Стоматология / Dental Medicine (in Russian); Медицина / Medicine (in Russian),2,Accepted with budget,Specialist
26002040,Пакистан /,Менеджмент (на английском языке) / Management (in English),1,Accepted with budget,Master
26002041,Казахстан /,Нефтегазовое дело / Petroleum Engineering (in Russian); Прикладная математика и процессы управления / Applied Mathematics and Control Processes (in Russian),2,Accepted with budget,Bachelor
26002042,Эфиопия /,Международные отношения (на английском языке) / International Relations (in English); Менеджмент (на английском языке) / Management (in English); Деловая коммуникация на английском языке / Business Communication in English,3,Accepted with budget,Master
26002043,Нигерия /,Биология / Biology (in Russian),1,Accepted with budget,Master
26002044,"ИРАН, ИСЛАМСКАЯ РЕСПУБЛИКА /",Стоматология (на английском языке) / Dental Medicine (in English); Стоматология / Dental Medicine (in Russian),2,Accepted with budget,Specialist
26002045,"ИРАН, ИСЛАМСКАЯ РЕСПУБЛИКА /",Стоматология / Dental Medicine (in Russian); Стоматология (на английском языке) / Dental Medicine (in English),2,Accepted with budget,Specialist
26002046,"МОЛДОВА, РЕСПУБЛИКА /",Физика / Physics (in Russian); Математика и механика / Mathematics and Mechanics (in Russian),2,Accepted with budget,Bachelor
26002047,"ИРАН, ИСЛАМСКАЯ РЕСПУБЛИКА /",Стоматология (на английском языке) / Dental Medicine (in English); Стоматология / Dental Medicine (in Russian),2,Accepted with budget,Specialist
26002048,Бангладеш /,Юриспруденция / Law (in Russian); Международные отношения / International Relations (in Russian); Журналистика и массовые коммуникации / Journalism and Mass Communication (in Russian),3,Accepted with budget,Bachelor
26002049,Казахстан /,Экономика / Economics (in Russian); Менеджмент и государственное и муниципальное управление / Management and Public Administration (in Russian); Международные отношения / International Relations (in Russian),3,Accepted with budget,Bachelor
26002050,Индия /,Менеджмент (на английском языке) / Management (in English),1,Accepted with budget,PhD
26002051,Казахстан /,Менеджмент (на английском языке) / Management (in English),1,Accepted with budget,Master
26002052,Узбекистан /,Экономика / Economics (in Russian),1,Accepted with budget,Bachelor
26002053,Египет /,Нефтегазовое дело / Petroleum Engineering (in Russian); Науки о Земле / Earth Sciences (in Russian); Искусства и гуманитарные науки / Arts and Humanities (in Russian),3,Accepted with budget,Bachelor
26002054,Йемен /,Математика и компьютерные науки / Mathematics and Computer Science (in Russian); Нефтегазовое дело / Petroleum Engineering (in Russian); Прикладная математика и процессы управления / Applied Mathematics and Control Processes (in Russian),3,Accepted with budget,Bachelor
26002055,Пакистан /,Физика (на английском языке) / Physics (in English),1,Accepted with budget,Master
26002056,Нигерия /,Международные отношения / International Relations (in Russian); Менеджмент (на английском языке) / Management (in English); Менеджмент и государственное и муниципальное управление / Management and Public Administration (in Russian),3,Accepted with budget,Bachelor
26002057,Узбекистан /,Математика и компьютерные науки / Mathematics and Computer Science (in Russian); Прикладная математика и процессы управления / Applied Mathematics and Control Processes (in Russian); Математика и механика / Mathematics and Mechanics (in Russian),3,Accepted with budget,Bachelor
26002058,Казахстан /,Психология / Psychology (in Russian); Биология / Biology (in Russian); Языкознание и литературоведение / Linguistics and Literary Studies (in Russian),3,Accepted with budget,Bachelor
26002059,Казахстан /,Дизайн среды / Environmental Design (in Russian); Менеджмент и государственное и муниципальное управление / Management and Public Administration (in Russian); Экономика / Economics (in Russian),3,Accepted with budget,Bachelor
26002060,Судан /,Стоматология (на английском языке) / Dental Medicine (in English),1,Accepted with budget,Specialist
26002060,Судан /,Нефтегазовое дело / Petroleum Engineering (in Russian); Менеджмент (на английском языке) / Management (in English),2,Accepted with budget,Bachelor
26002061,Казахстан /,Математика и компьютерные науки / Mathematics and Computer Science (in Russian); Экономика / Economics (in Russian),2,Accepted with budget,Bachelor
26002062,Казахстан /,Физика / Physics (in Russian); Прикладная математика и процессы управления / Applied Mathematics and Control Processes (in Russian),2,Accepted with budget,Bachelor
26002063,Индия /,Прикладная математика и процессы управления / Applied Mathematics and Control Processes (in Russian); Менеджмент (на английском языке) / Management (in English); Математика и механика / Mathematics and Mechanics (in Russian),3,Accepted with budget,Bachelor
26002064,Казахстан /,Менеджмент (на английском языке) / Management (in English),1,Accepted with budget,Bachelor
26002065,Узбекистан /,Экономика / Economics (in Russian); Менеджмент (на английском языке) / Management (in English); Графический дизайн / Graphic Design (in Russian),3,Accepted with budget,Bachelor
26002066,Пакистан /,Международные отношения / International Relations (in Russian); Графический дизайн / Graphic Design (in Russian); Социология (на английском языке) / Sociology (in English),3,Accepted with budget,Master
26002067,Казахстан /,Юриспруденция / Law (in Russian); История / History (in Russian); Международные отношения / International Relations (in Russian),3,Accepted with budget,Bachelor
26002068,Казахстан /,Науки о Земле / Earth Sciences (in Russian),1,Accepted with budget,Bachelor
26002069,Того /,Дизайн среды / Environmental Design (in Russian); Науки о Земле и окружающей среде / Earth and Environmental Sciences (in Russian); Нефтегазовая геология / Petroleum Geology (in Russian),3,Accepted with budget,Master
26002070,Казахстан /,Экономика / Economics (in Russian); Английский язык / English; Менеджмент и государственное и муниципальное управление / Management and Public Administration (in Russian),3,Accepted with budget,Bachelor
26002071,ТУРКМЕНИСТАН /,Экономика / Economics (in Russian); Международные отношения / International Relations (in Russian); Юриспруденция / Law (in Russian),3,Accepted with budget,Bachelor
26002072,Казахстан /,Прикладная математика и процессы управления / Applied Mathematics and Control Processes (in Russian); Экономика / Economics (in Russian); Математика и механика / Mathematics and Mechanics (in Russian),3,Accepted with budget,Master
26002073,Казахстан /,Социология / Sociology (in Russian); Международные отношения / International Relations (in Russian); Философия / Philosophy (in Russian),3,Accepted with budget,Bachelor
26002075,Украина /,Менеджмент (на английском языке) / Management (in English); Психология / Psychology (in Russian),2,Accepted with budget,Bachelor
26002076,Казахстан /,Менеджмент и государственное и муниципальное управление / Management and Public Administration (in Russian); Экономика / Economics (in Russian),2,Accepted with budget,Bachelor
26002077,Нигерия /,Прикладная математика и процессы управления (на английском языке) / Applied Mathematics and Control Processes (in English),1,Accepted with budget,Master
26002078,Бангладеш /,Математика и компьютерные науки / Mathematics and Computer Science (in Russian); Нефтегазовое дело / Petroleum Engineering (in Russian),2,Accepted with budget,Bachelor
26002078,Бангладеш /,Медицина (на английском языке) / Medicine (in English),1,Accepted with budget,Specialist
26002079,Мавритания /,Экономика / Economics (in Russian),1,Accepted with budget,Master
26002080,Беларусь /,Психология / Psychology (in Russian); Экономика / Economics (in Russian); Менеджмент и государственное и муниципальное управление / Management and Public Administration (in Russian),3,Accepted with budget,Master
26002081,Казахстан /,Журналистика и массовые коммуникации / Journalism and Mass Communication (in Russian),1,Accepted with budget,Bachelor
26002082,Пакистан /,Менеджмент (на английском языке) / Management (in English),1,Accepted with budget,Bachelor
26002082,Пакистан /,Медицина (на английском языке) / Medicine (in English); Стоматология (на английском языке) / Dental Medicine (in English),2,Accepted with budget,Specialist
26002083,Пакистан /,Нефтегазовое дело / Petroleum Engineering (in Russian); Психология / Psychology (in Russian); Биология / Biology (in Russian),3,Accepted with budget,Bachelor
26002084,Узбекистан /,Психология / Psychology (in Russian),1,Accepted with budget,Bachelor
26002085,Казахстан /,Химия / Chemistry (in Russian),1,Accepted with budget,Bachelor
26002086,Узбекистан /,Журналистика и массовые коммуникации / Journalism and Mass Communication (in Russian),1,Accepted with budget,Master
26002087,Казахстан /,Юриспруденция / Law (in Russian),1,Accepted with budget,Bachelor
26002088,Казахстан /,Математика и компьютерные науки / Mathematics and Computer Science (in Russian); Прикладная математика и процессы управления / Applied Mathematics and Control Processes (in Russian); Математика и механика / Mathematics and Mechanics (in Russian),3,Accepted with budget,Bachelor
26002089,Казахстан /,Юриспруденция / Law (in Russian); Международные отношения / International Relations (in Russian); Журналистика и массовые коммуникации / Journalism and Mass Communication (in Russian),3,Accepted with budget,Bachelor
26002090,Бангладеш /,Менеджмент (на английском языке) / Management (in English); Английский язык / English,2,Accepted with budget,Bachelor
26002091,Казахстан /,Журналистика и массовые коммуникации / Journalism and Mass Communication (in Russian),1,Accepted with budget,Bachelor
26002092,Сомали /,Международные отношения / International Relations (in Russian); Графический дизайн / Graphic Design (in Russian),2,Accepted with budget,Bachelor
26002093,Казахстан /,Прикладная математика и процессы управления / Applied Mathematics and Control Processes (in Russian); Математика и компьютерные науки / Mathematics and Computer Science (in Russian),2,Accepted with budget,Bachelor
26002094,Казахстан /,Международные отношения / International Relations (in Russian); Нефтегазовое дело / Petroleum Engineering (in Russian); Психология / Psychology (in Russian),3,Accepted with budget,Bachelor
26002095,"МОЛДОВА, РЕСПУБЛИКА /",Социология / Sociology (in Russian),1,Accepted with budget,Bachelor
26002096,Узбекистан /,Экономика / Economics (in Russian); Менеджмент и государственное и муниципальное управление / Management and Public Administration (in Russian); Математика и компьютерные науки / Mathematics and Computer Science (in Russian),3,Accepted with budget,Bachelor
26002097,Казахстан /,Психология / Psychology (in Russian); Журналистика и массовые коммуникации / Journalism and Mass Communication (in Russian); Международные отношения / International Relations (in Russian),3,Accepted with budget,Bachelor
26002098,Бангладеш /,Менеджмент (на английском языке) / Management (in English); Международные отношения (на английском языке) / International Relations (in English); Деловая коммуникация на английском языке / Business Communication in English,3,Accepted with budget,Master
26002099,Беларусь /,Психология / Psychology (in Russian),1,Accepted with budget,Bachelor
26002100,Азербайджан /,Юриспруденция / Law (in Russian),1,Accepted with budget,Bachelor
26002101,Казахстан /,Международные отношения / International Relations (in Russian); Социология / Sociology (in Russian); Политология / Political Science (in Russian),3,Accepted with budget,Master
26002102,Узбекистан /,Экономика / Economics (in Russian),1,Accepted with budget,Bachelor
26002103,Афганистан /,Менеджмент и государственное и муниципальное управление / Management and Public Administration (in Russian); Языкознание и литературоведение / Linguistics and Literary Studies (in Russian),2,Accepted with budget,Bachelor
26002104,Пакистан /,Деловая коммуникация на английском языке / Business Communication in English; Международные отношения (на английском языке) / International Relations (in English); Журналистика и массовые коммуникации / Journalism and Mass Communication (in Russian),3,Accepted with budget,Master
26002105,Индия /,Английский язык / English,1,Accepted with budget,Bachelor
26002106,Эфиопия /,Экономика / Economics (in Russian),1,Accepted with budget,Bachelor
26002107,Казахстан /,Физика / Physics (in Russian); Прикладная математика и процессы управления / Applied Mathematics and Control Processes (in Russian),2,Accepted with budget,Bachelor
26002108,Казахстан /,Менеджмент и государственное и муниципальное управление / Management and Public Administration (in Russian); Экономика / Economics (in Russian),2,Accepted with budget,Bachelor
26002109,ТУРКМЕНИСТАН /,Юриспруденция / Law (in Russian),1,Accepted with budget,Bachelor
26002110,Нигерия /,Физика (на английском языке) / Physics (in English); Науки о Земле и окружающей среде / Earth and Environmental Sciences (in Russian); Математика и механика (на английском языке) / Mathematics and Mechanics (in English),3,Accepted with budget,Master
26002111,Казахстан /,Графический дизайн / Graphic Design (in Russian); Психология / Psychology (in Russian),2,Accepted with budget,Bachelor
26002112,Казахстан /,Журналистика и массовые коммуникации / Journalism and Mass Communication (in Russian),1,Accepted with budget,Master
26002113,Нигерия /,Менеджмент (на английском языке) / Management (in English),1,Accepted with budget,Bachelor
26002114,Нигерия /,Психология / Psychology (in Russian); Социология / Sociology (in Russian),2,Accepted with budget,Bachelor
26002114,Нигерия /,Стоматология (на английском языке) / Dental Medicine (in English),1,Accepted with budget,Specialist
26002115,Узбекистан /,Юриспруденция / Law (in Russian),1,Accepted with budget,Bachelor
26002116,КИРГИЗИЯ /,Английский язык / English,1,Accepted with budget,Bachelor
26002117,Бангладеш /,Математика и механика / Mathematics and Mechanics (in Russian); Математика и компьютерные науки / Mathematics and Computer Science (in Russian); Менеджмент (на английском языке) / Management (in English),3,Accepted with budget,Bachelor
26002118,КИРГИЗИЯ /,Менеджмент (на английском языке) / Management (in English),1,Accepted with budget,Bachelor
26002120,Узбекистан /,Современная математика (на английском языке) / Modern Mathematics (in English); Математика и механика / Mathematics and Mechanics (in Russian); Прикладная математика и процессы управления / Applied Mathematics and Control Processes (in Russian),3,Accepted with budget,Master
26002121,Нигерия /,Науки о Земле и окружающей среде / Earth and Environmental Sciences (in Russian); Биология / Biology (in Russian),2,Accepted with budget,Master
26002122,Казахстан /,Нефтегазовое дело / Petroleum Engineering (in Russian),1,Accepted with budget,Bachelor
26002123,КИТАЙ /,Языкознание и литературоведение / Linguistics and Literary Studies (in Russian),1,Accepted with budget,Bachelor
26002125,Алжир /,Медицина (на английском языке) / Medicine (in English); Медицина / Medicine (in Russian),2,Accepted with budget,Specialist
26002125,Алжир /,Математика и компьютерные науки / Mathematics and Computer Science (in Russian),1,Accepted with budget,Bachelor
26002126,Египет /,Менеджмент (на английском языке) / Management (in English); Языкознание и литературоведение / Linguistics and Literary Studies (in Russian),2,Accepted with budget,Bachelor
26002127,КИТАЙ /,Языкознание и литературоведение / Linguistics and Literary Studies (in Russian),1,Accepted with budget,Bachelor
26002128,Бангладеш /,Математика и компьютерные науки / Mathematics and Computer Science (in Russian); Математика и механика / Mathematics and Mechanics (in Russian),2,Accepted with budget,Bachelor
26002129,КИТАЙ /,Экономика / Economics (in Russian); Менеджмент и государственное и муниципальное управление / Management and Public Administration (in Russian); Английский язык / English,3,Accepted with budget,Bachelor
26002130,Судан /,Нефтегазовое дело / Petroleum Engineering (in Russian); Математика и компьютерные науки / Mathematics and Computer Science (in Russian),2,Accepted with budget,Bachelor
26002130,Судан /,Медицина / Medicine (in Russian),1,Accepted with budget,Specialist
26002131,Лицо без гражданства /,Менеджмент (на английском языке) / Management (in English); Журналистика и массовые коммуникации / Journalism and Mass Communication (in Russian),2,Accepted with budget,Master
26002132,Афганистан /,Менеджмент (на английском языке) / Management (in English),1,Accepted with budget,Bachelor
26002132,Афганистан /,Медицина (на английском языке) / Medicine (in English); Стоматология (на английском языке) / Dental Medicine (in English),2,Accepted with budget,Specialist
26002133,Йемен /,Нефтегазовое дело / Petroleum Engineering (in Russian),1,Accepted with budget,Bachelor
26002134,Алжир /,Биология / Biology (in Russian),1,Accepted with budget,Bachelor
26002135,Афганистан /,Графический дизайн / Graphic Design (in Russian),1,Accepted with budget,Bachelor
26002136,Нигерия /,Физика (на английском языке) / Physics (in English); Социология (на английском языке) / Sociology (in English),2,Accepted with budget,Master
26002137,Йемен /,Физическая культура / Physical Education (in Russian); Международные отношения / International Relations (in Russian); Менеджмент и государственное и муниципальное управление / Management and Public Administration (in Russian),3,Accepted with budget,Bachelor
26002138,Камерун /,Экономика / Economics (in Russian); Менеджмент (на английском языке) / Management (in English); Математика и компьютерные науки / Mathematics and Computer Science (in Russian),3,Accepted with budget,Bachelor
26002139,Нигерия /,Нефтегазовое дело / Petroleum Engineering (in Russian); Математика и компьютерные науки / Mathematics and Computer Science (in Russian); Химия / Chemistry (in Russian),3,Accepted with budget,Bachelor
26002140,Бангладеш /,Деловая коммуникация на английском языке / Business Communication in English,1,Accepted with budget,Master
26002141,Узбекистан /,Математика и компьютерные науки / Mathematics and Computer Science (in Russian); Прикладная математика и процессы управления / Applied Mathematics and Control Processes (in Russian); Математика и механика / Mathematics and Mechanics (in Russian),3,Accepted with budget,Bachelor
26002142,КИТАЙ /,Журналистика и массовые коммуникации / Journalism and Mass Communication (in Russian); Социология / Sociology (in Russian); Политология / Political Science (in Russian),3,Accepted with budget,Bachelor
26002143,Казахстан /,Юриспруденция / Law (in Russian),1,Accepted with budget,Bachelor
26002144,Казахстан /,Экономика / Economics (in Russian),1,Accepted with budget,Bachelor
26002145,КИТАЙ /,Менеджмент (на английском языке) / Management (in English); Экономика (на английском языке) / Economics (in English); Языкознание и литературоведение (на французском языке) / Linguistics and Literary Studies (in French),3,Accepted with budget,Master
26002146,Казахстан /,Психология / Psychology (in Russian),1,Accepted with budget,Bachelor
26002147,Алжир /,Менеджмент (на английском языке) / Management (in English); Английский язык / English; Экономика / Economics (in Russian),3,Accepted with budget,Bachelor
26002148,Бангладеш /,Международные отношения (на английском языке) / International Relations (in English); Юриспруденция (на английском языке) / Law (in English); Культурология (на английском языке) / Cultural Studies (in English),3,Accepted with budget,Master
26002149,Бангладеш /,Международные отношения / International Relations (in Russian),1,Accepted with budget,Bachelor
26002150,Пакистан /,Менеджмент (на английском языке) / Management (in English),1,Accepted with budget,Bachelor
26002151,Йемен /,Экономика / Economics (in Russian); Менеджмент (на английском языке) / Management (in English); Менеджмент и государственное и муниципальное управление / Management and Public Administration (in Russian),3,Accepted with budget,Bachelor
26002152,Казахстан /,Математика и компьютерные науки / Mathematics and Computer Science (in Russian),1,Accepted with budget,Bachelor
26002153,Эфиопия /,Международные отношения / International Relations (in Russian); Науки о Земле / Earth Sciences (in Russian); Менеджмент (на английском языке) / Management (in English),3,Accepted with budget,Bachelor
26002154,Казахстан /,Юриспруденция / Law (in Russian),1,Accepted with budget,Bachelor
26002155,Эфиопия /,Математика и компьютерные науки / Mathematics and Computer Science (in Russian),1,Accepted with budget,Bachelor
26002156,Нигерия /,Менеджмент (на английском языке) / Management (in English),1,Accepted with budget,Bachelor
26002156,Нигерия /,Медицина (на английском языке) / Medicine (in English); Стоматология (на английском языке) / Dental Medicine (in English),2,Accepted with budget,Specialist
26002157,Гамбия /,Биология / Biology (in Russian),1,Accepted with budget,Bachelor
26002157,Гамбия /,Медицина (на английском языке) / Medicine (in English),1,Accepted with budget,Specialist
26002158,Перу /,Журналистика и массовые коммуникации / Journalism and Mass Communication (in Russian),1,Accepted with budget,Bachelor
26002158,Перу /,Медицина / Medicine (in Russian); Медицина (на английском языке) / Medicine (in English),2,Accepted with budget,Specialist
26002162,"ИРАН, ИСЛАМСКАЯ РЕСПУБЛИКА /",Стоматология / Dental Medicine (in Russian),1,Accepted with budget,Specialist
26002162,"ИРАН, ИСЛАМСКАЯ РЕСПУБЛИКА /",Математика и компьютерные науки / Mathematics and Computer Science (in Russian),1,Accepted with budget,Bachelor
26002163,"ИРАН, ИСЛАМСКАЯ РЕСПУБЛИКА /",Стоматология (на английском языке) / Dental Medicine (in English); Стоматология / Dental Medicine (in Russian); Медицина / Medicine (in Russian),3,Accepted with budget,Specialist
26002164,"ТАНЗАНИЯ, ОБЪЕДИНЕННАЯ РЕСПУБЛИКА /",Медицина (на английском языке) / Medicine (in English); Стоматология (на английском языке) / Dental Medicine (in English),2,Accepted with budget,Specialist
26002165,Эритрея /,Менеджмент (на английском языке) / Management (in English); Психология / Psychology (in Russian); Менеджмент и государственное и муниципальное управление / Management and Public Administration (in Russian),3,Accepted with budget,Bachelor
26002166,Казахстан /,Биология / Biology (in Russian); Журналистика и массовые коммуникации / Journalism and Mass Communication (in Russian),2,Accepted with budget,Bachelor
26002166,Казахстан /,Медицина / Medicine (in Russian),1,Accepted with budget,Specialist
26002167,Пакистан /,Биология / Biology (in Russian),1,Accepted with budget,Bachelor
26002167,Пакистан /,Стоматология (на английском языке) / Dental Medicine (in English); Медицина (на английском языке) / Medicine (in English),2,Accepted with budget,Specialist
26002168,Казахстан /,Физическая культура / Physical Education (in Russian); Биология / Biology (in Russian); Химия / Chemistry (in Russian),3,Accepted with budget,Bachelor
26002169,Узбекистан /,Психология / Psychology (in Russian); Экономика / Economics (in Russian); Биология / Biology (in Russian),3,Accepted with budget,Bachelor
26002170,Казахстан /,Нефтегазовое дело / Petroleum Engineering (in Russian),1,Accepted with budget,Bachelor
26002171,Камерун /,Математика и компьютерные науки / Mathematics and Computer Science (in Russian),1,Accepted with budget,Bachelor
26002172,Казахстан /,Языкознание и литературоведение / Linguistics and Literary Studies (in Russian),1,Accepted with budget,Bachelor
26002173,"МОЛДОВА, РЕСПУБЛИКА /",Прикладная математика и процессы управления / Applied Mathematics and Control Processes (in Russian); Математика и механика / Mathematics and Mechanics (in Russian); Математика и компьютерные науки / Mathematics and Computer Science (in Russian),3,Accepted with budget,Bachelor
26002174,Нигерия /,Медицина (на английском языке) / Medicine (in English),1,Accepted with budget,Specialist
26002175,Нигерия /,Менеджмент (на английском языке) / Management (in English); Английский язык / English,2,Accepted with budget,Bachelor
26002176,Пакистан /,Английский язык / English; Менеджмент (на английском языке) / Management (in English),2,Accepted with budget,Bachelor
26002177,Камбоджа /,Физика / Physics (in Russian); Математика и механика / Mathematics and Mechanics (in Russian),2,Accepted with budget,Bachelor
26002178,Судан /,Менеджмент (на английском языке) / Management (in English),1,Accepted with budget,Bachelor
26002179,Эфиопия /,Математика и компьютерные науки / Mathematics and Computer Science (in Russian); Менеджмент (на английском языке) / Management (in English); Экономика / Economics (in Russian),3,Accepted with budget,Bachelor
26002180,Казахстан /,Медицина / Medicine (in Russian); Стоматология / Dental Medicine (in Russian),2,Accepted with budget,Specialist
26002180,Казахстан /,Нефтегазовое дело / Petroleum Engineering (in Russian),1,Accepted with budget,Bachelor
26002181,Казахстан /,Менеджмент и государственное и муниципальное управление / Management and Public Administration (in Russian); Журналистика и массовые коммуникации / Journalism and Mass Communication (in Russian); Экономика / Economics (in Russian),3,Accepted with budget,Bachelor
26002182,Египет /,Менеджмент и государственное и муниципальное управление / Management and Public Administration (in Russian),1,Accepted with budget,Bachelor
26002183,Узбекистан /,Международные отношения / International Relations (in Russian),1,Accepted with budget,Bachelor
26002184,Казахстан /,Стоматология / Dental Medicine (in Russian),1,Accepted with budget,Specialist
26002185,Казахстан /,Экономика / Economics (in Russian),1,Accepted with budget,Bachelor
26002186,Казахстан /,Графика / Graphics (in Russian),1,Accepted with budget,Specialist
26002186,Казахстан /,Графический дизайн / Graphic Design (in Russian); Дизайн среды / Environmental Design (in Russian),2,Accepted with budget,Bachelor
26002187,Узбекистан /,Прикладная математика и процессы управления / Applied Mathematics and Control Processes (in Russian); Математика и компьютерные науки / Mathematics and Computer Science (in Russian); Математика и механика / Mathematics and Mechanics (in Russian),3,Accepted with budget,Bachelor
26002188,Нигерия /,Менеджмент (на английском языке) / Management (in English); Культурология (на английском языке) / Cultural Studies (in English); Социология (на английском языке) / Sociology (in English),3,Accepted with budget,Master
26002189,Иордания /,Математика и компьютерные науки / Mathematics and Computer Science (in Russian); Прикладная математика и процессы управления / Applied Mathematics and Control Processes (in Russian),2,Accepted with budget,Bachelor
26002190,Бангладеш /,Науки о Земле и окружающей среде / Earth and Environmental Sciences (in Russian); Биология / Biology (in Russian),2,Accepted with budget,Master
26002191,ТУРКМЕНИСТАН /,Международные отношения / International Relations (in Russian); Дизайн среды / Environmental Design (in Russian),2,Accepted with budget,Bachelor
26002192,Перу /,Языкознание и литературоведение / Linguistics and Literary Studies (in Russian); Международные отношения / International Relations (in Russian); Когнитивные исследования / Cognitive Studies (in Russian),3,Accepted with budget,Master
26002193,Казахстан /,Журналистика и массовые коммуникации / Journalism and Mass Communication (in Russian); Нефтегазовое дело / Petroleum Engineering (in Russian); Физическая культура / Physical Education (in Russian),3,Accepted with budget,Bachelor
26002194,Эфиопия /,Прикладная математика и процессы управления (на английском языке) / Applied Mathematics and Control Processes (in English),1,Accepted with budget,Master
26002195,Египет /,Науки о Земле и окружающей среде / Earth and Environmental Sciences (in Russian); Менеджмент и государственное и муниципальное управление / Management and Public Administration (in Russian),2,Accepted with budget,Master
26002196,Казахстан /,Менеджмент (на английском языке) / Management (in English); Экономика / Economics (in Russian),2,Accepted with budget,Bachelor
26002197,Казахстан /,Юриспруденция / Law (in Russian),1,Accepted with budget,Bachelor
26002198,КИТАЙ /,Графический дизайн / Graphic Design (in Russian); Дизайн среды / Environmental Design (in Russian); Искусства и гуманитарные науки / Arts and Humanities (in Russian),3,Accepted with budget,Master
26002199,"ПАЛЕСТИНА, ГОСУДАРСТВО /",Прикладная математика и процессы управления (на английском языке) / Applied Mathematics and Control Processes (in English); Прикладная математика и процессы управления / Applied Mathematics and Control Processes (in Russian); Графический дизайн / Graphic Design (in Russian),3,Accepted with budget,Master
26002200,ТУРКМЕНИСТАН /,Менеджмент и государственное и муниципальное управление / Management and Public Administration (in Russian); Экономика / Economics (in Russian),2,Accepted with budget,Bachelor
26002201,Нигерия /,Культурология (на английском языке) / Cultural Studies (in English); Менеджмент (на английском языке) / Management (in English); Менеджмент и государственное и муниципальное управление / Management and Public Administration (in Russian),3,Accepted with budget,Master
26002202,СИРИЙСКАЯ АРАБСКАЯ РЕСПУБЛИКА /,Науки о Земле и окружающей среде / Earth and Environmental Sciences (in Russian); Менеджмент / Management (in Russian); Международные отношения / International Relations (in Russian),3,Accepted with budget,PhD
26002203,Индия /,Математика и механика (на английском языке) / Mathematics and Mechanics (in English),1,Accepted with budget,Master
26002204,Казахстан /,Графический дизайн / Graphic Design (in Russian); Декоративно-прикладное искусство / Applied Art (in Russian),2,Accepted with budget,Bachelor
26002205,Нигерия /,Математика и компьютерные науки / Mathematics and Computer Science (in Russian); Математика и механика / Mathematics and Mechanics (in Russian),2,Accepted with budget,Bachelor
26002206,Эфиопия /,Менеджмент (на английском языке) / Management (in English); Деловая коммуникация на английском языке / Business Communication in English; Международные отношения (на английском языке) / International Relations (in English),3,Accepted with budget,Master
26002207,Нигерия /,Менеджмент (на английском языке) / Management (in English); Английский язык / English; Дизайн среды / Environmental Design (in Russian),3,Accepted with budget,Bachelor
26002208,Азербайджан /,Журналистика и массовые коммуникации / Journalism and Mass Communication (in Russian); Юриспруденция / Law (in Russian); Социология / Sociology (in Russian),3,Accepted with budget,Bachelor
26002209,Казахстан /,Международные отношения / International Relations (in Russian); Английский язык / English,2,Accepted with budget,Bachelor
26002210,Казахстан /,Графика / Graphics (in Russian),1,Accepted with budget,Specialist
26002210,Казахстан /,Дизайн среды / Environmental Design (in Russian); Искусства и гуманитарные науки / Arts and Humanities (in Russian),2,Accepted with budget,Bachelor
26002211,Ирак /,Физика (на английском языке) / Physics (in English),1,Accepted with budget,Master
26002212,Эфиопия /,Международные отношения / International Relations (in Russian),1,Accepted with budget,Bachelor
26002213,КИТАЙ /,Языкознание и литературоведение / Linguistics and Literary Studies (in Russian); Педагогика / Pedagogy (in Russian); Психология / Psychology (in Russian),3,Accepted with budget,Master
26002214,Узбекистан /,Экономика / Economics (in Russian); Менеджмент и государственное и муниципальное управление / Management and Public Administration (in Russian); Менеджмент (на английском языке) / Management (in English),3,Accepted with budget,Bachelor
26002215,Казахстан /,Математика и компьютерные науки / Mathematics and Computer Science (in Russian); Прикладная математика и процессы управления / Applied Mathematics and Control Processes (in Russian),2,Accepted with budget,Bachelor
26002216,КИТАЙ /,Юриспруденция / Law (in Russian); Антимонопольное регулирование / Antimonopoly regulation (in Russian),2,Accepted with budget,Master
26002217,Египет /,Менеджмент (на английском языке) / Management (in English); Математика и механика (на английском языке) / Mathematics and Mechanics (in English),2,Accepted with budget,PhD
26002218,Беларусь /,Математика и компьютерные науки / Mathematics and Computer Science (in Russian); Прикладная математика и процессы управления / Applied Mathematics and Control Processes (in Russian),2,Accepted with budget,Bachelor
26002219,Пакистан /,Физика (на английском языке) / Physics (in English); Менеджмент и государственное и муниципальное управление / Management and Public Administration (in Russian); Физика / Physics (in Russian),3,Accepted with budget,Master
26002220,Узбекистан /,Юриспруденция / Law (in Russian); Международные отношения / International Relations (in Russian); Экономика / Economics (in Russian),3,Accepted with budget,Bachelor
26002221,Казахстан /,Международные отношения / International Relations (in Russian); Политология / Political Science (in Russian),2,Accepted with budget,PhD
26002222,Бангладеш /,Математика и компьютерные науки / Mathematics and Computer Science (in Russian),1,Accepted with budget,Bachelor
26002223,Казахстан /,Математика и компьютерные науки / Mathematics and Computer Science (in Russian),1,Accepted with budget,Bachelor
26002224,КИТАЙ /,Языкознание и литературоведение / Linguistics and Literary Studies (in Russian); Международные отношения / International Relations (in Russian); Иностранные языки / Foreign Languages (in Russian),3,Accepted with budget,Master
26002225,ТУРКМЕНИСТАН /,Международные отношения / International Relations (in Russian),1,Accepted with budget,Bachelor
26002225,ТУРКМЕНИСТАН /,Медицина (на английском языке) / Medicine (in English); Стоматология (на английском языке) / Dental Medicine (in English),2,Accepted with budget,Specialist
26002226,Гватемала /,Физические науки / Physical Sciences (in Russian),1,Accepted with budget,PhD
26002227,Индонезия /,Экономика (на английском языке) / Economics (in English),1,Accepted with budget,Master
26002228,Казахстан /,Менеджмент (на английском языке) / Management (in English); Экономика / Economics (in Russian); Менеджмент и государственное и муниципальное управление / Management and Public Administration (in Russian),3,Accepted with budget,Bachelor
26002229,Казахстан /,Дизайн среды / Environmental Design (in Russian),1,Accepted with budget,Bachelor
26002229,Казахстан /,Стоматология / Dental Medicine (in Russian),1,Accepted with budget,Specialist
26002230,Афганистан /,Экономика (на английском языке) / Economics (in English); Культурология (на английском языке) / Cultural Studies (in English); Социология (на английском языке) / Sociology (in English),3,Accepted with budget,Master
26002231,Перу /,Медицина (на английском языке) / Medicine (in English),1,Accepted with budget,Specialist
26002231,Перу /,Менеджмент (на английском языке) / Management (in English),1,Accepted with budget,Bachelor
26002232,Казахстан /,Математика и компьютерные науки / Mathematics and Computer Science (in Russian); Прикладная математика и процессы управления / Applied Mathematics and Control Processes (in Russian),2,Accepted with budget,Bachelor
26002233,Узбекистан /,Социология / Sociology (in Russian),1,Accepted with budget,PhD
26002234,ТУРКМЕНИСТАН /,Прикладная математика и процессы управления / Applied Mathematics and Control Processes (in Russian); Менеджмент (на английском языке) / Management (in English),2,Accepted with budget,Master
26002235,Пакистан /,Медицина (на английском языке) / Medicine (in English); Медицина / Medicine (in Russian); Стоматология (на английском языке) / Dental Medicine (in English),3,Accepted with budget,Specialist
26002236,Пакистан /,Менеджмент (на английском языке) / Management (in English); Экономика (на английском языке) / Economics (in English),2,Accepted with budget,Master
26002237,Нигерия /,Медицина (на английском языке) / Medicine (in English),1,Accepted with budget,Specialist
26002237,Нигерия /,Физика / Physics (in Russian); Математика и компьютерные науки / Mathematics and Computer Science (in Russian),2,Accepted with budget,Bachelor
26002238,Мавритания /,Компьютерные науки и информационные технологии / Computer Science and Information Technology (in Russian),1,Accepted with budget,PhD
26002239,Бангладеш /,Менеджмент (на английском языке) / Management (in English); Деловая коммуникация на английском языке / Business Communication in English; Международные отношения (на английском языке) / International Relations (in English),3,Accepted with budget,Master
26002240,Казахстан /,Менеджмент и государственное и муниципальное управление / Management and Public Administration (in Russian); Экономика / Economics (in Russian); Нефтегазовое дело / Petroleum Engineering (in Russian),3,Accepted with budget,Bachelor
26002241,Кения /,Медицина (на английском языке) / Medicine (in English); Стоматология (на английском языке) / Dental Medicine (in English); Стоматология / Dental Medicine (in Russian),3,Accepted with budget,Specialist
26002242,Таджикистан /,Социология / Sociology (in Russian); Психология / Psychology (in Russian); Менеджмент (на английском языке) / Management (in English),3,Accepted with budget,Bachelor
26002243,КИТАЙ /,Международные отношения / International Relations (in Russian); Политология / Political Science (in Russian),2,Accepted with budget,Master
26002244,Чили /,Теология / Theology (in Russian),1,Accepted with budget,PhD
26002246,Эфиопия /,Менеджмент (на английском языке) / Management (in English),1,Accepted with budget,Bachelor
26002247,Казахстан /,Стоматология / Dental Medicine (in Russian); Медицина / Medicine (in Russian),2,Accepted with budget,Specialist
26002248,ТУРКМЕНИСТАН /,Медицина / Medicine (in Russian),1,Accepted with budget,Specialist
26002249,Пакистан /,Прикладная математика и процессы управления (на английском языке) / Applied Mathematics and Control Processes (in English); Математика и механика (на английском языке) / Mathematics and Mechanics (in English),2,Accepted with budget,Master
26002250,ТУРКМЕНИСТАН /,Медицина / Medicine (in Russian); Биологические науки / Biological sciences (in Russian),2,Accepted with budget,PhD
26002251,Эфиопия /,Математика и компьютерные науки / Mathematics and Computer Science (in Russian); Менеджмент (на английском языке) / Management (in English); Химия / Chemistry (in Russian),3,Accepted with budget,Bachelor
26002252,Казахстан /,Медицина / Medicine (in Russian),1,Accepted with budget,Specialist
26002253,Нигерия /,Современная математика (на английском языке) / Modern Mathematics (in English),1,Accepted with budget,Master
26002254,Зимбабве /,Международные отношения / International Relations (in Russian); Юриспруденция / Law (in Russian); Политология / Political Science (in Russian),3,Accepted with budget,Bachelor
26002255,ТУРКМЕНИСТАН /,Медицина / Medicine (in Russian),1,Accepted with budget,Specialist
26002256,Судан /,Международные отношения / International Relations (in Russian); Международные отношения (на английском языке) / International Relations (in English); Языкознание и литературоведение (на английском языке) / Foreign Languages (in English),3,Accepted with budget,Master
26002257,ТУРКМЕНИСТАН /,Медицина / Medicine (in Russian),1,Accepted with budget,Specialist
26002258,Афганистан /,Международные отношения / International Relations (in Russian); Журналистика и массовые коммуникации / Journalism and Mass Communication (in Russian); Юриспруденция / Law (in Russian),3,Accepted with budget,Master
26002259,Узбекистан /,Международные отношения / International Relations (in Russian); Право / Law (in Russian); Менеджмент / Management (in Russian),3,Accepted with budget,PhD
26002260,Казахстан /,Юриспруденция / Law (in Russian),1,Accepted with budget,Bachelor
26002261,Нигерия /,Медицина (на английском языке) / Medicine (in English),1,Accepted with budget,Specialist
26002262,Алжир /,Стоматология (на английском языке) / Dental Medicine (in English); Стоматология / Dental Medicine (in Russian),2,Accepted with budget,Specialist
26002263,Нигерия /,Прикладная математика и процессы управления (на английском языке) / Applied Mathematics and Control Processes (in English),1,Accepted with budget,Master
26002264,СИРИЙСКАЯ АРАБСКАЯ РЕСПУБЛИКА /,Менеджмент (на английском языке) / Management (in English),1,Accepted with budget,Bachelor
26002265,Судан /,Науки о Земле и окружающей среде / Earth and Environmental Sciences (in Russian),1,Accepted with budget,Master
26002266,Гана /,Экономика / Economics (in Russian),1,Accepted with budget,Bachelor
26002267,Йемен /,Математика и компьютерные науки / Mathematics and Computer Science (in Russian); Прикладная математика и процессы управления / Applied Mathematics and Control Processes (in Russian); Математика и механика / Mathematics and Mechanics (in Russian),3,Accepted with budget,Bachelor
26002268,Алжир /,Медицина (на английском языке) / Medicine (in English); Медицина / Medicine (in Russian),2,Accepted with budget,Specialist
26002269,Алжир /,Компьютерные науки и информационные технологии / Computer Science and Information Technology (in Russian),1,Accepted with budget,PhD
26002270,"ПАЛЕСТИНА, ГОСУДАРСТВО /",Юриспруденция / Law (in Russian),1,Accepted with budget,Master
26002271,Нигерия /,Менеджмент (на английском языке) / Management (in English),1,Accepted with budget,Master
26002272,Афганистан /,Транспортные системы / Transport systems (in Russian); Науки о Земле и окружающей среде / Earth and Environmental Sciences (in Russian); Педагогика / Pedagogy (in Russian),3,Accepted with budget,PhD
26002273,Пакистан /,Медицина (на английском языке) / Medicine (in English); Стоматология (на английском языке) / Dental Medicine (in English),2,Accepted with budget,Specialist
26002274,Египет /,Международные отношения (на английском языке) / International Relations (in English),1,Accepted with budget,Master
26002275,Пакистан /,Математика и компьютерные науки / Mathematics and Computer Science (in Russian); Прикладная математика и процессы управления / Applied Mathematics and Control Processes (in Russian),2,Accepted with budget,Bachelor
26002276,Индия /,Международные отношения / International Relations (in Russian); Языкознание и литературоведение / Linguistics and Literary Studies (in Russian); Английский язык / English,3,Accepted with budget,Bachelor
26002277,СИРИЙСКАЯ АРАБСКАЯ РЕСПУБЛИКА /,Медицина / Medicine (in Russian),1,Accepted with budget,Specialist
26002278,Пакистан /,Менеджмент (на английском языке) / Management (in English); Экономика (на английском языке) / Economics (in English),2,Accepted with budget,Master
26002279,Индонезия /,Менеджмент (на английском языке) / Management (in English),1,Accepted with budget,PhD
26002280,Узбекистан /,Международные отношения / International Relations (in Russian); Журналистика и массовые коммуникации / Journalism and Mass Communication (in Russian); Юриспруденция / Law (in Russian),3,Accepted with budget,Bachelor
26002281,Нигерия /,Медицина / Medicine (in Russian); Медицина (на английском языке) / Medicine (in English); Стоматология (на английском языке) / Dental Medicine (in English),3,Accepted with budget,Specialist
26002282,Алжир /,Математика и компьютерные науки / Mathematics and Computer Science (in Russian); Прикладная математика и процессы управления / Applied Mathematics and Control Processes (in Russian); Математика и механика / Mathematics and Mechanics (in Russian),3,Accepted with budget,Bachelor
26002283,Пакистан /,Математика и компьютерные науки / Mathematics and Computer Science (in Russian),1,Accepted with budget,Bachelor
26002284,Турция /,Стоматология / Dental Medicine (in Russian),1,Accepted with budget,Specialist
26002285,Гвинея /,Науки о Земле и окружающей среде / Earth and Environmental Sciences (in Russian),1,Accepted with budget,PhD
26002286,Мали /,Медицина / Medicine (in Russian),1,Accepted with budget,Specialist
26002287,СИРИЙСКАЯ АРАБСКАЯ РЕСПУБЛИКА /,Химия / Chemistry (in Russian); Психология / Psychology (in Russian),2,Accepted with budget,Bachelor
26002288,Узбекистан /,Медицина / Medicine (in Russian),1,Accepted with budget,PhD
26002289,Пакистан /,Менеджмент (на английском языке) / Management (in English),1,Accepted with budget,Master
26002290,Пакистан /,Медицина (на английском языке) / Medicine (in English); Стоматология / Dental Medicine (in Russian),2,Accepted with budget,Specialist
26002291,Казахстан /,Международные отношения / International Relations (in Russian),1,Accepted with budget,Bachelor
26002292,КИРГИЗИЯ /,Журналистика и массовые коммуникации / Journalism and Mass Communication (in Russian),1,Accepted with budget,Master
26002293,Йемен /,Медицина / Medicine (in Russian),1,Accepted with budget,PhD
26002294,Египет /,Медицина (на английском языке) / Medicine (in English); Медицина / Medicine (in Russian),2,Accepted with budget,Specialist
26002294,Египет /,Математика и компьютерные науки / Mathematics and Computer Science (in Russian),1,Accepted with budget,Bachelor
26002295,Бангладеш /,Менеджмент (на английском языке) / Management (in English); Деловая коммуникация на английском языке / Business Communication in English,2,Accepted with budget,Master
26002296,Бангладеш /,Прикладная математика и процессы управления / Applied Mathematics and Control Processes (in Russian),1,Accepted with budget,Bachelor
26002297,Египет /,Медицина (на английском языке) / Medicine (in English),1,Accepted with budget,Specialist
26002298,Пакистан /,Математика и механика (на английском языке) / Mathematics and Mechanics (in English); Математика и механика / Mathematics and Mechanics (in Russian),2,Accepted with budget,PhD
26002299,Беларусь /,Менеджмент и государственное и муниципальное управление / Management and Public Administration (in Russian); Международные отношения / International Relations (in Russian); Экономика / Economics (in Russian),3,Accepted with budget,Bachelor
26002300,Казахстан /,Биология / Biology (in Russian),1,Accepted with budget,Master
26002301,СИРИЙСКАЯ АРАБСКАЯ РЕСПУБЛИКА /,Биология / Biology (in Russian),1,Accepted with budget,Bachelor
26002301,СИРИЙСКАЯ АРАБСКАЯ РЕСПУБЛИКА /,Стоматология / Dental Medicine (in Russian); Медицина / Medicine (in Russian),2,Accepted with budget,Specialist
26002302,"ПАЛЕСТИНА, ГОСУДАРСТВО /",Стоматология (на английском языке) / Dental Medicine (in English); Стоматология / Dental Medicine (in Russian),2,Accepted with budget,Specialist
26002303,КИТАЙ /,Экономика (на английском языке) / Economics (in English); Менеджмент (на английском языке) / Management (in English); Международные отношения (на английском языке) / International Relations (in English),3,Accepted with budget,Master
26002304,Эфиопия /,Математика и компьютерные науки / Mathematics and Computer Science (in Russian); Нефтегазовое дело / Petroleum Engineering (in Russian),2,Accepted with budget,Bachelor
26002304,Эфиопия /,Медицина (на английском языке) / Medicine (in English),1,Accepted with budget,Specialist
26002305,Казахстан /,Медицина / Medicine (in Russian); Менеджмент / Management (in Russian),2,Accepted with budget,PhD
26002306,КИТАЙ /,Иностранные языки / Foreign Languages (in Russian); Международные отношения / International Relations (in Russian); Языкознание и литературоведение / Linguistics and Literary Studies (in Russian),3,Accepted with budget,Master
26002307,КИТАЙ /,Экономика / Economics (in Russian); Менеджмент и государственное и муниципальное управление / Management and Public Administration (in Russian); Менеджмент (на английском языке) / Management (in English),3,Accepted with budget,Master
26002308,Таджикистан /,Математика и компьютерные науки / Mathematics and Computer Science (in Russian); Журналистика и массовые коммуникации / Journalism and Mass Communication (in Russian); Философия / Philosophy (in Russian),3,Accepted with budget,Bachelor
26002309,Ливан /,Стоматология / Dental Medicine (in Russian),1,Accepted with budget,Specialist
26002310,Турция /,Языкознание и литературоведение / Linguistics and Literary Studies (in Russian),1,Accepted with budget,Master
26002311,КИТАЙ /,Культурология (на английском языке) / Cultural Studies (in English); Международные отношения (на английском языке) / International Relations (in English); Языкознание и литературоведение (на английском языке) / Foreign Languages (in English),3,Accepted with budget,Master
26002312,Афганистан /,Менеджмент (на английском языке) / Management (in English),1,Accepted with budget,Bachelor
26002313,Пакистан /,Медицина (на английском языке) / Medicine (in English),1,Accepted with budget,Specialist
26002314,КИТАЙ /,Языкознание и литературоведение / Linguistics and Literary Studies (in Russian),1,Accepted with budget,Bachelor
26002315,"ИРАН, ИСЛАМСКАЯ РЕСПУБЛИКА /",Стоматология / Dental Medicine (in Russian),1,Accepted with budget,PhD
26002316,Казахстан /,Нефтегазовое дело / Petroleum Engineering (in Russian),1,Accepted with budget,Bachelor
26002316,Казахстан /,Медицина / Medicine (in Russian),1,Accepted with budget,Specialist
26002317,"ПАЛЕСТИНА, ГОСУДАРСТВО /",Медицина (на английском языке) / Medicine (in English),1,Accepted with budget,Specialist
26002318,Пакистан /,Международные отношения (на английском языке) / International Relations (in English),1,Accepted with budget,Master
26002319,Казахстан /,Психология / Psychology (in Russian); Химия / Chemistry (in Russian),2,Accepted with budget,Bachelor
26002320,Эфиопия /,Математика и компьютерные науки / Mathematics and Computer Science (in Russian),1,Accepted with budget,Bachelor
26002321,Камерун /,Математика и механика / Mathematics and Mechanics (in Russian); Физика / Physics (in Russian); Прикладная математика и процессы управления / Applied Mathematics and Control Processes (in Russian),3,Accepted with budget,Bachelor
26002322,Казахстан /,Юриспруденция / Law (in Russian),1,Accepted with budget,Bachelor
26002322,Казахстан /,Медицина / Medicine (in Russian); Стоматология / Dental Medicine (in Russian),2,Accepted with budget,Specialist
26002323,Пакистан /,Юриспруденция (на английском языке) / Law (in English),1,Accepted with budget,Master
26002324,Узбекистан /,Менеджмент и государственное и муниципальное управление / Management and Public Administration (in Russian),1,Accepted with budget,Bachelor
26002325,Египет /,Компьютерные науки и информационные технологии / Computer Science and Information Technology (in Russian),1,Accepted with budget,PhD
26002326,Алжир /,Стоматология (на английском языке) / Dental Medicine (in English); Стоматология / Dental Medicine (in Russian),2,Accepted with budget,Specialist
26002327,Узбекистан /,Нефтегазовое дело / Petroleum Engineering (in Russian),1,Accepted with budget,Bachelor
26002328,Йемен /,Психология / Psychology (in Russian),1,Accepted with budget,Bachelor
26002328,Йемен /,Медицина / Medicine (in Russian); Стоматология / Dental Medicine (in Russian),2,Accepted with budget,Specialist
26002329,Афганистан /,Менеджмент (на английском языке) / Management (in English); Экономика (на английском языке) / Economics (in English),2,Accepted with budget,Master
26002330,Таджикистан /,Физическая культура / Physical Education (in Russian); Международные отношения / International Relations (in Russian); Нефтегазовое дело / Petroleum Engineering (in Russian),3,Accepted with budget,Bachelor
26002331,"ПАЛЕСТИНА, ГОСУДАРСТВО /",Медицина (на английском языке) / Medicine (in English),1,Accepted with budget,Specialist
26002332,КИТАЙ /,Менеджмент (на английском языке) / Management (in English),1,Accepted with budget,PhD
26002333,Нигерия /,Культурология (на английском языке) / Cultural Studies (in English),1,Accepted with budget,Master
26002334,"ИРАН, ИСЛАМСКАЯ РЕСПУБЛИКА /",Стоматология / Dental Medicine (in Russian); Стоматология (на английском языке) / Dental Medicine (in English),2,Accepted with budget,Specialist
26002335,Судан /,Международные отношения / International Relations (in Russian); Международные отношения (на английском языке) / International Relations (in English); Языкознание и литературоведение (на английском языке) / Foreign Languages (in English),3,Accepted with budget,Master
26002336,Мавритания /,Графический дизайн / Graphic Design (in Russian); Менеджмент и государственное и муниципальное управление / Management and Public Administration (in Russian),2,Accepted with budget,Bachelor
26002337,Беларусь /,Менеджмент и государственное и муниципальное управление / Management and Public Administration (in Russian); Экономика / Economics (in Russian); Математика и компьютерные науки / Mathematics and Computer Science (in Russian),3,Accepted with budget,Bachelor
26002338,Нигерия /,Философия / Philosophy (in Russian),1,Accepted with budget,Master
26002340,КИТАЙ /,Языкознание и литературоведение / Linguistics and Literary Studies (in Russian),1,Accepted with budget,Master
26002341,Египет /,Языкознание и литературоведение / Linguistics and Literary Studies (in Russian),1,Accepted with budget,Bachelor
26002342,Египет /,Медицина (на английском языке) / Medicine (in English),1,Accepted with budget,Specialist
26002343,Нигерия /,Химия / Chemistry (in Russian),1,Accepted with budget,Bachelor
26002344,Нигерия /,Нефтегазовое дело / Petroleum Engineering (in Russian); Химия / Chemistry (in Russian),2,Accepted with budget,Bachelor
26002345,Пакистан /,Биология / Biology (in Russian); Науки о Земле и окружающей среде / Earth and Environmental Sciences (in Russian),2,Accepted with budget,Master
26002346,Казахстан /,Медицина / Medicine (in Russian),1,Accepted with budget,Specialist
26002347,Ирак /,Стоматология / Dental Medicine (in Russian),1,Accepted with budget,PhD
26002348,Нигерия /,Графический дизайн / Graphic Design (in Russian); Журналистика и массовые коммуникации / Journalism and Mass Communication (in Russian),2,Accepted with budget,Master
26002349,Алжир /,Менеджмент (на английском языке) / Management (in English),1,Accepted with budget,Bachelor
26002350,Таджикистан /,Дизайн среды / Environmental Design (in Russian),1,Accepted with budget,Bachelor
26002351,Беларусь /,Стоматология / Dental Medicine (in Russian),1,Accepted with budget,Specialist
26002352,Пакистан /,Экономика (на английском языке) / Economics (in English),1,Accepted with budget,Master
26002353,Египет /,Английский язык / English; Менеджмент (на английском языке) / Management (in English); Графический дизайн / Graphic Design (in Russian),3,Accepted with budget,Bachelor
26002354,Пакистан /,Менеджмент (на английском языке) / Management (in English); Математика и механика (на английском языке) / Mathematics and Mechanics (in English); Физика (на английском языке) / Physics (in English),3,Accepted with budget,Master
26002355,Иордания /,Медицина (на английском языке) / Medicine (in English); Стоматология (на английском языке) / Dental Medicine (in English),2,Accepted with budget,Specialist
26002356,Индонезия /,Международные отношения / International Relations (in Russian),1,Accepted with budget,Master
26002357,Египет /,Физические науки / Physical Sciences (in Russian),1,Accepted with budget,PhD
26002358,Йемен /,Психология / Psychology (in Russian),1,Accepted with budget,Bachelor
26002358,Йемен /,Медицина / Medicine (in Russian); Стоматология / Dental Medicine (in Russian),2,Accepted with budget,Specialist
26002359,Алжир /,Менеджмент (на английском языке) / Management (in English),1,Accepted with budget,Bachelor
26002360,Афганистан /,Языкознание и литературоведение / Linguistics and Literary Studies (in Russian); Искусства и гуманитарные науки / Arts and Humanities (in Russian); Английский язык / English,3,Accepted with budget,Bachelor
26002361,"ИРАН, ИСЛАМСКАЯ РЕСПУБЛИКА /",Стоматология (на английском языке) / Dental Medicine (in English); Стоматология / Dental Medicine (in Russian),2,Accepted with budget,Specialist
26002362,Марокко /,Физическая культура / Physical Education (in Russian); Педагогика / Pedagogy (in Russian); Психология / Psychology (in Russian),3,Accepted with budget,Master
26002363,"КОНГО, ДЕМОКРАТИЧЕСКАЯ РЕСПУБЛИКА /",Прикладная математика и процессы управления (на английском языке) / Applied Mathematics and Control Processes (in English); Менеджмент (на английском языке) / Management (in English),2,Accepted with budget,Master
26002364,Казахстан /,Востоковедение и африканистика / Asian and African Studies (in Russian); Международные отношения / International Relations (in Russian); Физическая культура / Physical Education (in Russian),3,Accepted with budget,Bachelor
26002365,Алжир /,Стоматология (на английском языке) / Dental Medicine (in English); Стоматология / Dental Medicine (in Russian),2,Accepted with budget,Specialist
26002366,Египет /,Английский язык / English; Менеджмент (на английском языке) / Management (in English),2,Accepted with budget,Bachelor
26002367,Пакистан /,Математика и механика (на английском языке) / Mathematics and Mechanics (in English),1,Accepted with budget,PhD
26002368,Алжир /,Стоматология (на английском языке) / Dental Medicine (in English); Стоматология / Dental Medicine (in Russian),2,Accepted with budget,Specialist
26002369,КОТ Д`ИВУАР /,Нефтегазовая геология / Petroleum Geology (in Russian); Науки о Земле и окружающей среде / Earth and Environmental Sciences (in Russian),2,Accepted with budget,Master
26002370,Бангладеш /,Математика и компьютерные науки / Mathematics and Computer Science (in Russian); Прикладная математика и процессы управления / Applied Mathematics and Control Processes (in Russian); Менеджмент (на английском языке) / Management (in English),3,Accepted with budget,Bachelor
26002371,Египет /,Языкознание и литературоведение / Linguistics and Literary Studies (in Russian); Менеджмент (на английском языке) / Management (in English),2,Accepted with budget,Master
26002372,Камерун /,Математика и механика / Mathematics and Mechanics (in Russian),1,Accepted with budget,Bachelor
26002373,Нигерия /,Медицина (на английском языке) / Medicine (in English),1,Accepted with budget,Specialist
26002374,Российская Федерация /,Нефтегазовое дело / Petroleum Engineering (in Russian),1,Accepted with budget,Bachelor
26002374,Российская Федерация /,Стоматология / Dental Medicine (in Russian); Медицина / Medicine (in Russian),2,Accepted with budget,Specialist
26002375,Российская Федерация /,Биология / Biology (in Russian),1,Accepted with budget,Bachelor
26002375,Российская Федерация /,Медицина / Medicine (in Russian); Стоматология / Dental Medicine (in Russian),2,Accepted with budget,Specialist
26002376,Алжир /,Медицина (на английском языке) / Medicine (in English); Медицина / Medicine (in Russian),2,Accepted with budget,Specialist
26002377,Казахстан /,Менеджмент и государственное и муниципальное управление / Management and Public Administration (in Russian),1,Accepted with budget,Bachelor
26002378,ЛИВИЙСКАЯ АРАБСКАЯ ДЖАМАХИРИЯ /,Прикладная математика и процессы управления / Applied Mathematics and Control Processes (in Russian); Нефтегазовая геология / Petroleum Geology (in Russian); Международные отношения / International Relations (in Russian),3,Accepted with budget,Master
26002379,ТУРКМЕНИСТАН /,Менеджмент и государственное и муниципальное управление / Management and Public Administration (in Russian); Экономика / Economics (in Russian); Математика и компьютерные науки / Mathematics and Computer Science (in Russian),3,Accepted with budget,Bachelor
26002380,Беларусь /,Журналистика и массовые коммуникации / Journalism and Mass Communication (in Russian),1,Accepted with budget,Bachelor
26002382,Нигерия /,Прикладная математика и процессы управления (на английском языке) / Applied Mathematics and Control Processes (in English); Графический дизайн / Graphic Design (in Russian); Культурология (на английском языке) / Cultural Studies (in English),3,Accepted with budget,Master
26002383,Алжир /,Математика и компьютерные науки / Mathematics and Computer Science (in Russian),1,Accepted with budget,Bachelor
26002384,СИРИЙСКАЯ АРАБСКАЯ РЕСПУБЛИКА /,Стоматология (на английском языке) / Dental Medicine (in English); Стоматология / Dental Medicine (in Russian); Медицина (на английском языке) / Medicine (in English),3,Accepted with budget,Specialist
26002385,КИТАЙ /,Исторические науки / Historical Sciences (in Russian),1,Accepted with budget,PhD
26002386,Казахстан /,Науки о Земле и окружающей среде / Earth and Environmental Sciences (in Russian); Нефтегазовая геология / Petroleum Geology (in Russian),2,Accepted with budget,Master
26002387,КИРГИЗИЯ /,Менеджмент и государственное и муниципальное управление / Management and Public Administration (in Russian); Социология / Sociology (in Russian); Экономика / Economics (in Russian),3,Accepted with budget,Bachelor
26002388,Марокко /,Математика и компьютерные науки / Mathematics and Computer Science (in Russian),1,Accepted with budget,Bachelor
26002388,Марокко /,Медицина (на английском языке) / Medicine (in English),1,Accepted with budget,Specialist
26002389,Эфиопия /,Медицина (на английском языке) / Medicine (in English),1,Accepted with budget,Specialist
26002390,Пакистан /,Культурология (на английском языке) / Cultural Studies (in English); Химия / Chemistry (in Russian); Биология / Biology (in Russian),3,Accepted with budget,Master
26002391,Казахстан /,Медицина / Medicine (in Russian),1,Accepted with budget,Specialist
26002391,Казахстан /,Биология / Biology (in Russian); Менеджмент и государственное и муниципальное управление / Management and Public Administration (in Russian),2,Accepted with budget,Bachelor
26002392,Египет /,Английский язык / English,1,Accepted with budget,Bachelor
26002392,Египет /,Медицина / Medicine (in Russian); Актерское искусство / Acting Art (in Russian),2,Accepted with budget,Specialist
26002393,КИТАЙ /,Журналистика и массовые коммуникации / Journalism and Mass Communication (in Russian); Международные отношения / International Relations (in Russian); Социология / Sociology (in Russian),3,Accepted with budget,Master
26002394,Нигерия /,Психология / Psychology (in Russian); Биология / Biology (in Russian); Математика и компьютерные науки / Mathematics and Computer Science (in Russian),3,Accepted with budget,Bachelor
26002395,Казахстан /,Менеджмент и государственное и муниципальное управление / Management and Public Administration (in Russian),1,Accepted with budget,Bachelor
26002396,СИРИЙСКАЯ АРАБСКАЯ РЕСПУБЛИКА /,Стоматология / Dental Medicine (in Russian); Стоматология (на английском языке) / Dental Medicine (in English); Медицина / Medicine (in Russian),3,Accepted with budget,Specialist
26002397,Нигерия /,Менеджмент (на английском языке) / Management (in English),1,Accepted with budget,Master
26002398,Афганистан /,Менеджмент (на английском языке) / Management (in English),1,Accepted with budget,PhD
26002399,Казахстан /,Менеджмент и государственное и муниципальное управление / Management and Public Administration (in Russian); Психология / Psychology (in Russian),2,Accepted with budget,Bachelor
26002400,Беларусь /,Математика и компьютерные науки / Mathematics and Computer Science (in Russian),1,Accepted with budget,Bachelor
26002401,Российская Федерация /,Языкознание и литературоведение / Linguistics and Literary Studies (in Russian),1,Accepted with budget,Master
26002402,Тунис /,Математика и механика / Mathematics and Mechanics (in Russian),1,Accepted with budget,PhD
26002403,Нигерия /,Международные отношения (на английском языке) / International Relations (in English); Менеджмент (на английском языке) / Management (in English),2,Accepted with budget,Master
26002404,ТУРКМЕНИСТАН /,Языкознание и литературоведение / Linguistics and Literary Studies (in Russian); Социология / Sociology (in Russian); Журналистика и массовые коммуникации / Journalism and Mass Communication (in Russian),3,Accepted with budget,Bachelor
26002405,Казахстан /,Экономика / Economics (in Russian),1,Accepted with budget,Bachelor
26002406,Лицо без гражданства /,Языкознание и литературоведение / Linguistics and Literary Studies (in Russian); Педагогика / Pedagogy (in Russian),2,Accepted with budget,Master
26002407,Судан /,Математика и компьютерные науки / Mathematics and Computer Science (in Russian),1,Accepted with budget,Bachelor
26002408,Афганистан /,Искусства и гуманитарные науки / Arts and Humanities (in Russian); Международные отношения (на английском языке) / International Relations (in English); Языкознание и литературоведение (на английском языке) / Foreign Languages (in English),3,Accepted with budget,Master
26002409,Беларусь /,Менеджмент и государственное и муниципальное управление / Management and Public Administration (in Russian); Менеджмент (на английском языке) / Management (in English); Международные отношения / International Relations (in Russian),3,Accepted with budget,Bachelor
26002410,Турция /,Языкознание и литературоведение / Linguistics and Literary Studies (in Russian),1,Accepted with budget,Bachelor
26002411,Пакистан /,Менеджмент (на английском языке) / Management (in English),1,Accepted with budget,Bachelor
26002412,ТУРКМЕНИСТАН /,Юриспруденция / Law (in Russian); Языкознание и литературоведение / Linguistics and Literary Studies (in Russian),2,Accepted with budget,Bachelor
26002413,КИТАЙ /,Прикладная математика и процессы управления / Applied Mathematics and Control Processes (in Russian),1,Accepted with budget,Master
26002414,Камерун /,Биология / Biology (in Russian); Менеджмент (на английском языке) / Management (in English),2,Accepted with budget,Bachelor
26002414,Камерун /,Стоматология (на английском языке) / Dental Medicine (in English),1,Accepted with budget,Specialist
26002415,Казахстан /,Международные отношения / International Relations (in Russian),1,Accepted with budget,Master
26002416,Афганистан /,Менеджмент (на английском языке) / Management (in English),1,Accepted with budget,Bachelor
26002416,Афганистан /,Медицина (на английском языке) / Medicine (in English); Стоматология (на английском языке) / Dental Medicine (in English),2,Accepted with budget,Specialist
26002417,Бангладеш /,Математика и механика / Mathematics and Mechanics (in Russian); Физика / Physics (in Russian); Науки о Земле / Earth Sciences (in Russian),3,Accepted with budget,Bachelor
26002418,Узбекистан /,Психология / Psychology (in Russian),1,Accepted with budget,Bachelor
26002419,Афганистан /,Иностранные языки / Foreign Languages (in Russian); Менеджмент (на английском языке) / Management (in English); Менеджмент и государственное и муниципальное управление / Management and Public Administration (in Russian),3,Accepted with budget,Master
26002420,Бангладеш /,Математика и компьютерные науки / Mathematics and Computer Science (in Russian),1,Accepted with budget,Bachelor
26002421,Казахстан /,Биология / Biology (in Russian),1,Accepted with budget,Bachelor
26002421,Казахстан /,Медицина / Medicine (in Russian); Стоматология / Dental Medicine (in Russian),2,Accepted with budget,Specialist
26002422,Бангладеш /,Экономика (на английском языке) / Economics (in English),1,Accepted with budget,Master
26002423,Казахстан /,Экономика / Economics (in Russian); Менеджмент и государственное и муниципальное управление / Management and Public Administration (in Russian),2,Accepted with budget,Master
26002424,Казахстан /,Биология / Biology (in Russian),1,Accepted with budget,Bachelor
26002424,Казахстан /,Медицина / Medicine (in Russian); Стоматология / Dental Medicine (in Russian),2,Accepted with budget,Specialist
26002425,"ПАЛЕСТИНА, ГОСУДАРСТВО /",Графический дизайн / Graphic Design (in Russian),1,Accepted with budget,Bachelor
26002426,Казахстан /,Прикладная математика и процессы управления / Applied Mathematics and Control Processes (in Russian); Математика и компьютерные науки / Mathematics and Computer Science (in Russian); Экономика / Economics (in Russian),3,Accepted with budget,Bachelor
26002427,СИРИЙСКАЯ АРАБСКАЯ РЕСПУБЛИКА /,Юриспруденция / Law (in Russian); Политология / Political Science (in Russian); Международные отношения / International Relations (in Russian),3,Accepted with budget,Bachelor
26002428,Казахстан /,Теология / Theology (in Russian),1,Accepted with budget,Bachelor
26002429,Афганистан /,Медицина (на английском языке) / Medicine (in English); Стоматология (на английском языке) / Dental Medicine (in English),2,Accepted with budget,Specialist
26002429,Афганистан /,Математика и компьютерные науки / Mathematics and Computer Science (in Russian),1,Accepted with budget,Bachelor
26002430,Йемен /,Прикладная математика и процессы управления (на английском языке) / Applied Mathematics and Control Processes (in English); Графический дизайн / Graphic Design (in Russian),2,Accepted with budget,Master
26002431,Казахстан /,Журналистика и массовые коммуникации / Journalism and Mass Communication (in Russian); Менеджмент и государственное и муниципальное управление / Management and Public Administration (in Russian); Философия / Philosophy (in Russian),3,Accepted with budget,Bachelor
26002432,КИТАЙ /,Журналистика и массовые коммуникации / Journalism and Mass Communication (in Russian),1,Accepted with budget,Master
26002433,Саудовская Аравия /,Медицина (на английском языке) / Medicine (in English),1,Accepted with budget,Specialist
26002433,Саудовская Аравия /,Политология / Political Science (in Russian); Математика и компьютерные науки / Mathematics and Computer Science (in Russian),2,Accepted with budget,Bachelor
26002434,СОЕДИНЕННОЕ КОРОЛЕВСТВО /,Языкознание и литературоведение / Linguistics and Literary Studies (in Russian),1,Accepted with budget,Master
26002435,Казахстан /,Международные отношения / International Relations (in Russian); Экономика / Economics (in Russian); Менеджмент и государственное и муниципальное управление / Management and Public Administration (in Russian),3,Accepted with budget,Bachelor
26002436,Пакистан /,Компьютерные науки и информационные технологии / Computer Science and Information Technology (in Russian); Математика и механика (на английском языке) / Mathematics and Mechanics (in English),2,Accepted with budget,PhD
26002437,Египет /,Менеджмент и государственное и муниципальное управление / Management and Public Administration (in Russian),1,Accepted with budget,Bachelor
26002438,Беларусь /,Английский язык / English,1,Accepted with budget,Bachelor
26002439,Афганистан /,Физика (на английском языке) / Physics (in English),1,Accepted with budget,Master
26002440,Казахстан /,Международные отношения / International Relations (in Russian),1,Accepted with budget,Bachelor
26002441,Ирак /,Медицина / Medicine (in Russian),1,Accepted with budget,PhD
26002442,Судан /,Математика и механика / Mathematics and Mechanics (in Russian); Менеджмент и государственное и муниципальное управление / Management and Public Administration (in Russian),2,Accepted with budget,Bachelor
26002442,Судан /,Стоматология / Dental Medicine (in Russian),1,Accepted with budget,Specialist
26002443,КИТАЙ /,Прикладная математика и процессы управления (на английском языке) / Applied Mathematics and Control Processes (in English); Математика и механика (на английском языке) / Mathematics and Mechanics (in English); Современная математика (на английском языке) / Modern Mathematics (in English),3,Accepted with budget,Master
26002444,КИТАЙ /,Прикладная математика и процессы управления / Applied Mathematics and Control Processes (in Russian),1,Accepted with budget,Master
26002445,Казахстан /,Менеджмент (на английском языке) / Management (in English); Менеджмент и государственное и муниципальное управление / Management and Public Administration (in Russian),2,Accepted with budget,Bachelor
26002446,Афганистан /,Политология / Political Science (in Russian),1,Accepted with budget,Bachelor
26002447,КИРГИЗИЯ /,Менеджмент (на английском языке) / Management (in English); Юриспруденция / Law (in Russian); Менеджмент и государственное и муниципальное управление / Management and Public Administration (in Russian),3,Accepted with budget,Master
26002448,Мексика /,Современная математика (на английском языке) / Modern Mathematics (in English); Экономика (на английском языке) / Economics (in English),2,Accepted with budget,Master
26002449,Бангладеш /,Менеджмент (на английском языке) / Management (in English),1,Accepted with budget,Bachelor
26002449,Бангладеш /,Медицина (на английском языке) / Medicine (in English); Стоматология (на английском языке) / Dental Medicine (in English),2,Accepted with budget,Specialist
26002450,Казахстан /,Физические науки / Physical Sciences (in Russian),1,Accepted with budget,PhD
26002451,Нигерия /,Математика и компьютерные науки / Mathematics and Computer Science (in Russian),1,Accepted with budget,Bachelor
26002452,Пакистан /,Социология (на английском языке) / Sociology (in English); Физика (на английском языке) / Physics (in English); Культурология (на английском языке) / Cultural Studies (in English),3,Accepted with budget,Master
26002453,Узбекистан /,Юриспруденция / Law (in Russian); Международные отношения / International Relations (in Russian); Искусства и гуманитарные науки / Arts and Humanities (in Russian),3,Accepted with budget,Master
26002454,Йемен /,Медицина (на английском языке) / Medicine (in English); Стоматология (на английском языке) / Dental Medicine (in English),2,Accepted with budget,Specialist
26002454,Йемен /,Математика и компьютерные науки / Mathematics and Computer Science (in Russian),1,Accepted with budget,Bachelor
26002455,Казахстан /,Менеджмент (на английском языке) / Management (in English); Журналистика и массовые коммуникации / Journalism and Mass Communication (in Russian); Экономика / Economics (in Russian),3,Accepted with budget,Master
26002456,Беларусь /,Физика / Physics (in Russian); Математика и механика / Mathematics and Mechanics (in Russian); Психология / Psychology (in Russian),3,Accepted with budget,Bachelor
26002457,Сомали /,Науки о Земле и окружающей среде / Earth and Environmental Sciences (in Russian),1,Accepted with budget,PhD
26002458,Казахстан /,Юриспруденция / Law (in Russian),1,Accepted with budget,Master
26002459,Казахстан /,Математика и компьютерные науки / Mathematics and Computer Science (in Russian); Политология / Political Science (in Russian),2,Accepted with budget,Bachelor
26002460,Судан /,Менеджмент и государственное и муниципальное управление / Management and Public Administration (in Russian); Юриспруденция / Law (in Russian); Международные отношения / International Relations (in Russian),3,Accepted with budget,Master
26002461,Казахстан /,Психология / Psychology (in Russian); Социология / Sociology (in Russian); Биология / Biology (in Russian),3,Accepted with budget,Bachelor
26002462,Судан /,Математика и компьютерные науки / Mathematics and Computer Science (in Russian); Прикладная математика и процессы управления / Applied Mathematics and Control Processes (in Russian); Физика / Physics (in Russian),3,Accepted with budget,Bachelor
26002463,КОНГО /,Международные отношения / International Relations (in Russian); Политология / Political Science (in Russian); Менеджмент и государственное и муниципальное управление / Management and Public Administration (in Russian),3,Accepted with budget,Master
26002464,Бангладеш /,Медицина (на английском языке) / Medicine (in English),1,Accepted with budget,Specialist
26002464,Бангладеш /,Математика и компьютерные науки / Mathematics and Computer Science (in Russian); Прикладная математика и процессы управления / Applied Mathematics and Control Processes (in Russian),2,Accepted with budget,Bachelor
26002465,Нигерия /,Менеджмент (на английском языке) / Management (in English); Деловая коммуникация на английском языке / Business Communication in English; Международные отношения (на английском языке) / International Relations (in English),3,Accepted with budget,Master
26002466,Казахстан /,Химия / Chemistry (in Russian),1,Accepted with budget,Bachelor
26002467,Узбекистан /,Химия / Chemistry (in Russian),1,Accepted with budget,Bachelor
26002468,Египет /,Биология / Biology (in Russian),1,Accepted with budget,Master
26002469,"МОЛДОВА, РЕСПУБЛИКА /",Реставрация / Restoration of Fine and Applied Art Objects (in Russian); Графический дизайн / Graphic Design (in Russian),2,Accepted with budget,Bachelor
26002469,"МОЛДОВА, РЕСПУБЛИКА /",Графика / Graphics (in Russian),1,Accepted with budget,Specialist
26002470,Нигерия /,Политология / Political Science (in Russian),1,Accepted with budget,Master
26002471,Казахстан /,Экономика / Economics (in Russian),1,Accepted with budget,Bachelor
26002472,Казахстан /,Экономика / Economics (in Russian); Социология / Sociology (in Russian); Языкознание и литературоведение / Linguistics and Literary Studies (in Russian),3,Accepted with budget,Bachelor
26002473,Египет /,Математика и компьютерные науки / Mathematics and Computer Science (in Russian),1,Accepted with budget,Bachelor
26002473,Египет /,Медицина (на английском языке) / Medicine (in English); Медицина / Medicine (in Russian),2,Accepted with budget,Specialist
26002474,Эфиопия /,Математика и компьютерные науки / Mathematics and Computer Science (in Russian); Экономика / Economics (in Russian); Менеджмент (на английском языке) / Management (in English),3,Accepted with budget,Bachelor
26002475,Судан /,Прикладная математика и процессы управления / Applied Mathematics and Control Processes (in Russian),1,Accepted with budget,Master
26002476,Казахстан /,Психология / Psychology (in Russian),1,Accepted with budget,Bachelor
26002477,Беларусь /,Актерское искусство / Acting Art (in Russian),1,Accepted with budget,Specialist
26002477,Беларусь /,Языкознание и литературоведение / Linguistics and Literary Studies (in Russian); Психология / Psychology (in Russian),2,Accepted with budget,Bachelor
26002478,Пакистан /,Социология (на английском языке) / Sociology (in English); Культурология (на английском языке) / Cultural Studies (in English); Деловая коммуникация на английском языке / Business Communication in English,3,Accepted with budget,Master
26002479,Казахстан /,Юриспруденция / Law (in Russian); Психология / Psychology (in Russian); Журналистика и массовые коммуникации / Journalism and Mass Communication (in Russian),3,Accepted with budget,Bachelor
26002480,Индия /,Менеджмент (на английском языке) / Management (in English),1,Accepted with budget,Master
26002481,Казахстан /,Медицина / Medicine (in Russian); Стоматология / Dental Medicine (in Russian),2,Accepted with budget,Specialist
26002481,Казахстан /,Биология / Biology (in Russian),1,Accepted with budget,Bachelor
26002482,КИРГИЗИЯ /,Экономика / Economics (in Russian); Менеджмент и государственное и муниципальное управление / Management and Public Administration (in Russian); Международные отношения / International Relations (in Russian),3,Accepted with budget,Master
26002483,Казахстан /,Экономика / Economics (in Russian); Менеджмент и государственное и муниципальное управление / Management and Public Administration (in Russian); Международные отношения / International Relations (in Russian),3,Accepted with budget,Master
26002484,Узбекистан /,Журналистика и массовые коммуникации / Journalism and Mass Communication (in Russian); Языкознание и литературоведение / Linguistics and Literary Studies (in Russian),2,Accepted with budget,Master
26002485,Индия /,Менеджмент (на английском языке) / Management (in English),1,Accepted with budget,PhD
26002486,ТУРКМЕНИСТАН /,Медицина / Medicine (in Russian); Актерское искусство / Acting Art (in Russian),2,Accepted with budget,Specialist
26002486,ТУРКМЕНИСТАН /,Математика и компьютерные науки / Mathematics and Computer Science (in Russian),1,Accepted with budget,Bachelor
26002487,Нигерия /,Науки о Земле и окружающей среде / Earth and Environmental Sciences (in Russian),1,Accepted with budget,Master
26002488,ТУРКМЕНИСТАН /,Международные отношения / International Relations (in Russian),1,Accepted with budget,Master
26002489,Египет /,Математика и компьютерные науки / Mathematics and Computer Science (in Russian); Графический дизайн / Graphic Design (in Russian); Нефтегазовое дело / Petroleum Engineering (in Russian),3,Accepted with budget,Bachelor
26002490,Гамбия /,Психология / Psychology (in Russian),1,Accepted with budget,Master
26002491,Камерун /,Математика и механика / Mathematics and Mechanics (in Russian),1,Accepted with budget,Bachelor
26002492,Египет /,Менеджмент (на английском языке) / Management (in English),1,Accepted with budget,PhD
26002493,Нигерия /,Менеджмент (на английском языке) / Management (in English); Прикладная математика и процессы управления (на английском языке) / Applied Mathematics and Control Processes (in English),2,Accepted with budget,Master
26002494,КИТАЙ /,Педагогика / Pedagogy (in Russian); Языкознание и литературоведение / Linguistics and Literary Studies (in Russian); Экономика / Economics (in Russian),3,Accepted with budget,Master
26002495,Узбекистан /,Биология / Biology (in Russian),1,Accepted with budget,Bachelor
26002495,Узбекистан /,Медицина / Medicine (in Russian),1,Accepted with budget,Specialist
26002496,Казахстан /,Теология / Theology (in Russian),1,Accepted with budget,Bachelor
26002497,Казахстан /,Социология / Sociology (in Russian),1,Accepted with budget,Bachelor
26002498,Пакистан /,Менеджмент (на английском языке) / Management (in English); Экономика / Economics (in Russian),2,Accepted with budget,PhD
26002499,Казахстан /,Экономика / Economics (in Russian); Менеджмент и государственное и муниципальное управление / Management and Public Administration (in Russian); Английский язык / English,3,Accepted with budget,Bachelor
26002500,Индия /,Менеджмент (на английском языке) / Management (in English); Международные отношения / International Relations (in Russian); Медиакоммуникации и журналистика / Mediacommunications and Journalism (in Russian),3,Accepted with budget,PhD
26002501,Пакистан /,Менеджмент (на английском языке) / Management (in English),1,Accepted with budget,PhD
26002502,Бангладеш /,Науки о Земле и окружающей среде / Earth and Environmental Sciences (in Russian),1,Accepted with budget,PhD
26002503,КИТАЙ /,Психология / Psychology (in Russian); Менеджмент / Management (in Russian); Экономика / Economics (in Russian),3,Accepted with budget,PhD
26002504,Ботсвана /,Менеджмент (на английском языке) / Management (in English),1,Accepted with budget,PhD
26002505,Узбекистан /,Педагогика / Pedagogy (in Russian); Языкознание и литературоведение / Linguistics and Literary Studies (in Russian); Международные отношения / International Relations (in Russian),3,Accepted with budget,PhD
26002506,Нигерия /,Компьютерные науки и информационные технологии / Computer Science and Information Technology (in Russian); Математика и механика (на английском языке) / Mathematics and Mechanics (in English); Физические науки / Physical Sciences (in Russian),3,Accepted with budget,PhD
26002507,Узбекистан /,Языкознание и литературоведение / Linguistics and Literary Studies (in Russian); Педагогика / Pedagogy (in Russian); Медиакоммуникации и журналистика / Mediacommunications and Journalism (in Russian),3,Accepted with budget,PhD
26002508,Нигерия /,Менеджмент (на английском языке) / Management (in English); Когнитивные науки / Cognitive Studies (in Russian); Психология / Psychology (in Russian),3,Accepted with budget,PhD
26002509,Бангладеш /,Медицина (на английском языке) / Medicine (in English),1,Accepted with budget,Specialist
26002510,Узбекистан /,Педагогика / Pedagogy (in Russian); Медиакоммуникации и журналистика / Mediacommunications and Journalism (in Russian); Социология / Sociology (in Russian),3,Accepted with budget,PhD
26002511,Латвия /,Химические науки / Chemical Sciences (in Russian),1,Accepted with budget,PhD
26002512,Узбекистан /,Психология / Psychology (in Russian),1,Accepted with budget,PhD
26002513,КИТАЙ /,Компьютерные науки и информационные технологии / Computer Science and Information Technology (in Russian),1,Accepted with budget,PhD
26002514,Узбекистан /,Экономика / Economics (in Russian); Компьютерные науки и информационные технологии / Computer Science and Information Technology (in Russian),2,Accepted with budget,PhD
26002515,Индия /,Международные отношения / International Relations (in Russian); Менеджмент / Management (in Russian),2,Accepted with budget,PhD
26002516,КИТАЙ /,Компьютерные науки и информационные технологии / Computer Science and Information Technology (in Russian),1,Accepted with budget,PhD
26002517,Пакистан /,Менеджмент (на английском языке) / Management (in English),1,Accepted with budget,PhD
26002518,Афганистан /,Медицина (на английском языке) / Medicine (in English); Стоматология (на английском языке) / Dental Medicine (in English),2,Accepted with budget,Specialist
26002518,Афганистан /,Менеджмент и государственное и муниципальное управление / Management and Public Administration (in Russian),1,Accepted with budget,Bachelor
26002519,Бангладеш /,Менеджмент и государственное и муниципальное управление / Management and Public Administration (in Russian); Международные отношения / International Relations (in Russian); Менеджмент (на английском языке) / Management (in English),3,Accepted with budget,Bachelor
26002520,Казахстан /,Психология / Psychology (in Russian),1,Accepted with budget,Bachelor
26002521,Бангладеш /,Медицина (на английском языке) / Medicine (in English),1,Accepted with budget,Specialist
26002521,Бангладеш /,Математика и компьютерные науки / Mathematics and Computer Science (in Russian); Прикладная математика и процессы управления / Applied Mathematics and Control Processes (in Russian),2,Accepted with budget,Bachelor
26002522,Афганистан /,Английский язык / English; Теология / Theology (in Russian),2,Accepted with budget,Bachelor
26002522,Афганистан /,Медицина (на английском языке) / Medicine (in English),1,Accepted with budget,Specialist
26002523,Казахстан /,Экономика / Economics (in Russian); Менеджмент и государственное и муниципальное управление / Management and Public Administration (in Russian),2,Accepted with budget,Bachelor
26002524,Российская Федерация /,Живопись / Painting (in Russian),1,Accepted with budget,Specialist
26002524,Российская Федерация /,Английский язык / English,1,Accepted with budget,Bachelor
26002525,Алжир /,Менеджмент (на английском языке) / Management (in English),1,Accepted with budget,Bachelor
26002526,Казахстан /,Прикладная математика и процессы управления / Applied Mathematics and Control Processes (in Russian); Математика и компьютерные науки / Mathematics and Computer Science (in Russian); Математика и механика / Mathematics and Mechanics (in Russian),3,Accepted with budget,Bachelor
26002527,Казахстан /,Прикладная математика и процессы управления / Applied Mathematics and Control Processes (in Russian),1,Accepted with budget,Master
26002528,СИРИЙСКАЯ АРАБСКАЯ РЕСПУБЛИКА /,Математика и компьютерные науки / Mathematics and Computer Science (in Russian); Математика и механика / Mathematics and Mechanics (in Russian); Прикладная математика и процессы управления / Applied Mathematics and Control Processes (in Russian),3,Accepted with budget,Bachelor
26002529,Казахстан /,Медицина / Medicine (in Russian),1,Accepted with budget,Specialist
26002529,Казахстан /,Прикладная математика и процессы управления / Applied Mathematics and Control Processes (in Russian); Математика и механика / Mathematics and Mechanics (in Russian),2,Accepted with budget,Bachelor
26002530,КИТАЙ /,Живопись / Painting (in Russian),1,Accepted with budget,Specialist
26002530,КИТАЙ /,Журналистика и массовые коммуникации / Journalism and Mass Communication (in Russian),1,Accepted with budget,Bachelor
26002531,ТУРКМЕНИСТАН /,Биология / Biology (in Russian); Экономика / Economics (in Russian); Химия / Chemistry (in Russian),3,Accepted with budget,Bachelor
26002532,"МОЛДОВА, РЕСПУБЛИКА /",Юриспруденция / Law (in Russian),1,Accepted with budget,Bachelor
26002533,Судан /,Математика и компьютерные науки / Mathematics and Computer Science (in Russian); Менеджмент (на английском языке) / Management (in English); Экономика / Economics (in Russian),3,Accepted with budget,Bachelor
26002534,Ангола /,Математика и компьютерные науки / Mathematics and Computer Science (in Russian); Физика / Physics (in Russian); Английский язык / English,3,Accepted with budget,Bachelor
26002535,Бангладеш /,Деловая коммуникация на английском языке / Business Communication in English; Менеджмент (на английском языке) / Management (in English),2,Accepted with budget,Master
26002536,Казахстан /,Дизайн среды / Environmental Design (in Russian); Графический дизайн / Graphic Design (in Russian); Реставрация / Restoration of Fine and Applied Art Objects (in Russian),3,Accepted with budget,Bachelor
26002537,Казахстан /,Математика и механика / Mathematics and Mechanics (in Russian); Физика / Physics (in Russian),2,Accepted with budget,Bachelor
26002538,ТУРКМЕНИСТАН /,Менеджмент (на английском языке) / Management (in English); Менеджмент и государственное и муниципальное управление / Management and Public Administration (in Russian),2,Accepted with budget,Master
26002539,Бангладеш /,Международные отношения (на английском языке) / International Relations (in English); Культурология (на английском языке) / Cultural Studies (in English); Международные отношения / International Relations (in Russian),3,Accepted with budget,Master
26002540,Узбекистан /,Психология / Psychology (in Russian); Биология / Biology (in Russian),2,Accepted with budget,Bachelor
26002542,"МОЛДОВА, РЕСПУБЛИКА /",Менеджмент и государственное и муниципальное управление / Management and Public Administration (in Russian),1,Accepted with budget,Bachelor
26002543,Малайзия /,Современная математика (на английском языке) / Modern Mathematics (in English),1,Accepted with budget,Master
26002544,Йемен /,Прикладная математика и процессы управления (на английском языке) / Applied Mathematics and Control Processes (in English); Международные отношения (на английском языке) / International Relations (in English),2,Accepted with budget,Master
26002545,Турция /,Социология / Sociology (in Russian); Языкознание и литературоведение / Linguistics and Literary Studies (in Russian); Экономика / Economics (in Russian),3,Accepted with budget,Bachelor
26002546,КИТАЙ /,Компьютерные науки и информационные технологии / Computer Science and Information Technology (in Russian),1,Accepted with budget,PhD
26002547,Нигерия /,Международные отношения / International Relations (in Russian); Менеджмент (на английском языке) / Management (in English); Деловая коммуникация на английском языке / Business Communication in English,3,Accepted with budget,Master
26002548,Узбекистан /,Международные отношения (на английском языке) / International Relations (in English); Менеджмент и государственное и муниципальное управление / Management and Public Administration (in Russian); Юриспруденция / Law (in Russian),3,Accepted with budget,Master
26002549,КИТАЙ /,Прикладная математика и процессы управления (на английском языке) / Applied Mathematics and Control Processes (in English),1,Accepted with budget,Master
26002550,Казахстан /,Математика и компьютерные науки / Mathematics and Computer Science (in Russian),1,Accepted with budget,Bachelor
26002551,"ПАЛЕСТИНА, ГОСУДАРСТВО /",Прикладная математика и процессы управления (на английском языке) / Applied Mathematics and Control Processes (in English); Современная математика (на английском языке) / Modern Mathematics (in English); Менеджмент (на английском языке) / Management (in English),3,Accepted with budget,Master
26002552,Колумбия /,Биологические науки / Biological sciences (in Russian); Науки о Земле и окружающей среде / Earth and Environmental Sciences (in Russian); Химические науки / Chemical Sciences (in Russian),3,Accepted with budget,PhD
26002553,ТУРКМЕНИСТАН /,Графический дизайн / Graphic Design (in Russian),1,Accepted with budget,Bachelor
26002554,Казахстан /,Графический дизайн / Graphic Design (in Russian),1,Accepted with budget,Bachelor
26002555,Казахстан /,Графический дизайн / Graphic Design (in Russian),1,Accepted with budget,Master
26002556,Казахстан /,Математика и компьютерные науки / Mathematics and Computer Science (in Russian),1,Accepted with budget,Bachelor
26002557,Казахстан /,Международные отношения / International Relations (in Russian); Международные отношения (на английском языке) / International Relations (in English); Политология / Political Science (in Russian),3,Accepted with budget,Master
26002558,Казахстан /,Математика и компьютерные науки / Mathematics and Computer Science (in Russian); Математика и механика / Mathematics and Mechanics (in Russian); Прикладная математика и процессы управления / Applied Mathematics and Control Processes (in Russian),3,Accepted with budget,Bachelor
26002559,Казахстан /,Языкознание и литературоведение / Linguistics and Literary Studies (in Russian),1,Accepted with budget,Bachelor
26002560,Азербайджан /,Математика и механика (на английском языке) / Mathematics and Mechanics (in English); Математика и механика / Mathematics and Mechanics (in Russian); Прикладная математика и процессы управления / Applied Mathematics and Control Processes (in Russian),3,Accepted with budget,Master
26002561,Казахстан /,Международные отношения / International Relations (in Russian); Журналистика и массовые коммуникации / Journalism and Mass Communication (in Russian); Языкознание и литературоведение / Linguistics and Literary Studies (in Russian),3,Accepted with budget,Bachelor
26002562,Узбекистан /,Компьютерные науки и информационные технологии / Computer Science and Information Technology (in Russian); Математика и механика / Mathematics and Mechanics (in Russian); Экономика / Economics (in Russian),3,Accepted with budget,PhD
26002563,Казахстан /,Дизайн среды / Environmental Design (in Russian); Графический дизайн / Graphic Design (in Russian); Нефтегазовое дело / Petroleum Engineering (in Russian),3,Accepted with budget,Bachelor
26002564,Беларусь /,Психология / Psychology (in Russian),1,Accepted with budget,Master
26002565,Казахстан /,Психология / Psychology (in Russian); Дизайн среды / Environmental Design (in Russian); Журналистика и массовые коммуникации / Journalism and Mass Communication (in Russian),3,Accepted with budget,Bachelor
26002566,Казахстан /,Экономика / Economics (in Russian),1,Accepted with budget,Bachelor
26002568,Казахстан /,Международные отношения / International Relations (in Russian),1,Accepted with budget,Bachelor
26002569,Казахстан /,Менеджмент (на английском языке) / Management (in English); Экономика / Economics (in Russian); Международные отношения / International Relations (in Russian),3,Accepted with budget,Master
26002570,Казахстан /,Дизайн среды / Environmental Design (in Russian),1,Accepted with budget,Bachelor
26002571,Казахстан /,Психология / Psychology (in Russian),1,Accepted with budget,Master
26002572,ЛИВИЙСКАЯ АРАБСКАЯ ДЖАМАХИРИЯ /,Международные отношения / International Relations (in Russian),1,Accepted with budget,Master
26002574,Узбекистан /,Экономика / Economics (in Russian),1,Accepted with budget,Bachelor
26002575,Мали /,Нефтегазовое дело / Petroleum Engineering (in Russian),1,Accepted with budget,Bachelor
26002576,Индия /,Менеджмент (на английском языке) / Management (in English); Экономика (на английском языке) / Economics (in English); Международные отношения (на английском языке) / International Relations (in English),3,Accepted with budget,Master
26002577,Российская Федерация /,Английский язык / English; Языкознание и литературоведение / Linguistics and Literary Studies (in Russian); Международные отношения / International Relations (in Russian),3,Accepted with budget,Bachelor
26002578,КИТАЙ /,Нефтегазовая геология / Petroleum Geology (in Russian),1,Accepted with budget,Master
26002579,Казахстан /,Математика и механика / Mathematics and Mechanics (in Russian); Математика и компьютерные науки / Mathematics and Computer Science (in Russian); Прикладная математика и процессы управления / Applied Mathematics and Control Processes (in Russian),3,Accepted with budget,Bachelor
26002580,ТУРКМЕНИСТАН /,Дизайн среды / Environmental Design (in Russian),1,Accepted with budget,Bachelor
26002580,ТУРКМЕНИСТАН /,Живопись / Painting (in Russian); Графика / Graphics (in Russian),2,Accepted with budget,Specialist
26002581,Беларусь /,Биология / Biology (in Russian),1,Accepted with budget,Bachelor
26002582,Пакистан /,Менеджмент (на английском языке) / Management (in English); Экономика (на английском языке) / Economics (in English); Деловая коммуникация на английском языке / Business Communication in English,3,Accepted with budget,Master
26002583,КИРГИЗИЯ /,Математика и компьютерные науки / Mathematics and Computer Science (in Russian); Экономика / Economics (in Russian); Английский язык / English,3,Accepted with budget,Bachelor
26002584,Канада /,Менеджмент (на английском языке) / Management (in English),1,Accepted with budget,PhD
26002585,Экваториальная Гвинея /,Международные отношения / International Relations (in Russian); Нефтегазовое дело / Petroleum Engineering (in Russian),2,Accepted with budget,Bachelor
26002585,Экваториальная Гвинея /,Медицина (на английском языке) / Medicine (in English),1,Accepted with budget,Specialist
26002586,Узбекистан /,Менеджмент (на английском языке) / Management (in English); Экономика / Economics (in Russian); Философия / Philosophy (in Russian),3,Accepted with budget,Bachelor
26002587,ТУРКМЕНИСТАН /,Юриспруденция / Law (in Russian),1,Accepted with budget,Bachelor
26002588,Южная Осетия /,Экономика / Economics (in Russian),1,Accepted with budget,Bachelor
26002589,Узбекистан /,Психология / Psychology (in Russian),1,Accepted with budget,Bachelor
26002590,Беларусь /,Экономика / Economics (in Russian); Международные отношения / International Relations (in Russian); Психология / Psychology (in Russian),3,Accepted with budget,Master
26002591,"ИРАН, ИСЛАМСКАЯ РЕСПУБЛИКА /",Математика и механика (на английском языке) / Mathematics and Mechanics (in English); Математика и механика / Mathematics and Mechanics (in Russian),2,Accepted with budget,PhD
26002592,Беларусь /,Языкознание и литературоведение / Linguistics and Literary Studies (in Russian),1,Accepted with budget,Bachelor
26002593,Руанда /,Биология / Biology (in Russian); Химия / Chemistry (in Russian); Менеджмент и государственное и муниципальное управление / Management and Public Administration (in Russian),3,Accepted with budget,Master
26002594,КИРГИЗИЯ /,Юриспруденция / Law (in Russian); История / History (in Russian); Менеджмент и государственное и муниципальное управление / Management and Public Administration (in Russian),3,Accepted with budget,Bachelor
26002595,Египет /,Международные отношения (на английском языке) / International Relations (in English); Журналистика и массовые коммуникации / Journalism and Mass Communication (in Russian); Политология / Political Science (in Russian),3,Accepted with budget,Master
26002596,Казахстан /,Психология / Psychology (in Russian); Менеджмент и государственное и муниципальное управление / Management and Public Administration (in Russian); Социология / Sociology (in Russian),3,Accepted with budget,Bachelor
26002597,Пакистан /,Химия / Chemistry (in Russian); Науки о Земле и окружающей среде / Earth and Environmental Sciences (in Russian); Физика / Physics (in Russian),3,Accepted with budget,Master
26002598,Беларусь /,Экономика / Economics (in Russian); Математика и компьютерные науки / Mathematics and Computer Science (in Russian); Менеджмент и государственное и муниципальное управление / Management and Public Administration (in Russian),3,Accepted with budget,Bachelor
26002599,Узбекистан /,Юриспруденция / Law (in Russian),1,Accepted with budget,Bachelor
26002600,"КОРЕЯ, РЕСПУБЛИКА /",Экономика / Economics (in Russian),1,Accepted with budget,Master
26002601,КИТАЙ /,Языкознание и литературоведение (на английском языке) / Foreign Languages (in English); Иностранные языки / Foreign Languages (in Russian); Языкознание и литературоведение / Linguistics and Literary Studies (in Russian),3,Accepted with budget,Master
26002602,Индия /,Математика и компьютерные науки / Mathematics and Computer Science (in Russian); Математика и механика / Mathematics and Mechanics (in Russian); Прикладная математика и процессы управления / Applied Mathematics and Control Processes (in Russian),3,Accepted with budget,Bachelor
26002603,КИТАЙ /,Языкознание и литературоведение / Linguistics and Literary Studies (in Russian),1,Accepted with budget,Master
26002605,"МОЛДОВА, РЕСПУБЛИКА /",Менеджмент и государственное и муниципальное управление / Management and Public Administration (in Russian),1,Accepted with budget,Bachelor
26002606,Пакистан /,Прикладная математика и процессы управления (на английском языке) / Applied Mathematics and Control Processes (in English); Математика и механика (на английском языке) / Mathematics and Mechanics (in English); Современная математика (на английском языке) / Modern Mathematics (in English),3,Accepted with budget,Master
26002607,ЛИВИЙСКАЯ АРАБСКАЯ ДЖАМАХИРИЯ /,Прикладная математика и процессы управления / Applied Mathematics and Control Processes (in Russian); Нефтегазовая геология / Petroleum Geology (in Russian); Международные отношения / International Relations (in Russian),3,Accepted with budget,Master
26002608,КИТАЙ /,Медиакоммуникации и журналистика / Mediacommunications and Journalism (in Russian); Педагогика / Pedagogy (in Russian); Языкознание и литературоведение / Linguistics and Literary Studies (in Russian),3,Accepted with budget,PhD
26002609,КИРГИЗИЯ /,Экономика / Economics (in Russian); Менеджмент и государственное и муниципальное управление / Management and Public Administration (in Russian),2,Accepted with budget,Master
26002610,Беларусь /,Юриспруденция / Law (in Russian),1,Accepted with budget,Bachelor
26002611,Узбекистан /,Международные отношения / International Relations (in Russian); Языкознание и литературоведение / Linguistics and Literary Studies (in Russian); Исторические науки / Historical Sciences (in Russian),3,Accepted with budget,PhD
26002612,Азербайджан /,Экономика / Economics (in Russian),1,Accepted with budget,Master
26002613,Узбекистан /,История / History (in Russian),1,Accepted with budget,Bachelor
26002614,Казахстан /,Юриспруденция / Law (in Russian),1,Accepted with budget,Bachelor
26002615,Казахстан /,Дизайн среды / Environmental Design (in Russian); Графический дизайн / Graphic Design (in Russian),2,Accepted with budget,Bachelor
26002616,КИТАЙ /,Международные отношения / International Relations (in Russian); Журналистика и массовые коммуникации / Journalism and Mass Communication (in Russian),2,Accepted with budget,Bachelor
26002617,"КОНГО, ДЕМОКРАТИЧЕСКАЯ РЕСПУБЛИКА /",Математика и механика (на английском языке) / Mathematics and Mechanics (in English),1,Accepted with budget,PhD
26002618,Латвия /,Психология / Psychology (in Russian); Журналистика и массовые коммуникации / Journalism and Mass Communication (in Russian),2,Accepted with budget,Bachelor
26002619,Беларусь /,Экономика / Economics (in Russian); Менеджмент / Management (in Russian); Компьютерные науки и информационные технологии / Computer Science and Information Technology (in Russian),3,Accepted with budget,PhD
26002620,Судан /,Математика и механика / Mathematics and Mechanics (in Russian),1,Accepted with budget,Master
26002621,Нигерия /,Английский язык / English; Декоративно-прикладное искусство / Applied Art (in Russian); Языкознание и литературоведение / Linguistics and Literary Studies (in Russian),3,Accepted with budget,Bachelor
26002622,Беларусь /,Экономика / Economics (in Russian); Международные отношения / International Relations (in Russian),2,Accepted with budget,Bachelor
26002623,Нигерия /,Менеджмент (на английском языке) / Management (in English),1,Accepted with budget,PhD
26002624,Пакистан /,Науки о Земле и окружающей среде / Earth and Environmental Sciences (in Russian),1,Accepted with budget,Master
26002625,Казахстан /,Психология / Psychology (in Russian); Менеджмент (на английском языке) / Management (in English); Менеджмент и государственное и муниципальное управление / Management and Public Administration (in Russian),3,Accepted with budget,Bachelor
26002626,КИТАЙ /,Журналистика и массовые коммуникации / Journalism and Mass Communication (in Russian); Социология / Sociology (in Russian); Менеджмент и государственное и муниципальное управление / Management and Public Administration (in Russian),3,Accepted with budget,Master
26002627,"МОЛДОВА, РЕСПУБЛИКА /",Психология / Psychology (in Russian),1,Accepted with budget,Bachelor
26002628,"ИРАН, ИСЛАМСКАЯ РЕСПУБЛИКА /",Медицина / Medicine (in Russian),1,Accepted with budget,PhD
26002629,Бангладеш /,Математика и компьютерные науки / Mathematics and Computer Science (in Russian); Графический дизайн / Graphic Design (in Russian); Биология / Biology (in Russian),3,Accepted with budget,Bachelor
26002630,СИРИЙСКАЯ АРАБСКАЯ РЕСПУБЛИКА /,Стоматология / Dental Medicine (in Russian),1,Accepted with budget,PhD
26002631,Йемен /,Менеджмент (на английском языке) / Management (in English); Экономика (на английском языке) / Economics (in English); Международные отношения (на английском языке) / International Relations (in English),3,Accepted with budget,Master
26002632,Казахстан /,Математика и компьютерные науки / Mathematics and Computer Science (in Russian); Прикладная математика и процессы управления / Applied Mathematics and Control Processes (in Russian),2,Accepted with budget,Bachelor
26002633,КИТАЙ /,Исторические науки / Historical Sciences (in Russian),1,Accepted with budget,PhD
26002634,Египет /,Стоматология / Dental Medicine (in Russian),1,Accepted with budget,Specialist
26002634,Египет /,Юриспруденция / Law (in Russian),1,Accepted with budget,Bachelor
26002635,ТУРКМЕНИСТАН /,Менеджмент и государственное и муниципальное управление / Management and Public Administration (in Russian); Социология / Sociology (in Russian); Искусства и гуманитарные науки / Arts and Humanities (in Russian),3,Accepted with budget,Bachelor
26002636,Гвинея /,Экономика / Economics (in Russian); Менеджмент / Management (in Russian); Право / Law (in Russian),3,Accepted with budget,PhD
26002637,Бангладеш /,Медицина (на английском языке) / Medicine (in English); Стоматология (на английском языке) / Dental Medicine (in English),2,Accepted with budget,Specialist
26002637,Бангладеш /,Математика и компьютерные науки / Mathematics and Computer Science (in Russian),1,Accepted with budget,Bachelor
26002638,Эфиопия /,Менеджмент (на английском языке) / Management (in English),1,Accepted with budget,Bachelor
26002639,ТУРКМЕНИСТАН /,Международные отношения / International Relations (in Russian); Иностранные языки / Foreign Languages (in Russian); Педагогика / Pedagogy (in Russian),3,Accepted with budget,Master
26002640,Эфиопия /,Математика и механика (на английском языке) / Mathematics and Mechanics (in English),1,Accepted with budget,Master
26002641,Египет /,Математика и компьютерные науки / Mathematics and Computer Science (in Russian),1,Accepted with budget,Bachelor
26002642,КИРГИЗИЯ /,Психология / Psychology (in Russian); Биология / Biology (in Russian); Социология / Sociology (in Russian),3,Accepted with budget,Bachelor
26002643,Узбекистан /,Графический дизайн / Graphic Design (in Russian); Востоковедение и африканистика / Asian and African Studies (in Russian); Искусства и гуманитарные науки / Arts and Humanities (in Russian),3,Accepted with budget,Master
26002644,Нигерия /,Менеджмент (на английском языке) / Management (in English),1,Accepted with budget,PhD
26002645,Пакистан /,Менеджмент (на английском языке) / Management (in English),1,Accepted with budget,Bachelor
26002646,Пакистан /,Менеджмент / Management (in Russian); Языкознание и литературоведение / Linguistics and Literary Studies (in Russian); Международные отношения / International Relations (in Russian),3,Accepted with budget,PhD
26002647,Казахстан /,Биология / Biology (in Russian); Психология / Psychology (in Russian),2,Accepted with budget,Bachelor
26002647,Казахстан /,Медицина / Medicine (in Russian),1,Accepted with budget,Specialist
26002648,"КОРЕЯ, РЕСПУБЛИКА /",Международные отношения (на английском языке) / International Relations (in English); Языкознание и литературоведение (на английском языке) / Foreign Languages (in English),2,Accepted with budget,Master
26002649,Пакистан /,Социология (на английском языке) / Sociology (in English); Менеджмент (на английском языке) / Management (in English); Международные отношения (на английском языке) / International Relations (in English),3,Accepted with budget,Master
26002650,КИТАЙ /,Социология / Sociology (in Russian),1,Accepted with budget,PhD
26002651,Бангладеш /,Менеджмент (на английском языке) / Management (in English); Экономика / Economics (in Russian); Международные отношения / International Relations (in Russian),3,Accepted with budget,Bachelor
26002652,Йемен /,Международные отношения (на английском языке) / International Relations (in English); Менеджмент (на английском языке) / Management (in English); Экономика (на английском языке) / Economics (in English),3,Accepted with budget,Master
26002653,Йемен /,Прикладная математика и процессы управления / Applied Mathematics and Control Processes (in Russian); Математика и механика / Mathematics and Mechanics (in Russian),2,Accepted with budget,Master
26002654,Российская Федерация /,Журналистика и массовые коммуникации / Journalism and Mass Communication (in Russian); Международные отношения / International Relations (in Russian); Языкознание и литературоведение / Linguistics and Literary Studies (in Russian),3,Accepted with budget,Bachelor
26002655,Узбекистан /,Международные отношения / International Relations (in Russian),1,Accepted with budget,PhD
26002656,Йемен /,Прикладная математика и процессы управления / Applied Mathematics and Control Processes (in Russian); Математика и механика / Mathematics and Mechanics (in Russian),2,Accepted with budget,Master
26002657,Бангладеш /,Менеджмент (на английском языке) / Management (in English),1,Accepted with budget,Bachelor
26002658,Словакия /,Международные отношения / International Relations (in Russian); Юриспруденция / Law (in Russian); Политология / Political Science (in Russian),3,Accepted with budget,Master
26002659,Бангладеш /,Менеджмент и государственное и муниципальное управление / Management and Public Administration (in Russian); Менеджмент (на английском языке) / Management (in English); Социология / Sociology (in Russian),3,Accepted with budget,Bachelor
26002660,Нигерия /,Менеджмент (на английском языке) / Management (in English); Деловая коммуникация на английском языке / Business Communication in English; Языкознание и литературоведение (на английском языке) / Foreign Languages (in English),3,Accepted with budget,Master
26002661,ТУРКМЕНИСТАН /,Математика и механика / Mathematics and Mechanics (in Russian),1,Accepted with budget,Bachelor
26002662,Судан /,Менеджмент (на английском языке) / Management (in English),1,Accepted with budget,Bachelor
26002662,Судан /,Стоматология (на английском языке) / Dental Medicine (in English); Медицина / Medicine (in Russian),2,Accepted with budget,Specialist
26002663,"ИРАН, ИСЛАМСКАЯ РЕСПУБЛИКА /",Медиакоммуникации и журналистика / Mediacommunications and Journalism (in Russian),1,Accepted with budget,PhD
26002664,Пакистан /,Международные отношения (на английском языке) / International Relations (in English); Менеджмент (на английском языке) / Management (in English); Языкознание и литературоведение (на английском языке) / Foreign Languages (in English),3,Accepted with budget,Master
26002665,"ИРАН, ИСЛАМСКАЯ РЕСПУБЛИКА /",Политология / Political Science (in Russian); Юриспруденция / Law (in Russian),2,Accepted with budget,Bachelor
26002665,"ИРАН, ИСЛАМСКАЯ РЕСПУБЛИКА /",Медицина / Medicine (in Russian),1,Accepted with budget,Specialist
26002666,Беларусь /,Искусства и гуманитарные науки / Arts and Humanities (in Russian); История / History (in Russian),2,Accepted with budget,Master
26002667,Судан /,Прикладная математика и процессы управления / Applied Mathematics and Control Processes (in Russian); Математика и компьютерные науки / Mathematics and Computer Science (in Russian); Математика и механика / Mathematics and Mechanics (in Russian),3,Accepted with budget,Bachelor
26002668,Нигерия /,Менеджмент (на английском языке) / Management (in English),1,Accepted with budget,Master
26002669,КИТАЙ /,Социология / Sociology (in Russian); Политология / Political Science (in Russian); Языкознание и литературоведение / Linguistics and Literary Studies (in Russian),3,Accepted with budget,PhD
26002670,Нигерия /,Международные отношения (на английском языке) / International Relations (in English); Социология (на английском языке) / Sociology (in English),2,Accepted with budget,Master
26002671,Сенегал /,Живопись / Painting (in Russian),1,Accepted with budget,Specialist
26002671,Сенегал /,Реставрация / Restoration of Fine and Applied Art Objects (in Russian); Декоративно-прикладное искусство / Applied Art (in Russian),2,Accepted with budget,Bachelor
26002672,Бангладеш /,Прикладная математика и процессы управления / Applied Mathematics and Control Processes (in Russian); Математика и механика / Mathematics and Mechanics (in Russian),2,Accepted with budget,Bachelor
26002673,Бангладеш /,Биология / Biology (in Russian),1,Accepted with budget,Bachelor
26002674,Египет /,Биология / Biology (in Russian); Математика и компьютерные науки / Mathematics and Computer Science (in Russian),2,Accepted with budget,Bachelor
26002674,Египет /,Медицина / Medicine (in Russian),1,Accepted with budget,Specialist
26002675,Алжир /,Экономика / Economics (in Russian),1,Accepted with budget,PhD
26002676,Индия /,Менеджмент (на английском языке) / Management (in English),1,Accepted with budget,Bachelor
26002677,Судан /,Менеджмент и государственное и муниципальное управление / Management and Public Administration (in Russian); Психология / Psychology (in Russian); Биология / Biology (in Russian),3,Accepted with budget,Bachelor
26002678,Йемен /,Математика и компьютерные науки / Mathematics and Computer Science (in Russian); Нефтегазовое дело / Petroleum Engineering (in Russian),2,Accepted with budget,Bachelor
26002679,Ирак /,Графический дизайн / Graphic Design (in Russian); Нефтегазовое дело / Petroleum Engineering (in Russian); Физика / Physics (in Russian),3,Accepted with budget,Bachelor
26002680,"ПАЛЕСТИНА, ГОСУДАРСТВО /",Международные отношения / International Relations (in Russian),1,Accepted with budget,PhD
26002681,Узбекистан /,Математика и компьютерные науки / Mathematics and Computer Science (in Russian); Математика и механика / Mathematics and Mechanics (in Russian); Прикладная математика и процессы управления / Applied Mathematics and Control Processes (in Russian),3,Accepted with budget,Bachelor
26002682,Египет /,Дизайн среды / Environmental Design (in Russian); Графический дизайн / Graphic Design (in Russian); Искусства и гуманитарные науки / Arts and Humanities (in Russian),3,Accepted with budget,Bachelor
26002683,Пакистан /,Менеджмент (на английском языке) / Management (in English),1,Accepted with budget,PhD
26002684,Таджикистан /,Юриспруденция / Law (in Russian); Социология / Sociology (in Russian); Международные отношения / International Relations (in Russian),3,Accepted with budget,Bachelor
26002686,Сьерра-Леоне /,Менеджмент (на английском языке) / Management (in English),1,Accepted with budget,PhD
26002687,Нигерия /,Прикладная математика и процессы управления (на английском языке) / Applied Mathematics and Control Processes (in English),1,Accepted with budget,Master
26002688,Узбекистан /,Журналистика и массовые коммуникации / Journalism and Mass Communication (in Russian); Языкознание и литературоведение / Linguistics and Literary Studies (in Russian),2,Accepted with budget,Master
26002689,Узбекистан /,Международные отношения / International Relations (in Russian),1,Accepted with budget,Bachelor
26002690,Пакистан /,Менеджмент (на английском языке) / Management (in English),1,Accepted with budget,PhD
26002691,Афганистан /,Дизайн среды / Environmental Design (in Russian); Графический дизайн / Graphic Design (in Russian),2,Accepted with budget,Master
26002692,"ПАЛЕСТИНА, ГОСУДАРСТВО /",Математика и механика / Mathematics and Mechanics (in Russian),1,Accepted with budget,Bachelor
26002693,Нигерия /,Биология / Biology (in Russian),1,Accepted with budget,Master
26002694,Казахстан /,Медицина / Medicine (in Russian),1,Accepted with budget,Specialist
26002694,Казахстан /,Психология / Psychology (in Russian),1,Accepted with budget,Bachelor
26002695,Афганистан /,Экономика / Economics (in Russian); Иностранные языки / Foreign Languages (in Russian),2,Accepted with budget,Master
26002696,КИТАЙ /,Иностранные языки / Foreign Languages (in Russian); Журналистика и массовые коммуникации / Journalism and Mass Communication (in Russian); Языкознание и литературоведение / Linguistics and Literary Studies (in Russian),3,Accepted with budget,Master
26002697,Беларусь /,Иностранные языки / Foreign Languages (in Russian),1,Accepted with budget,Master
26002698,Казахстан /,Математика и механика / Mathematics and Mechanics (in Russian),1,Accepted with budget,Bachelor
26002699,Вьетнам /,Философия / Philosophy (in Russian); Языкознание и литературоведение / Linguistics and Literary Studies (in Russian),2,Accepted with budget,PhD
26002700,"КОРЕЯ, РЕСПУБЛИКА /",Международные отношения (на английском языке) / International Relations (in English); Искусства и гуманитарные науки / Arts and Humanities (in Russian); Востоковедение и африканистика / Asian and African Studies (in Russian),3,Accepted with budget,Master
26002701,Казахстан /,Медицина / Medicine (in Russian); Стоматология / Dental Medicine (in Russian),2,Accepted with budget,Specialist
26002701,Казахстан /,Химия / Chemistry (in Russian),1,Accepted with budget,Bachelor
26002702,Судан /,Нефтегазовая геология / Petroleum Geology (in Russian); Науки о Земле и окружающей среде / Earth and Environmental Sciences (in Russian); Менеджмент и государственное и муниципальное управление / Management and Public Administration (in Russian),3,Accepted with budget,Master
26002703,Алжир /,Биологические науки / Biological sciences (in Russian),1,Accepted with budget,PhD
26002704,Мали /,Экономика / Economics (in Russian),1,Accepted with budget,Bachelor
26002705,Ирак /,Нефтегазовая геология / Petroleum Geology (in Russian),1,Accepted with budget,Master
26002706,Нигерия /,Науки о Земле и окружающей среде / Earth and Environmental Sciences (in Russian); Экономика / Economics (in Russian),2,Accepted with budget,Master
26002707,Казахстан /,Математика и механика / Mathematics and Mechanics (in Russian); Нефтегазовое дело / Petroleum Engineering (in Russian); Физика / Physics (in Russian),3,Accepted with budget,Bachelor
26002708,Пакистан /,Менеджмент (на английском языке) / Management (in English); Экономика / Economics (in Russian); Международные отношения / International Relations (in Russian),3,Accepted with budget,PhD
26002709,Казахстан /,Журналистика и массовые коммуникации / Journalism and Mass Communication (in Russian),1,Accepted with budget,Master
26002710,Казахстан /,Психология / Psychology (in Russian); Экономика / Economics (in Russian),2,Accepted with budget,Bachelor
26002712,Пакистан /,Менеджмент (на английском языке) / Management (in English),1,Accepted with budget,PhD
26002713,Бангладеш /,Менеджмент (на английском языке) / Management (in English),1,Accepted with budget,PhD
26002714,Узбекистан /,Психология / Psychology (in Russian),1,Accepted with budget,Bachelor
26002715,Пакистан /,Менеджмент (на английском языке) / Management (in English); Деловая коммуникация на английском языке / Business Communication in English; Международные отношения (на английском языке) / International Relations (in English),3,Accepted with budget,Master
26002716,Пакистан /,Культурология (на английском языке) / Cultural Studies (in English); Деловая коммуникация на английском языке / Business Communication in English; Международные отношения (на английском языке) / International Relations (in English),3,Accepted with budget,Master
26002717,Пакистан /,Компьютерные науки и информационные технологии / Computer Science and Information Technology (in Russian); Математика и механика (на английском языке) / Mathematics and Mechanics (in English),2,Accepted with budget,PhD
26002718,Казахстан /,Прикладная математика и процессы управления / Applied Mathematics and Control Processes (in Russian); Математика и компьютерные науки / Mathematics and Computer Science (in Russian),2,Accepted with budget,Bachelor
26002719,Мальдивы /,Международные отношения (на английском языке) / International Relations (in English),1,Accepted with budget,Master
26002720,Египет /,Стоматология / Dental Medicine (in Russian),1,Accepted with budget,PhD
26002721,ТУРКМЕНИСТАН /,Графический дизайн / Graphic Design (in Russian); Философия / Philosophy (in Russian); Языкознание и литературоведение / Linguistics and Literary Studies (in Russian),3,Accepted with budget,Bachelor
26002722,"ТАНЗАНИЯ, ОБЪЕДИНЕННАЯ РЕСПУБЛИКА /",Прикладная математика и процессы управления / Applied Mathematics and Control Processes (in Russian); Математика и механика / Mathematics and Mechanics (in Russian); Математика и компьютерные науки / Mathematics and Computer Science (in Russian),3,Accepted with budget,Bachelor
26002723,КИРГИЗИЯ /,Физика / Physics (in Russian),1,Accepted with budget,Bachelor
26002724,Таджикистан /,Юриспруденция / Law (in Russian); Международные отношения / International Relations (in Russian); Психология / Psychology (in Russian),3,Accepted with budget,Bachelor
26002725,Индия /,Педагогика / Pedagogy (in Russian),1,Accepted with budget,PhD
26002726,Казахстан /,Математика и компьютерные науки / Mathematics and Computer Science (in Russian); Прикладная математика и процессы управления / Applied Mathematics and Control Processes (in Russian); Математика и механика / Mathematics and Mechanics (in Russian),3,Accepted with budget,Bachelor
26002727,Казахстан /,Прикладная математика и процессы управления / Applied Mathematics and Control Processes (in Russian); Физика / Physics (in Russian); Математика и компьютерные науки / Mathematics and Computer Science (in Russian),3,Accepted with budget,Bachelor
26002728,Пакистан /,Менеджмент (на английском языке) / Management (in English); Менеджмент / Management (in Russian),2,Accepted with budget,PhD
26002729,Казахстан /,Экономика / Economics (in Russian); Прикладная математика и процессы управления / Applied Mathematics and Control Processes (in Russian); Математика и компьютерные науки / Mathematics and Computer Science (in Russian),3,Accepted with budget,Bachelor
26002730,Узбекистан /,Юриспруденция / Law (in Russian),1,Accepted with budget,Bachelor
26002731,Пакистан /,Психология / Psychology (in Russian),1,Accepted with budget,Bachelor
26002731,Пакистан /,Медицина (на английском языке) / Medicine (in English); Стоматология (на английском языке) / Dental Medicine (in English),2,Accepted with budget,Specialist
26002732,Казахстан /,Международные отношения / International Relations (in Russian); Политология / Political Science (in Russian),2,Accepted with budget,Bachelor
26002733,Пакистан /,Математика и компьютерные науки / Mathematics and Computer Science (in Russian); Экономика / Economics (in Russian),2,Accepted with budget,Bachelor
26002734,Казахстан /,Международные отношения / International Relations (in Russian); Менеджмент и государственное и муниципальное управление / Management and Public Administration (in Russian); Журналистика и массовые коммуникации / Journalism and Mass Communication (in Russian),3,Accepted with budget,Bachelor
26002735,Нигерия /,Нефтегазовое дело / Petroleum Engineering (in Russian); Менеджмент (на английском языке) / Management (in English); Менеджмент и государственное и муниципальное управление / Management and Public Administration (in Russian),3,Accepted with budget,Bachelor
26002736,Казахстан /,Журналистика и массовые коммуникации / Journalism and Mass Communication (in Russian),1,Accepted with budget,Bachelor
26002737,Гвинея /,Экономика / Economics (in Russian); Менеджмент / Management (in Russian),2,Accepted with budget,PhD
26002738,Пакистан /,Менеджмент (на английском языке) / Management (in English),1,Accepted with budget,Bachelor
26002738,Пакистан /,Стоматология (на английском языке) / Dental Medicine (in English); Медицина (на английском языке) / Medicine (in English),2,Accepted with budget,Specialist
26002739,Казахстан /,Юриспруденция / Law (in Russian),1,Accepted with budget,Bachelor
26002740,"ПАЛЕСТИНА, ГОСУДАРСТВО /",Графический дизайн / Graphic Design (in Russian); Математика и компьютерные науки / Mathematics and Computer Science (in Russian); Менеджмент и государственное и муниципальное управление / Management and Public Administration (in Russian),3,Accepted with budget,Bachelor
26002741,Афганистан /,Менеджмент (на английском языке) / Management (in English); Английский язык / English,2,Accepted with budget,Bachelor
26002741,Афганистан /,Стоматология (на английском языке) / Dental Medicine (in English),1,Accepted with budget,Specialist
26002742,Алжир /,Экономика / Economics (in Russian); Английский язык / English; Международные отношения / International Relations (in Russian),3,Accepted with budget,Bachelor
26002743,Нигерия /,Менеджмент (на английском языке) / Management (in English); Экономика / Economics (in Russian),2,Accepted with budget,Bachelor
26002744,Узбекистан /,Математика и компьютерные науки / Mathematics and Computer Science (in Russian); Прикладная математика и процессы управления / Applied Mathematics and Control Processes (in Russian); Математика и механика / Mathematics and Mechanics (in Russian),3,Accepted with budget,Bachelor
26002745,Бельгия /,Исторические науки / Historical Sciences (in Russian),1,Accepted with budget,PhD
26002746,Бангладеш /,Менеджмент (на английском языке) / Management (in English); Менеджмент и государственное и муниципальное управление / Management and Public Administration (in Russian); Социология / Sociology (in Russian),3,Accepted with budget,Bachelor
26002747,Афганистан /,Английский язык / English,1,Accepted with budget,Bachelor
26002747,Афганистан /,Медицина (на английском языке) / Medicine (in English),1,Accepted with budget,Specialist
26002748,ТУРКМЕНИСТАН /,Компьютерные науки и информационные технологии / Computer Science and Information Technology (in Russian),1,Accepted with budget,PhD
26002749,Бангладеш /,Медицина (на английском языке) / Medicine (in English),1,Accepted with budget,Specialist
26002749,Бангладеш /,Биология / Biology (in Russian); Менеджмент (на английском языке) / Management (in English),2,Accepted with budget,Bachelor
26002750,Нигерия /,Менеджмент (на английском языке) / Management (in English),1,Accepted with budget,PhD
26002751,СИРИЙСКАЯ АРАБСКАЯ РЕСПУБЛИКА /,Медицина / Medicine (in Russian),1,Accepted with budget,Specialist
26002752,Индия /,Менеджмент (на английском языке) / Management (in English),1,Accepted with budget,PhD
26002753,Казахстан /,Теология / Theology (in Russian),1,Accepted with budget,PhD
26002754,Индонезия /,Медицина / Medicine (in Russian),1,Accepted with budget,PhD
26002755,Египет /,Стоматология / Dental Medicine (in Russian),1,Accepted with budget,PhD
26002756,Казахстан /,Стоматология / Dental Medicine (in Russian); Медицина / Medicine (in Russian),2,Accepted with budget,Specialist
26002757,Алжир /,Стоматология (на английском языке) / Dental Medicine (in English),1,Accepted with budget,Specialist
26002758,Йемен /,Медицина / Medicine (in Russian),1,Accepted with budget,PhD
26002759,Йемен /,Медицина / Medicine (in Russian); Стоматология / Dental Medicine (in Russian); Стоматология (на английском языке) / Dental Medicine (in English),3,Accepted with budget,Specialist
26002760,"ТАНЗАНИЯ, ОБЪЕДИНЕННАЯ РЕСПУБЛИКА /",Медицина (на английском языке) / Medicine (in English); Стоматология (на английском языке) / Dental Medicine (in English),2,Accepted with budget,Specialist
26002761,"ИРАН, ИСЛАМСКАЯ РЕСПУБЛИКА /",Стоматология / Dental Medicine (in Russian); Стоматология (на английском языке) / Dental Medicine (in English); Медицина (на английском языке) / Medicine (in English),3,Accepted with budget,Specialist
26002762,Пакистан /,Математика и механика (на английском языке) / Mathematics and Mechanics (in English); Менеджмент (на английском языке) / Management (in English),2,Accepted with budget,PhD
26002763,"ИРАН, ИСЛАМСКАЯ РЕСПУБЛИКА /",Медицина / Medicine (in Russian); Медицина (на английском языке) / Medicine (in English),2,Accepted with budget,Specialist
26002764,Сербия /,Химические науки / Chemical Sciences (in Russian),1,Accepted with budget,PhD
26002765,ЛИВИЙСКАЯ АРАБСКАЯ ДЖАМАХИРИЯ /,Медицина (на английском языке) / Medicine (in English); Стоматология (на английском языке) / Dental Medicine (in English),2,Accepted with budget,Specialist
26002766,"ПАЛЕСТИНА, ГОСУДАРСТВО /",Медицина (на английском языке) / Medicine (in English); Стоматология (на английском языке) / Dental Medicine (in English),2,Accepted with budget,Specialist
26002767,Египет /,Медицина / Medicine (in Russian),1,Accepted with budget,Specialist
26002768,Нигерия /,Медицина (на английском языке) / Medicine (in English),1,Accepted with budget,Specialist
26002768,Нигерия /,Биология / Biology (in Russian),1,Accepted with budget,Bachelor
26002769,Йемен /,Менеджмент / Management (in Russian),1,Accepted with budget,PhD
26002770,Египет /,Медицина / Medicine (in Russian),1,Accepted with budget,Specialist
26002771,Судан /,Медицина (на английском языке) / Medicine (in English),1,Accepted with budget,Specialist
26002772,Бангладеш /,Менеджмент (на английском языке) / Management (in English),1,Accepted with budget,PhD
26002773,Судан /,Медицина (на английском языке) / Medicine (in English); Стоматология (на английском языке) / Dental Medicine (in English); Медицина / Medicine (in Russian),3,Accepted with budget,Specialist
26002774,"ИРАН, ИСЛАМСКАЯ РЕСПУБЛИКА /",Стоматология (на английском языке) / Dental Medicine (in English); Медицина (на английском языке) / Medicine (in English),2,Accepted with budget,Specialist
26002775,ТУРКМЕНИСТАН /,Медицина / Medicine (in Russian),1,Accepted with budget,Specialist
26002776,СИРИЙСКАЯ АРАБСКАЯ РЕСПУБЛИКА /,Медицина (на английском языке) / Medicine (in English); Медицина / Medicine (in Russian),2,Accepted with budget,Specialist
26002777,Бангладеш /,Менеджмент (на английском языке) / Management (in English),1,Accepted with budget,PhD
26002778,Египет /,Стоматология (на английском языке) / Dental Medicine (in English),1,Accepted with budget,Specialist
26002779,ТУРКМЕНИСТАН /,Стоматология / Dental Medicine (in Russian),1,Accepted with budget,Specialist
26002780,"ИРАН, ИСЛАМСКАЯ РЕСПУБЛИКА /",Медицина (на английском языке) / Medicine (in English); Стоматология (на английском языке) / Dental Medicine (in English),2,Accepted with budget,Specialist
26002781,Египет /,Медицина (на английском языке) / Medicine (in English); Стоматология (на английском языке) / Dental Medicine (in English); Медицина / Medicine (in Russian),3,Accepted with budget,Specialist
26002782,Ангола /,Науки о Земле и окружающей среде / Earth and Environmental Sciences (in Russian); Экономика / Economics (in Russian); Менеджмент / Management (in Russian),3,Accepted with budget,PhD
26002783,Индия /,Медицина (на английском языке) / Medicine (in English),1,Accepted with budget,Specialist
26002784,Египет /,Медицина (на английском языке) / Medicine (in English),1,Accepted with budget,Specialist
26002786,Казахстан /,Медицина / Medicine (in Russian),1,Accepted with budget,Specialist
26002787,"ИРАН, ИСЛАМСКАЯ РЕСПУБЛИКА /",Стоматология / Dental Medicine (in Russian); Стоматология (на английском языке) / Dental Medicine (in English); Медицина / Medicine (in Russian),3,Accepted with budget,Specialist
26002788,"ИРАН, ИСЛАМСКАЯ РЕСПУБЛИКА /",Стоматология / Dental Medicine (in Russian); Стоматология (на английском языке) / Dental Medicine (in English),2,Accepted with budget,Specialist
26002789,ТУРКМЕНИСТАН /,Актерское искусство / Acting Art (in Russian),1,Accepted with budget,Specialist
26002790,"ИРАН, ИСЛАМСКАЯ РЕСПУБЛИКА /",Стоматология / Dental Medicine (in Russian); Стоматология (на английском языке) / Dental Medicine (in English),2,Accepted with budget,Specialist
26002791,Афганистан /,Медицина (на английском языке) / Medicine (in English); Стоматология (на английском языке) / Dental Medicine (in English); Стоматология / Dental Medicine (in Russian),3,Accepted with budget,Specialist
26002792,Судан /,Медицина (на английском языке) / Medicine (in English); Медицина / Medicine (in Russian); Стоматология / Dental Medicine (in Russian),3,Accepted with budget,Specialist
26002793,"ТАНЗАНИЯ, ОБЪЕДИНЕННАЯ РЕСПУБЛИКА /",Медицина / Medicine (in Russian),1,Accepted with budget,Specialist
26002794,Ирак /,Медицина (на английском языке) / Medicine (in English); Медицина / Medicine (in Russian),2,Accepted with budget,Specialist
26002795,Пакистан /,Медицина (на английском языке) / Medicine (in English); Стоматология (на английском языке) / Dental Medicine (in English),2,Accepted with budget,Specialist
26002796,ТУРКМЕНИСТАН /,Медицина / Medicine (in Russian),1,Accepted with budget,Specialist
26002797,Гаити /,Медицина / Medicine (in Russian),1,Accepted with budget,Specialist
26002798,СИРИЙСКАЯ АРАБСКАЯ РЕСПУБЛИКА /,Медицина / Medicine (in Russian),1,Accepted with budget,Specialist
26002799,Российская Федерация /,Медицина (на английском языке) / Medicine (in English); Медицина / Medicine (in Russian),2,Accepted with budget,Specialist
26002800,Египет /,Медицина (на английском языке) / Medicine (in English),1,Accepted with budget,Specialist
26002801,Бангладеш /,Языкознание и литературоведение / Linguistics and Literary Studies (in Russian),1,Accepted with budget,Bachelor
26002802,Судан /,Медицина (на английском языке) / Medicine (in English),1,Accepted with budget,Specialist
26002803,Пакистан /,Медицина (на английском языке) / Medicine (in English); Стоматология (на английском языке) / Dental Medicine (in English),2,Accepted with budget,Specialist
26002804,Алжир /,Медицина (на английском языке) / Medicine (in English),1,Accepted with budget,Specialist
26002805,Судан /,Менеджмент (на английском языке) / Management (in English); Нефтегазовое дело / Petroleum Engineering (in Russian); Математика и компьютерные науки / Mathematics and Computer Science (in Russian),3,Accepted with budget,Bachelor
26002806,Египет /,Медицина (на английском языке) / Medicine (in English); Медицина / Medicine (in Russian); Стоматология (на английском языке) / Dental Medicine (in English),3,Accepted with budget,Specialist
26002807,Судан /,Медицина (на английском языке) / Medicine (in English); Медицина / Medicine (in Russian); Стоматология (на английском языке) / Dental Medicine (in English),3,Accepted with budget,Specialist
26002808,Судан /,Менеджмент (на английском языке) / Management (in English); Английский язык / English,2,Accepted with budget,Bachelor
26002809,ЧАД /,Стоматология (на английском языке) / Dental Medicine (in English); Стоматология / Dental Medicine (in Russian),2,Accepted with budget,Specialist
26002810,"ИРАН, ИСЛАМСКАЯ РЕСПУБЛИКА /",Медицина (на английском языке) / Medicine (in English); Стоматология (на английском языке) / Dental Medicine (in English); Стоматология / Dental Medicine (in Russian),3,Accepted with budget,Specialist
26002811,Бангладеш /,Менеджмент (на английском языке) / Management (in English); Международные отношения / International Relations (in Russian); Менеджмент и государственное и муниципальное управление / Management and Public Administration (in Russian),3,Accepted with budget,Bachelor
26002812,ТУРКМЕНИСТАН /,Стоматология / Dental Medicine (in Russian),1,Accepted with budget,Specialist
26002813,Бангладеш /,Стоматология (на английском языке) / Dental Medicine (in English); Медицина (на английском языке) / Medicine (in English),2,Accepted with budget,Specialist
26002813,Бангладеш /,Менеджмент (на английском языке) / Management (in English),1,Accepted with budget,Bachelor
26002814,"ИРАН, ИСЛАМСКАЯ РЕСПУБЛИКА /",Медицина (на английском языке) / Medicine (in English); Медицина / Medicine (in Russian),2,Accepted with budget,Specialist
26002815,"ПАЛЕСТИНА, ГОСУДАРСТВО /",Менеджмент и государственное и муниципальное управление / Management and Public Administration (in Russian),1,Accepted with budget,Bachelor
26002816,Афганистан /,Математика и компьютерные науки / Mathematics and Computer Science (in Russian); Науки о Земле / Earth Sciences (in Russian),2,Accepted with budget,Bachelor
26002817,Джибути /,Теология / Theology (in Russian),1,Accepted with budget,Bachelor
26002817,Джибути /,Медицина (на английском языке) / Medicine (in English); Стоматология (на английском языке) / Dental Medicine (in English),2,Accepted with budget,Specialist
26002818,Бангладеш /,Математика и компьютерные науки / Mathematics and Computer Science (in Russian),1,Accepted with budget,Bachelor
26002819,Казахстан /,Международные отношения / International Relations (in Russian); Социология / Sociology (in Russian); Журналистика и массовые коммуникации / Journalism and Mass Communication (in Russian),3,Accepted with budget,Bachelor
26002820,Пакистан /,Менеджмент (на английском языке) / Management (in English); Биология / Biology (in Russian); Науки о Земле / Earth Sciences (in Russian),3,Accepted with budget,Bachelor
26002821,Египет /,Биология / Biology (in Russian); Математика и компьютерные науки / Mathematics and Computer Science (in Russian),2,Accepted with budget,Bachelor
26002821,Египет /,Медицина / Medicine (in Russian),1,Accepted with budget,Specialist
26002822,Алжир /,Экономика / Economics (in Russian),1,Accepted with budget,Bachelor
26002823,Казахстан /,Прикладная математика и процессы управления / Applied Mathematics and Control Processes (in Russian); Математика и механика / Mathematics and Mechanics (in Russian),2,Accepted with budget,Bachelor
26002824,Пакистан /,Экономика / Economics (in Russian); Математика и компьютерные науки / Mathematics and Computer Science (in Russian),2,Accepted with budget,Bachelor
26002825,ТУРКМЕНИСТАН /,Менеджмент и государственное и муниципальное управление / Management and Public Administration (in Russian); Математика и механика / Mathematics and Mechanics (in Russian); Прикладная математика и процессы управления / Applied Mathematics and Control Processes (in Russian),3,Accepted with budget,Bachelor
26002826,Узбекистан /,История / History (in Russian); Искусства и гуманитарные науки / Arts and Humanities (in Russian); Философия / Philosophy (in Russian),3,Accepted with budget,Bachelor
26002827,Афганистан /,Медицина (на английском языке) / Medicine (in English); Стоматология (на английском языке) / Dental Medicine (in English),2,Accepted with budget,Specialist
26002827,Афганистан /,Психология / Psychology (in Russian),1,Accepted with budget,Bachelor
26002828,Египет /,Медицина (на английском языке) / Medicine (in English),1,Accepted with budget,Specialist
26002829,Казахстан /,Стоматология / Dental Medicine (in Russian),1,Accepted with budget,Specialist
26002831,Руанда /,Менеджмент (на английском языке) / Management (in English),1,Accepted with budget,Bachelor
26002831,Руанда /,Стоматология (на английском языке) / Dental Medicine (in English),1,Accepted with budget,Specialist
26002832,Бангладеш /,Стоматология (на английском языке) / Dental Medicine (in English); Медицина (на английском языке) / Medicine (in English),2,Accepted with budget,Specialist
26002832,Бангладеш /,Международные отношения / International Relations (in Russian),1,Accepted with budget,Bachelor
26002833,Казахстан /,Медицина / Medicine (in Russian); Стоматология / Dental Medicine (in Russian),2,Accepted with budget,Specialist
26002834,Таджикистан /,Стоматология / Dental Medicine (in Russian); Медицина / Medicine (in Russian),2,Accepted with budget,Specialist
26002834,Таджикистан /,Биология / Biology (in Russian),1,Accepted with budget,Bachelor
26002835,Казахстан /,Экономика / Economics (in Russian); Менеджмент и государственное и муниципальное управление / Management and Public Administration (in Russian),2,Accepted with budget,Bachelor
26002836,Казахстан /,Психология / Psychology (in Russian),1,Accepted with budget,Bachelor
26002837,Камерун /,Математика и компьютерные науки / Mathematics and Computer Science (in Russian); Математика и механика / Mathematics and Mechanics (in Russian),2,Accepted with budget,Bachelor
26002838,Экваториальная Гвинея /,Экономика / Economics (in Russian); Менеджмент и государственное и муниципальное управление / Management and Public Administration (in Russian); Нефтегазовое дело / Petroleum Engineering (in Russian),3,Accepted with budget,Bachelor
26002839,Казахстан /,Математика и компьютерные науки / Mathematics and Computer Science (in Russian),1,Accepted with budget,Bachelor
26002840,Камерун /,Науки о Земле / Earth Sciences (in Russian); Журналистика и массовые коммуникации / Journalism and Mass Communication (in Russian),2,Accepted with budget,Bachelor
26002841,КИРГИЗИЯ /,Психология / Psychology (in Russian); Биология / Biology (in Russian); Социология / Sociology (in Russian),3,Accepted with budget,Bachelor
26002842,Казахстан /,Психология / Psychology (in Russian),1,Accepted with budget,Bachelor
26002843,Азербайджан /,Графический дизайн / Graphic Design (in Russian),1,Accepted with budget,Bachelor
26002844,Казахстан /,Физика / Physics (in Russian); Математика и компьютерные науки / Mathematics and Computer Science (in Russian),2,Accepted with budget,Bachelor
26002845,Йемен /,Медицина / Medicine (in Russian),1,Accepted with budget,Specialist
26002846,Российская Федерация /,Медицина / Medicine (in Russian),1,Accepted with budget,PhD
26002847,Казахстан /,Математика и компьютерные науки / Mathematics and Computer Science (in Russian),1,Accepted with budget,Bachelor
26002848,Бангладеш /,Биология / Biology (in Russian),1,Accepted with budget,Bachelor
26002848,Бангладеш /,Медицина (на английском языке) / Medicine (in English),1,Accepted with budget,Specialist
26002849,Эфиопия /,Международные отношения / International Relations (in Russian); Науки о Земле и окружающей среде / Earth and Environmental Sciences (in Russian); Транспортные системы / Transport systems (in Russian),3,Accepted with budget,PhD
26002850,Египет /,Математика и компьютерные науки / Mathematics and Computer Science (in Russian),1,Accepted with budget,Bachelor
26002851,Мавритания /,Математика и компьютерные науки / Mathematics and Computer Science (in Russian); Нефтегазовое дело / Petroleum Engineering (in Russian),2,Accepted with budget,Bachelor
26002851,Мавритания /,Медицина (на английском языке) / Medicine (in English),1,Accepted with budget,Specialist
26002852,Эквадор /,Менеджмент (на английском языке) / Management (in English),1,Accepted with budget,Bachelor
26002853,Йемен /,Экономика / Economics (in Russian); Политология / Political Science (in Russian); Международные отношения / International Relations (in Russian),3,Accepted with budget,Bachelor
26002855,Эфиопия /,Математика и механика (на английском языке) / Mathematics and Mechanics (in English),1,Accepted with budget,PhD
26002856,Казахстан /,Математика и компьютерные науки / Mathematics and Computer Science (in Russian); Графический дизайн / Graphic Design (in Russian); Математика и механика / Mathematics and Mechanics (in Russian),3,Accepted with budget,Bachelor
26002857,Казахстан /,Химия / Chemistry (in Russian),1,Accepted with budget,Bachelor
26002858,Узбекистан /,Физика / Physics (in Russian),1,Accepted with budget,Master
26002859,Российская Федерация /,Экономика / Economics (in Russian); Юриспруденция / Law (in Russian),2,Accepted with budget,Bachelor
26002860,Эфиопия /,Науки о Земле и окружающей среде / Earth and Environmental Sciences (in Russian),1,Accepted with budget,PhD
26002861,Пакистан /,Менеджмент (на английском языке) / Management (in English); Нефтегазовое дело / Petroleum Engineering (in Russian),2,Accepted with budget,Bachelor
26002862,Йемен /,Химические науки / Chemical Sciences (in Russian); Менеджмент / Management (in Russian); Науки о Земле и окружающей среде / Earth and Environmental Sciences (in Russian),3,Accepted with budget,PhD
26002863,Египет /,Медицина (на английском языке) / Medicine (in English); Медицина / Medicine (in Russian); Стоматология (на английском языке) / Dental Medicine (in English),3,Accepted with budget,Specialist
26002864,КИТАЙ /,Компьютерные науки и информационные технологии / Computer Science and Information Technology (in Russian),1,Accepted with budget,PhD
26002865,Российская Федерация /,Менеджмент и государственное и муниципальное управление / Management and Public Administration (in Russian); Математика и компьютерные науки / Mathematics and Computer Science (in Russian),2,Accepted with budget,Bachelor
26002866,Сенегал /,Математика и компьютерные науки / Mathematics and Computer Science (in Russian); Математика и механика / Mathematics and Mechanics (in Russian); Прикладная математика и процессы управления / Applied Mathematics and Control Processes (in Russian),3,Accepted with budget,Bachelor
26002867,Иордания /,Математика и механика (на английском языке) / Mathematics and Mechanics (in English),1,Accepted with budget,PhD
26002868,Йемен /,Медицина / Medicine (in Russian); Стоматология / Dental Medicine (in Russian),2,Accepted with budget,Specialist
26002869,Пакистан /,Нефтегазовое дело / Petroleum Engineering (in Russian); Математика и компьютерные науки / Mathematics and Computer Science (in Russian); Математика и механика / Mathematics and Mechanics (in Russian),3,Accepted with budget,Bachelor
26002870,Мали /,Компьютерные науки и информационные технологии / Computer Science and Information Technology (in Russian); Менеджмент (на английском языке) / Management (in English),2,Accepted with budget,PhD
26002871,"МОЛДОВА, РЕСПУБЛИКА /",Химия / Chemistry (in Russian),1,Accepted with budget,Bachelor
26002872,Таджикистан /,Медицина / Medicine (in Russian),1,Accepted with budget,Specialist
26002873,"ПАЛЕСТИНА, ГОСУДАРСТВО /",Медицина (на английском языке) / Medicine (in English); Медицина / Medicine (in Russian),2,Accepted with budget,Specialist
26002873,"ПАЛЕСТИНА, ГОСУДАРСТВО /",Физика / Physics (in Russian),1,Accepted with budget,Bachelor
26002874,Нигерия /,Международные отношения / International Relations (in Russian); Политология / Political Science (in Russian),2,Accepted with budget,PhD
26002875,Камерун /,Стоматология / Dental Medicine (in Russian); Медицина / Medicine (in Russian),2,Accepted with budget,Specialist
26002876,Казахстан /,Психология / Psychology (in Russian),1,Accepted with budget,Bachelor
26002877,Казахстан /,Юриспруденция / Law (in Russian),1,Accepted with budget,Bachelor
26002878,Мавритания /,Медицина (на английском языке) / Medicine (in English); Стоматология (на английском языке) / Dental Medicine (in English),2,Accepted with budget,Specialist
26002879,Нигерия /,Менеджмент (на английском языке) / Management (in English); Международные отношения / International Relations (in Russian); Английский язык / English,3,Accepted with budget,Bachelor
26002880,Казахстан /,Юриспруденция / Law (in Russian),1,Accepted with budget,Bachelor
26002881,Камерун /,Медицина (на английском языке) / Medicine (in English); Стоматология (на английском языке) / Dental Medicine (in English),2,Accepted with budget,Specialist
26002882,Германия /,Международные отношения / International Relations (in Russian); Менеджмент и государственное и муниципальное управление / Management and Public Administration (in Russian); Психология / Psychology (in Russian),3,Accepted with budget,Bachelor
26002883,Перу /,Математика и компьютерные науки / Mathematics and Computer Science (in Russian),1,Accepted with budget,Bachelor
26002884,Алжир /,Медицина (на английском языке) / Medicine (in English); Стоматология (на английском языке) / Dental Medicine (in English),2,Accepted with budget,Specialist
26002885,Казахстан /,Математика и механика / Mathematics and Mechanics (in Russian); Физика / Physics (in Russian); Математика и компьютерные науки / Mathematics and Computer Science (in Russian),3,Accepted with budget,Bachelor
26002886,Казахстан /,Стоматология / Dental Medicine (in Russian); Медицина / Medicine (in Russian),2,Accepted with budget,Specialist
26002887,Бангладеш /,Менеджмент (на английском языке) / Management (in English),1,Accepted with budget,Bachelor
26002888,КИРГИЗИЯ /,Экономика / Economics (in Russian); Менеджмент и государственное и муниципальное управление / Management and Public Administration (in Russian); Математика и компьютерные науки / Mathematics and Computer Science (in Russian),3,Accepted with budget,Bachelor
26002889,Бангладеш /,Компьютерные науки и информационные технологии / Computer Science and Information Technology (in Russian),1,Accepted with budget,PhD
26002890,Алжир /,Стоматология (на английском языке) / Dental Medicine (in English); Стоматология / Dental Medicine (in Russian); Медицина (на английском языке) / Medicine (in English),3,Accepted with budget,Specialist
26002891,Казахстан /,Языкознание и литературоведение / Linguistics and Literary Studies (in Russian),1,Accepted with budget,Bachelor
26002892,ТУРКМЕНИСТАН /,Математика и компьютерные науки / Mathematics and Computer Science (in Russian); Менеджмент (на английском языке) / Management (in English); Графический дизайн / Graphic Design (in Russian),3,Accepted with budget,Bachelor
26002893,Бангладеш /,Менеджмент (на английском языке) / Management (in English),1,Accepted with budget,Bachelor
26002893,Бангладеш /,Медицина (на английском языке) / Medicine (in English); Стоматология (на английском языке) / Dental Medicine (in English),2,Accepted with budget,Specialist
26002894,Беларусь /,Прикладная математика и процессы управления / Applied Mathematics and Control Processes (in Russian),1,Accepted with budget,Bachelor
26002895,Казахстан /,Химия / Chemistry (in Russian); Социология / Sociology (in Russian),2,Accepted with budget,Bachelor
26002895,Казахстан /,Медицина / Medicine (in Russian),1,Accepted with budget,Specialist
26002896,Алжир /,Исторические науки / Historical Sciences (in Russian),1,Accepted with budget,PhD
26002897,Казахстан /,Юриспруденция / Law (in Russian),1,Accepted with budget,Bachelor
26002898,Беларусь /,Биология / Biology (in Russian),1,Accepted with budget,Bachelor
26002899,Нигерия /,Языкознание и литературоведение / Linguistics and Literary Studies (in Russian),1,Accepted with budget,PhD
26002900,Казахстан /,Математика и компьютерные науки / Mathematics and Computer Science (in Russian); Графический дизайн / Graphic Design (in Russian); Менеджмент и государственное и муниципальное управление / Management and Public Administration (in Russian),3,Accepted with budget,Bachelor
26002901,Нигерия /,Биологические науки / Biological sciences (in Russian); Менеджмент (на английском языке) / Management (in English),2,Accepted with budget,PhD
26002902,Казахстан /,Графический дизайн / Graphic Design (in Russian); Экономика / Economics (in Russian); Биология / Biology (in Russian),3,Accepted with budget,Bachelor
26002903,Латвия /,Математика и механика / Mathematics and Mechanics (in Russian); Математика и компьютерные науки / Mathematics and Computer Science (in Russian),2,Accepted with budget,Bachelor
26002904,Алжир /,Компьютерные науки и информационные технологии / Computer Science and Information Technology (in Russian),1,Accepted with budget,PhD
26002906,Узбекистан /,Экономика / Economics (in Russian); Менеджмент и государственное и муниципальное управление / Management and Public Administration (in Russian),2,Accepted with budget,Bachelor
26002907,Алжир /,Менеджмент (на английском языке) / Management (in English); Химия / Chemistry (in Russian),2,Accepted with budget,Bachelor
26002908,Беларусь /,Менеджмент (на английском языке) / Management (in English); Менеджмент и государственное и муниципальное управление / Management and Public Administration (in Russian); Экономика / Economics (in Russian),3,Accepted with budget,Bachelor
26002909,Руанда /,Экономика / Economics (in Russian); Менеджмент (на английском языке) / Management (in English); Психология / Psychology (in Russian),3,Accepted with budget,Bachelor
26002910,СИРИЙСКАЯ АРАБСКАЯ РЕСПУБЛИКА /,Английский язык / English,1,Accepted with budget,Bachelor
26002910,СИРИЙСКАЯ АРАБСКАЯ РЕСПУБЛИКА /,Медицина (на английском языке) / Medicine (in English); Медицина / Medicine (in Russian),2,Accepted with budget,Specialist
26002911,Судан /,Науки о Земле / Earth Sciences (in Russian); Нефтегазовое дело / Petroleum Engineering (in Russian); Химия / Chemistry (in Russian),3,Accepted with budget,Bachelor
26002912,Казахстан /,Экономика / Economics (in Russian); Менеджмент и государственное и муниципальное управление / Management and Public Administration (in Russian),2,Accepted with budget,Bachelor
26002913,Мали /,Педагогика / Pedagogy (in Russian),1,Accepted with budget,PhD
26002914,ТУРКМЕНИСТАН /,Медицина / Medicine (in Russian); Стоматология / Dental Medicine (in Russian),2,Accepted with budget,Specialist
26002914,ТУРКМЕНИСТАН /,Психология / Psychology (in Russian),1,Accepted with budget,Bachelor
26002915,КИТАЙ /,Академическое пение / Academic Singing (in Russian),1,Accepted with budget,Bachelor
26002916,ТУРКМЕНИСТАН /,Востоковедение и африканистика / Asian and African Studies (in Russian),1,Accepted with budget,Bachelor
26002917,Таджикистан /,Педагогика / Pedagogy (in Russian); Психология / Psychology (in Russian); История / History (in Russian),3,Accepted with budget,Master
26002918,Узбекистан /,Современная математика (на английском языке) / Modern Mathematics (in English); Прикладная математика и процессы управления / Applied Mathematics and Control Processes (in Russian); Математика и механика / Mathematics and Mechanics (in Russian),3,Accepted with budget,Master
26002919,Казахстан /,Медицина / Medicine (in Russian),1,Accepted with budget,Specialist
26002920,Казахстан /,Актерское искусство / Acting Art (in Russian),1,Accepted with budget,Specialist
26002921,Алжир /,Стоматология (на английском языке) / Dental Medicine (in English); Стоматология / Dental Medicine (in Russian); Медицина (на английском языке) / Medicine (in English),3,Accepted with budget,Specialist
26002922,Казахстан /,Актерское искусство / Acting Art (in Russian),1,Accepted with budget,Specialist
26002923,Йемен /,Стоматология / Dental Medicine (in Russian),1,Accepted with budget,PhD
26002924,Египет /,Математика и компьютерные науки / Mathematics and Computer Science (in Russian),1,Accepted with budget,Bachelor
26002925,Иордания /,Транспортные системы / Transport systems (in Russian); Компьютерные науки и информационные технологии / Computer Science and Information Technology (in Russian); Менеджмент (на английском языке) / Management (in English),3,Accepted with budget,PhD
26002926,Пакистан /,Математика и механика (на английском языке) / Mathematics and Mechanics (in English),1,Accepted with budget,PhD
26002927,Йемен /,Менеджмент (на английском языке) / Management (in English); Международные отношения / International Relations (in Russian); Психология / Psychology (in Russian),3,Accepted with budget,Bachelor
26002928,Узбекистан /,Юриспруденция / Law (in Russian); Психология / Psychology (in Russian),2,Accepted with budget,Bachelor
26002928,Узбекистан /,Стоматология / Dental Medicine (in Russian),1,Accepted with budget,Specialist
26002929,Пакистан /,Математика и компьютерные науки / Mathematics and Computer Science (in Russian),1,Accepted with budget,Bachelor
26002930,Египет /,Психология / Psychology (in Russian); Графический дизайн / Graphic Design (in Russian); Декоративно-прикладное искусство / Applied Art (in Russian),3,Accepted with budget,Bachelor
26002931,Алжир /,Экономика / Economics (in Russian),1,Accepted with budget,PhD
26002932,Йемен /,Математика и компьютерные науки / Mathematics and Computer Science (in Russian); Нефтегазовое дело / Petroleum Engineering (in Russian); Прикладная математика и процессы управления / Applied Mathematics and Control Processes (in Russian),3,Accepted with budget,Bachelor
26002933,Алжир /,Графический дизайн / Graphic Design (in Russian),1,Accepted with budget,Bachelor
26002933,Алжир /,Живопись / Painting (in Russian); Актерское искусство / Acting Art (in Russian),2,Accepted with budget,Specialist
26002934,Камерун /,Медицина / Medicine (in Russian); Стоматология / Dental Medicine (in Russian),2,Accepted with budget,Specialist
26002935,Египет /,Медицина (на английском языке) / Medicine (in English); Стоматология (на английском языке) / Dental Medicine (in English),2,Accepted with budget,Specialist
26002935,Египет /,Математика и компьютерные науки / Mathematics and Computer Science (in Russian),1,Accepted with budget,Bachelor
26002936,Пакистан /,Менеджмент (на английском языке) / Management (in English),1,Accepted with budget,PhD
26002937,КИТАЙ /,Языкознание и литературоведение / Linguistics and Literary Studies (in Russian),1,Accepted with budget,Bachelor
26002938,Пакистан /,Математика и компьютерные науки / Mathematics and Computer Science (in Russian); Прикладная математика и процессы управления / Applied Mathematics and Control Processes (in Russian),2,Accepted with budget,Bachelor
26002939,Узбекистан /,Математика и компьютерные науки / Mathematics and Computer Science (in Russian),1,Accepted with budget,Bachelor
26002940,Нигерия /,Медицина (на английском языке) / Medicine (in English),1,Accepted with budget,Specialist
26002942,Российская Федерация /,Медицина / Medicine (in Russian),1,Accepted with budget,Specialist
26002943,Нигерия /,Психология / Psychology (in Russian),1,Accepted with budget,PhD
26002944,Узбекистан /,Математика и компьютерные науки / Mathematics and Computer Science (in Russian),1,Accepted with budget,Bachelor
26002945,Буркина-Фасо /,Математика и компьютерные науки / Mathematics and Computer Science (in Russian),1,Accepted with budget,Bachelor
26002946,"ИРАН, ИСЛАМСКАЯ РЕСПУБЛИКА /",Медицина (на английском языке) / Medicine (in English); Стоматология (на английском языке) / Dental Medicine (in English),2,Accepted with budget,Specialist
26002947,КИТАЙ /,Языкознание и литературоведение / Linguistics and Literary Studies (in Russian),1,Accepted with budget,Bachelor
26002948,Ливан /,Медицина / Medicine (in Russian),1,Accepted with budget,PhD
26002949,Бангладеш /,Менеджмент (на английском языке) / Management (in English); Английский язык / English,2,Accepted with budget,Bachelor
26002950,Казахстан /,Медицина / Medicine (in Russian),1,Accepted with budget,Specialist
26002951,Пакистан /,Биология / Biology (in Russian),1,Accepted with budget,Bachelor
26002951,Пакистан /,Медицина (на английском языке) / Medicine (in English); Стоматология (на английском языке) / Dental Medicine (in English),2,Accepted with budget,Specialist
26002952,Афганистан /,Компьютерные науки и информационные технологии / Computer Science and Information Technology (in Russian),1,Accepted with budget,PhD
26002953,Гамбия /,Политология / Political Science (in Russian),1,Accepted with budget,Bachelor
26002954,Чили /,Современная математика (на английском языке) / Modern Mathematics (in English); Математика и механика (на английском языке) / Mathematics and Mechanics (in English); Физика (на английском языке) / Physics (in English),3,Accepted with budget,Master
26002955,Пакистан /,Менеджмент (на английском языке) / Management (in English); Психология / Psychology (in Russian); Математика и компьютерные науки / Mathematics and Computer Science (in Russian),3,Accepted with budget,Bachelor
26002956,Узбекистан /,Стоматология / Dental Medicine (in Russian),1,Accepted with budget,Specialist
26002957,Перу /,Графический дизайн / Graphic Design (in Russian); Академическое пение / Academic Singing (in Russian),2,Accepted with budget,Bachelor
26002957,Перу /,Актерское искусство / Acting Art (in Russian),1,Accepted with budget,Specialist
26002958,Пакистан /,Медицина (на английском языке) / Medicine (in English); Стоматология / Dental Medicine (in Russian),2,Accepted with budget,Specialist
26002959,"ТАНЗАНИЯ, ОБЪЕДИНЕННАЯ РЕСПУБЛИКА /",Математика и компьютерные науки / Mathematics and Computer Science (in Russian),1,Accepted with budget,Bachelor
26002960,Казахстан /,Английский язык / English,1,Accepted with budget,Bachelor
26002961,КИТАЙ /,Языкознание и литературоведение / Linguistics and Literary Studies (in Russian),1,Accepted with budget,Bachelor
26002962,КИТАЙ /,Языкознание и литературоведение / Linguistics and Literary Studies (in Russian),1,Accepted with budget,Bachelor
26002963,Пакистан /,Медицина / Medicine (in Russian),1,Accepted with budget,Specialist
26002963,Пакистан /,Менеджмент (на английском языке) / Management (in English),1,Accepted with budget,Bachelor
26002964,Украина /,Математика и компьютерные науки / Mathematics and Computer Science (in Russian); Математика и механика / Mathematics and Mechanics (in Russian); Прикладная математика и процессы управления / Applied Mathematics and Control Processes (in Russian),3,Accepted with budget,Bachelor
26002965,Казахстан /,Медицина / Medicine (in Russian),1,Accepted with budget,Specialist
26002965,Казахстан /,Биология / Biology (in Russian); Химия / Chemistry (in Russian),2,Accepted with budget,Bachelor
26002966,Индия /,Физические науки / Physical Sciences (in Russian),1,Accepted with budget,PhD
26002967,Бангладеш /,Менеджмент (на английском языке) / Management (in English),1,Accepted with budget,Bachelor
26002968,КИТАЙ /,Языкознание и литературоведение / Linguistics and Literary Studies (in Russian),1,Accepted with budget,Bachelor
26002969,КИТАЙ /,Экономика / Economics (in Russian),1,Accepted with budget,Bachelor
26002970,Бангладеш /,Менеджмент (на английском языке) / Management (in English); Экономика / Economics (in Russian),2,Accepted with budget,Bachelor
26002971,СИРИЙСКАЯ АРАБСКАЯ РЕСПУБЛИКА /,Медицина / Medicine (in Russian); Медицина (на английском языке) / Medicine (in English),2,Accepted with budget,Specialist
26002972,КИТАЙ /,Экономика / Economics (in Russian),1,Accepted with budget,Bachelor
26002973,Турция /,Исторические науки / Historical Sciences (in Russian),1,Accepted with budget,PhD
26002974,КИТАЙ /,Математика и механика / Mathematics and Mechanics (in Russian),1,Accepted with budget,Bachelor
26002975,Нигерия /,Медицина / Medicine (in Russian),1,Accepted with budget,PhD
26002976,Зимбабве /,Медицина (на английском языке) / Medicine (in English); Стоматология (на английском языке) / Dental Medicine (in English),2,Accepted with budget,Specialist
26002977,КИТАЙ /,Математика и механика / Mathematics and Mechanics (in Russian),1,Accepted with budget,Bachelor
26002978,Камерун /,Менеджмент / Management (in Russian),1,Accepted with budget,PhD
26002979,Нигерия /,Математика и механика (на английском языке) / Mathematics and Mechanics (in English),1,Accepted with budget,PhD
26002980,Афганистан /,Медицина (на английском языке) / Medicine (in English); Медицина / Medicine (in Russian); Стоматология (на английском языке) / Dental Medicine (in English),3,Accepted with budget,Specialist
26002981,ТУРКМЕНИСТАН /,Медицина / Medicine (in Russian),1,Accepted with budget,Specialist
26002982,Латвия /,Журналистика и массовые коммуникации / Journalism and Mass Communication (in Russian),1,Accepted with budget,Bachelor
26002983,ТУРКМЕНИСТАН /,Языкознание и литературоведение / Linguistics and Literary Studies (in Russian); Английский язык / English,2,Accepted with budget,Bachelor
26002984,ТУРКМЕНИСТАН /,Дизайн среды / Environmental Design (in Russian),1,Accepted with budget,Bachelor
26002985,КИТАЙ /,Математика и механика / Mathematics and Mechanics (in Russian),1,Accepted with budget,Bachelor
26002986,Казахстан /,Стоматология / Dental Medicine (in Russian),1,Accepted with budget,Specialist
26002987,Алжир /,Математика и компьютерные науки / Mathematics and Computer Science (in Russian),1,Accepted with budget,Bachelor
26002988,Российская Федерация /,Экономика / Economics (in Russian),1,Accepted with budget,Bachelor
26002989,Индия /,Математика и компьютерные науки / Mathematics and Computer Science (in Russian); Прикладная математика и процессы управления / Applied Mathematics and Control Processes (in Russian); Нефтегазовое дело / Petroleum Engineering (in Russian),3,Accepted with budget,Bachelor
26002990,Бангладеш /,Менеджмент (на английском языке) / Management (in English); Социология / Sociology (in Russian),2,Accepted with budget,Bachelor
26002991,ЛИВИЙСКАЯ АРАБСКАЯ ДЖАМАХИРИЯ /,Журналистика и массовые коммуникации / Journalism and Mass Communication (in Russian); Международные отношения / International Relations (in Russian),2,Accepted with budget,Bachelor
26002992,Казахстан /,Нефтегазовое дело / Petroleum Engineering (in Russian),1,Accepted with budget,Bachelor
26002993,Афганистан /,Политология / Political Science (in Russian); Экономика / Economics (in Russian); Математика и компьютерные науки / Mathematics and Computer Science (in Russian),3,Accepted with budget,Bachelor
26002994,ТУРКМЕНИСТАН /,Медицина / Medicine (in Russian); Стоматология / Dental Medicine (in Russian),2,Accepted with budget,Specialist
26002995,Афганистан /,Менеджмент (на английском языке) / Management (in English); Английский язык / English; Политология / Political Science (in Russian),3,Accepted with budget,Bachelor
26002996,ТУРКМЕНИСТАН /,Медицина / Medicine (in Russian),1,Accepted with budget,Specialist
26002997,Афганистан /,Математика и компьютерные науки / Mathematics and Computer Science (in Russian); Прикладная математика и процессы управления / Applied Mathematics and Control Processes (in Russian); Математика и механика / Mathematics and Mechanics (in Russian),3,Accepted with budget,Bachelor
26002998,Казахстан /,Юриспруденция / Law (in Russian),1,Accepted with budget,Bachelor
26002999,"МОЛДОВА, РЕСПУБЛИКА /",Юриспруденция / Law (in Russian); Журналистика и массовые коммуникации / Journalism and Mass Communication (in Russian); Экономика / Economics (in Russian),3,Accepted with budget,Bachelor
26003000,Йемен /,Медицина (на английском языке) / Medicine (in English); Стоматология (на английском языке) / Dental Medicine (in English); Медицина / Medicine (in Russian),3,Accepted with budget,Specialist
26003001,КИРГИЗИЯ /,Психология / Psychology (in Russian),1,Accepted with budget,Bachelor
26003002,КИТАЙ /,Журналистика и массовые коммуникации / Journalism and Mass Communication (in Russian),1,Accepted with budget,Bachelor
26003003,Беларусь /,Экономика / Economics (in Russian); Математика и компьютерные науки / Mathematics and Computer Science (in Russian),2,Accepted with budget,Bachelor
26003004,ТУРКМЕНИСТАН /,Международные отношения / International Relations (in Russian); Менеджмент и государственное и муниципальное управление / Management and Public Administration (in Russian); Юриспруденция / Law (in Russian),3,Accepted with budget,Bachelor
26003005,Алжир /,Стоматология (на английском языке) / Dental Medicine (in English); Медицина (на английском языке) / Medicine (in English),2,Accepted with budget,Specialist
26003006,Эфиопия /,Менеджмент (на английском языке) / Management (in English),1,Accepted with budget,Bachelor
26003006,Эфиопия /,Медицина (на английском языке) / Medicine (in English),1,Accepted with budget,Specialist
26003007,"ПАЛЕСТИНА, ГОСУДАРСТВО /",Медицина (на английском языке) / Medicine (in English); Медицина / Medicine (in Russian),2,Accepted with budget,Specialist
26003008,Турция /,Медицина / Medicine (in Russian),1,Accepted with budget,Specialist
26003009,Беларусь /,Экономика / Economics (in Russian),1,Accepted with budget,Bachelor
26003010,Казахстан /,Прикладная математика и процессы управления / Applied Mathematics and Control Processes (in Russian); Математика и компьютерные науки / Mathematics and Computer Science (in Russian); Математика и механика / Mathematics and Mechanics (in Russian),3,Accepted with budget,Bachelor
26003011,СИРИЙСКАЯ АРАБСКАЯ РЕСПУБЛИКА /,Медицина / Medicine (in Russian),1,Accepted with budget,Specialist
26003012,Таджикистан /,Менеджмент (на английском языке) / Management (in English),1,Accepted with budget,Bachelor
26003013,СИРИЙСКАЯ АРАБСКАЯ РЕСПУБЛИКА /,Медицина / Medicine (in Russian),1,Accepted with budget,Specialist
26003014,Бангладеш /,Менеджмент (на английском языке) / Management (in English); Английский язык / English; Международные отношения / International Relations (in Russian),3,Accepted with budget,Bachelor
26003015,Казахстан /,Науки о Земле / Earth Sciences (in Russian),1,Accepted with budget,Bachelor
26003016,Узбекистан /,Юриспруденция / Law (in Russian); Международные отношения / International Relations (in Russian); Социология / Sociology (in Russian),3,Accepted with budget,Bachelor
26003017,Уганда /,Психология / Psychology (in Russian); Биология / Biology (in Russian),2,Accepted with budget,Bachelor
26003017,Уганда /,Медицина (на английском языке) / Medicine (in English),1,Accepted with budget,Specialist
26003018,Йемен /,Экономика / Economics (in Russian),1,Accepted with budget,Bachelor
26003019,Турция /,Международные отношения / International Relations (in Russian); Менеджмент и государственное и муниципальное управление / Management and Public Administration (in Russian); Экономика / Economics (in Russian),3,Accepted with budget,Bachelor
26003020,Узбекистан /,Педагогика / Pedagogy (in Russian); Языкознание и литературоведение / Linguistics and Literary Studies (in Russian),2,Accepted with budget,PhD
26003021,КИТАЙ /,Языкознание и литературоведение / Linguistics and Literary Studies (in Russian),1,Accepted with budget,Bachelor
26003022,"ПАЛЕСТИНА, ГОСУДАРСТВО /",Графический дизайн / Graphic Design (in Russian); Теология / Theology (in Russian); Менеджмент и государственное и муниципальное управление / Management and Public Administration (in Russian),3,Accepted with budget,Bachelor
26003023,Казахстан /,Химия / Chemistry (in Russian),1,Accepted with budget,Bachelor
26003024,Египет /,Математика и механика / Mathematics and Mechanics (in Russian); Математика и компьютерные науки / Mathematics and Computer Science (in Russian); Прикладная математика и процессы управления / Applied Mathematics and Control Processes (in Russian),3,Accepted with budget,Bachelor
26003025,Казахстан /,Графический дизайн / Graphic Design (in Russian),1,Accepted with budget,Bachelor
26003026,Йемен /,Медицина / Medicine (in Russian); Стоматология / Dental Medicine (in Russian); Медицина (на английском языке) / Medicine (in English),3,Accepted with budget,Specialist
26003027,Йемен /,Графический дизайн / Graphic Design (in Russian); Менеджмент (на английском языке) / Management (in English); Экономика / Economics (in Russian),3,Accepted with budget,Bachelor
26003028,Турция /,Международные отношения / International Relations (in Russian); Экономика / Economics (in Russian); Менеджмент (на английском языке) / Management (in English),3,Accepted with budget,Bachelor
26003029,СИРИЙСКАЯ АРАБСКАЯ РЕСПУБЛИКА /,Медицина / Medicine (in Russian); Стоматология / Dental Medicine (in Russian),2,Accepted with budget,Specialist
26003030,Казахстан /,Физическая культура / Physical Education (in Russian); Менеджмент и государственное и муниципальное управление / Management and Public Administration (in Russian),2,Accepted with budget,Bachelor
26003031,Узбекистан /,Менеджмент и государственное и муниципальное управление / Management and Public Administration (in Russian),1,Accepted with budget,Bachelor
26003032,ТУРКМЕНИСТАН /,Менеджмент и государственное и муниципальное управление / Management and Public Administration (in Russian); Экономика / Economics (in Russian),2,Accepted with budget,Bachelor
26003033,СИРИЙСКАЯ АРАБСКАЯ РЕСПУБЛИКА /,Медицина / Medicine (in Russian),1,Accepted with budget,Specialist
26003034,Казахстан /,Журналистика и массовые коммуникации / Journalism and Mass Communication (in Russian),1,Accepted with budget,Bachelor
26003035,Беларусь /,Юриспруденция / Law (in Russian); Политология / Political Science (in Russian); Английский язык / English,3,Accepted with budget,Bachelor
26003036,Йемен /,Математика и компьютерные науки / Mathematics and Computer Science (in Russian); Экономика / Economics (in Russian),2,Accepted with budget,Bachelor
26003037,"ИРАН, ИСЛАМСКАЯ РЕСПУБЛИКА /",Стоматология / Dental Medicine (in Russian); Стоматология (на английском языке) / Dental Medicine (in English); Медицина / Medicine (in Russian),3,Accepted with budget,Specialist
26003038,Саудовская Аравия /,Графический дизайн / Graphic Design (in Russian); Менеджмент (на английском языке) / Management (in English); Психология / Psychology (in Russian),3,Accepted with budget,Bachelor
26003039,Судан /,Социология / Sociology (in Russian),1,Accepted with budget,Bachelor
26003040,Казахстан /,Науки о Земле / Earth Sciences (in Russian); Прикладная математика и процессы управления / Applied Mathematics and Control Processes (in Russian),2,Accepted with budget,Bachelor
26003041,Эквадор /,Медицина / Medicine (in Russian); Стоматология / Dental Medicine (in Russian),2,Accepted with budget,Specialist
26003042,Казахстан /,Международные отношения / International Relations (in Russian); Науки о Земле / Earth Sciences (in Russian); Менеджмент (на английском языке) / Management (in English),3,Accepted with budget,Bachelor
26003043,Беларусь /,Психология / Psychology (in Russian); Журналистика и массовые коммуникации / Journalism and Mass Communication (in Russian),2,Accepted with budget,Bachelor
26003044,Казахстан /,Нефтегазовое дело / Petroleum Engineering (in Russian),1,Accepted with budget,Bachelor
26003045,Вьетнам /,Экономика (на английском языке) / Economics (in English); Языкознание и литературоведение (на английском языке) / Foreign Languages (in English); Международные отношения (на английском языке) / International Relations (in English),3,Accepted with budget,Master
26003046,Казахстан /,Менеджмент (на английском языке) / Management (in English); Менеджмент и государственное и муниципальное управление / Management and Public Administration (in Russian); Науки о Земле / Earth Sciences (in Russian),3,Accepted with budget,Bachelor
26003047,Йемен /,Медицина (на английском языке) / Medicine (in English),1,Accepted with budget,Specialist
26003048,Бангладеш /,Менеджмент (на английском языке) / Management (in English); Экономика / Economics (in Russian); Математика и компьютерные науки / Mathematics and Computer Science (in Russian),3,Accepted with budget,Bachelor
26003049,ТУРКМЕНИСТАН /,Менеджмент и государственное и муниципальное управление / Management and Public Administration (in Russian),1,Accepted with budget,Bachelor
26003050,Тунис /,Менеджмент (на английском языке) / Management (in English); Менеджмент и государственное и муниципальное управление / Management and Public Administration (in Russian); Политология / Political Science (in Russian),3,Accepted with budget,Bachelor
26003051,Египет /,Языкознание и литературоведение / Linguistics and Literary Studies (in Russian); Иностранные языки / Foreign Languages (in Russian); Искусства и гуманитарные науки / Arts and Humanities (in Russian),3,Accepted with budget,Master
26003052,Казахстан /,Прикладная математика и процессы управления / Applied Mathematics and Control Processes (in Russian); Математика и компьютерные науки / Mathematics and Computer Science (in Russian),2,Accepted with budget,Bachelor
26003054,Нигерия /,Медицина (на английском языке) / Medicine (in English); Медицина / Medicine (in Russian); Стоматология (на английском языке) / Dental Medicine (in English),3,Accepted with budget,Specialist
26003055,Таджикистан /,Графический дизайн / Graphic Design (in Russian); Языкознание и литературоведение (на немецком языке) / Linguistics and Literary Studies (in German); Искусства и гуманитарные науки / Arts and Humanities (in Russian),3,Accepted with budget,Master
26003057,ТУРКМЕНИСТАН /,Менеджмент (на английском языке) / Management (in English); Менеджмент и государственное и муниципальное управление / Management and Public Administration (in Russian); Экономика / Economics (in Russian),3,Accepted with budget,Master
26003058,Нигерия /,Инструментальное исполнительство на скрипке / Instrumental Violin Performance (in Russian); Политология / Political Science (in Russian); Языкознание и литературоведение / Linguistics and Literary Studies (in Russian),3,Accepted with budget,Bachelor
26003059,КИТАЙ /,Языкознание и литературоведение / Linguistics and Literary Studies (in Russian); Журналистика и массовые коммуникации / Journalism and Mass Communication (in Russian); Международные отношения / International Relations (in Russian),3,Accepted with budget,Master
26003060,Казахстан /,Медицина / Medicine (in Russian); Стоматология / Dental Medicine (in Russian); Медицина (на английском языке) / Medicine (in English),3,Accepted with budget,Specialist
26003061,КИРГИЗИЯ /,Прикладная математика и процессы управления / Applied Mathematics and Control Processes (in Russian); Менеджмент и государственное и муниципальное управление / Management and Public Administration (in Russian); Экономика / Economics (in Russian),3,Accepted with budget,Bachelor
26003063,Беларусь /,Журналистика и массовые коммуникации / Journalism and Mass Communication (in Russian),1,Accepted with budget,Master
26003064,Бразилия /,Медицина (на английском языке) / Medicine (in English),1,Accepted with budget,Specialist
26003065,Казахстан /,Биология / Biology (in Russian),1,Accepted with budget,Master
26003066,Йемен /,Медицина / Medicine (in Russian),1,Accepted with budget,Specialist
26003067,Узбекистан /,Журналистика и массовые коммуникации / Journalism and Mass Communication (in Russian),1,Accepted with budget,Master
26003068,Беларусь /,Менеджмент (на английском языке) / Management (in English); Менеджмент и государственное и муниципальное управление / Management and Public Administration (in Russian),2,Accepted with budget,Master
26003069,СОЕДИНЕННЫЕ ШТАТЫ /,История / History (in Russian); Международные отношения (на английском языке) / International Relations (in English); Экономика (на английском языке) / Economics (in English),3,Accepted with budget,Master
26003070,Таджикистан /,Экономика / Economics (in Russian),1,Accepted with budget,Master
26003071,КИТАЙ /,Педагогика / Pedagogy (in Russian); Языкознание и литературоведение / Linguistics and Literary Studies (in Russian); Международные отношения / International Relations (in Russian),3,Accepted with budget,Master
26003072,Бангладеш /,Менеджмент (на английском языке) / Management (in English); Деловая коммуникация на английском языке / Business Communication in English; Экономика (на английском языке) / Economics (in English),3,Accepted with budget,Master
26003073,Бангладеш /,Менеджмент (на английском языке) / Management (in English); Экономика (на английском языке) / Economics (in English); Деловая коммуникация на английском языке / Business Communication in English,3,Accepted with budget,Master
26003074,Узбекистан /,Журналистика и массовые коммуникации / Journalism and Mass Communication (in Russian); Международные отношения / International Relations (in Russian); Иностранные языки / Foreign Languages (in Russian),3,Accepted with budget,Master
26003075,Вьетнам /,Языкознание и литературоведение / Linguistics and Literary Studies (in Russian),1,Accepted with budget,Master
26003076,ТУРКМЕНИСТАН /,Медицина / Medicine (in Russian),1,Accepted with budget,Specialist
26003077,Казахстан /,Искусства и гуманитарные науки / Arts and Humanities (in Russian),1,Accepted with budget,Bachelor
26003077,Казахстан /,Актерское искусство / Acting Art (in Russian),1,Accepted with budget,Specialist
26003078,Судан /,Медицина (на английском языке) / Medicine (in English); Стоматология (на английском языке) / Dental Medicine (in English),2,Accepted with budget,Specialist
26003079,ЛИВИЙСКАЯ АРАБСКАЯ ДЖАМАХИРИЯ /,Стоматология / Dental Medicine (in Russian),1,Accepted with budget,Specialist
26003080,Судан /,Медицина (на английском языке) / Medicine (in English),1,Accepted with budget,Specialist
26003081,Узбекистан /,Медицина / Medicine (in Russian),1,Accepted with budget,Specialist
26003082,Турция /,Медицина / Medicine (in Russian),1,Accepted with budget,Specialist
26003083,Судан /,Стоматология (на английском языке) / Dental Medicine (in English); Медицина (на английском языке) / Medicine (in English),2,Accepted with budget,Specialist
26003084,Казахстан /,Графика / Graphics (in Russian),1,Accepted with budget,Specialist
26003084,Казахстан /,Графический дизайн / Graphic Design (in Russian),1,Accepted with budget,Bachelor
26003085,ТУРКМЕНИСТАН /,Медицина / Medicine (in Russian); Стоматология / Dental Medicine (in Russian),2,Accepted with budget,Specialist
26003086,Пакистан /,Математика и компьютерные науки / Mathematics and Computer Science (in Russian),1,Accepted with budget,Bachelor
26003087,Нигерия /,Менеджмент (на английском языке) / Management (in English); Английский язык / English,2,Accepted with budget,Bachelor
26003088,Беларусь /,Юриспруденция / Law (in Russian); Международные отношения / International Relations (in Russian); Социология / Sociology (in Russian),3,Accepted with budget,Bachelor
26003089,Казахстан /,Экономика / Economics (in Russian); Прикладная математика и процессы управления / Applied Mathematics and Control Processes (in Russian); Менеджмент и государственное и муниципальное управление / Management and Public Administration (in Russian),3,Accepted with budget,Bachelor
26003090,Нигерия /,Иностранные языки / Foreign Languages (in Russian),1,Accepted with budget,Master
26003091,ТУРКМЕНИСТАН /,Стоматология / Dental Medicine (in Russian),1,Accepted with budget,Specialist
26003091,ТУРКМЕНИСТАН /,Английский язык / English; Биология / Biology (in Russian),2,Accepted with budget,Bachelor
26003092,Казахстан /,Биология / Biology (in Russian); Английский язык / English; Экономика / Economics (in Russian),3,Accepted with budget,Bachelor
26003093,ЧАД /,Нефтегазовое дело / Petroleum Engineering (in Russian),1,Accepted with budget,Bachelor
26003094,Мексика /,Международные отношения (на английском языке) / International Relations (in English); Менеджмент (на английском языке) / Management (in English); Деловая коммуникация на английском языке / Business Communication in English,3,Accepted with budget,Master
26003095,Таджикистан /,Математика и компьютерные науки / Mathematics and Computer Science (in Russian); Прикладная математика и процессы управления / Applied Mathematics and Control Processes (in Russian),2,Accepted with budget,Bachelor
26003097,Нигерия /,Менеджмент (на английском языке) / Management (in English); Политология / Political Science (in Russian),2,Accepted with budget,Bachelor
26003098,Нигерия /,Биология / Biology (in Russian),1,Accepted with budget,Master
26003099,Казахстан /,Экономика / Economics (in Russian); Менеджмент и государственное и муниципальное управление / Management and Public Administration (in Russian); Журналистика и массовые коммуникации / Journalism and Mass Communication (in Russian),3,Accepted with budget,Bachelor
26003100,Казахстан /,Экономика / Economics (in Russian),1,Accepted with budget,Bachelor
26003101,Турция /,Менеджмент (на английском языке) / Management (in English); Менеджмент и государственное и муниципальное управление / Management and Public Administration (in Russian); Экономика / Economics (in Russian),3,Accepted with budget,Bachelor
26003102,Пакистан /,Международные отношения (на английском языке) / International Relations (in English); Деловая коммуникация на английском языке / Business Communication in English,2,Accepted with budget,Master
26003103,ТУРКМЕНИСТАН /,Языкознание и литературоведение / Linguistics and Literary Studies (in Russian),1,Accepted with budget,Bachelor
26003104,Казахстан /,Математика и компьютерные науки / Mathematics and Computer Science (in Russian),1,Accepted with budget,Bachelor
26003105,Узбекистан /,Юриспруденция / Law (in Russian),1,Accepted with budget,Master
26003106,Ирак /,Нефтегазовое дело / Petroleum Engineering (in Russian),1,Accepted with budget,Bachelor
26003106,Ирак /,Стоматология (на английском языке) / Dental Medicine (in English); Медицина (на английском языке) / Medicine (in English),2,Accepted with budget,Specialist
26003108,Афганистан /,Языкознание и литературоведение / Linguistics and Literary Studies (in Russian),1,Accepted with budget,Bachelor
26003109,Нигерия /,Юриспруденция (на английском языке) / Law (in English); Международные отношения (на английском языке) / International Relations (in English),2,Accepted with budget,Master
26003110,Южный Судан /,Математика и компьютерные науки / Mathematics and Computer Science (in Russian),1,Accepted with budget,Bachelor
26003111,Йемен /,Медицина / Medicine (in Russian),1,Accepted with budget,Specialist
26003112,Казахстан /,Юриспруденция / Law (in Russian); Международные отношения / International Relations (in Russian),2,Accepted with budget,Bachelor
26003113,Египет /,Стоматология (на английском языке) / Dental Medicine (in English); Медицина (на английском языке) / Medicine (in English),2,Accepted with budget,Specialist
26003113,Египет /,Менеджмент (на английском языке) / Management (in English),1,Accepted with budget,Bachelor
26003114,Нигерия /,Культурология (на английском языке) / Cultural Studies (in English); Языкознание и литературоведение (на английском языке) / Foreign Languages (in English),2,Accepted with budget,Master
26003115,Йемен /,Графический дизайн / Graphic Design (in Russian),1,Accepted with budget,Bachelor
26003116,Южная Осетия /,Биология / Biology (in Russian); Химия / Chemistry (in Russian),2,Accepted with budget,Bachelor
26003117,Казахстан /,Языкознание и литературоведение / Linguistics and Literary Studies (in Russian); Журналистика и массовые коммуникации / Journalism and Mass Communication (in Russian),2,Accepted with budget,Bachelor
26003118,Узбекистан /,Математика и механика / Mathematics and Mechanics (in Russian),1,Accepted with budget,Bachelor
26003119,Гвинея /,Политология / Political Science (in Russian),1,Accepted with budget,Master
26003121,Афганистан /,Менеджмент (на английском языке) / Management (in English); Английский язык / English; Международные отношения / International Relations (in Russian),3,Accepted with budget,Bachelor
26003122,Эфиопия /,Теология / Theology (in Russian); Экономика (на английском языке) / Economics (in English); Политология / Political Science (in Russian),3,Accepted with budget,Master
26003123,"ИРАН, ИСЛАМСКАЯ РЕСПУБЛИКА /",Стоматология / Dental Medicine (in Russian),1,Accepted with budget,Specialist
26003124,Казахстан /,Нефтегазовое дело / Petroleum Engineering (in Russian); Химия / Chemistry (in Russian),2,Accepted with budget,Bachelor
26003125,Мали /,Менеджмент (на английском языке) / Management (in English); Английский язык / English; Международные отношения / International Relations (in Russian),3,Accepted with budget,Bachelor
26003126,Египет /,Медицина / Medicine (in Russian); Стоматология / Dental Medicine (in Russian),2,Accepted with budget,Specialist
26003127,Пакистан /,Биология / Biology (in Russian); Психология / Psychology (in Russian); Менеджмент и государственное и муниципальное управление / Management and Public Administration (in Russian),3,Accepted with budget,Master
26003128,Беларусь /,Дизайн среды / Environmental Design (in Russian),1,Accepted with budget,Bachelor
26003129,Афганистан /,Педагогика / Pedagogy (in Russian); Языкознание и литературоведение (на английском языке) / Foreign Languages (in English); Языкознание и литературоведение / Linguistics and Literary Studies (in Russian),3,Accepted with budget,Master
26003130,КИРГИЗИЯ /,Медицина / Medicine (in Russian); Стоматология / Dental Medicine (in Russian),2,Accepted with budget,Specialist
26003131,ЧАД /,Нефтегазовая геология / Petroleum Geology (in Russian),1,Accepted with budget,Master
26003132,Судан /,Менеджмент и государственное и муниципальное управление / Management and Public Administration (in Russian); Нефтегазовое дело / Petroleum Engineering (in Russian); Менеджмент (на английском языке) / Management (in English),3,Accepted with budget,Bachelor
26003133,Пакистан /,Биология / Biology (in Russian); Психология / Psychology (in Russian); Менеджмент и государственное и муниципальное управление / Management and Public Administration (in Russian),3,Accepted with budget,Master
26003134,Уганда /,Прикладная математика и процессы управления (на английском языке) / Applied Mathematics and Control Processes (in English),1,Accepted with budget,Master
26003135,Египет /,Медицина (на английском языке) / Medicine (in English),1,Accepted with budget,Specialist
26003136,Индия /,Физика / Physics (in Russian); Английский язык / English,2,Accepted with budget,Bachelor
26003137,Йемен /,Медицина / Medicine (in Russian),1,Accepted with budget,Specialist
26003138,Мали /,Математика и компьютерные науки / Mathematics and Computer Science (in Russian),1,Accepted with budget,Bachelor
26003139,Пакистан /,Математика и компьютерные науки / Mathematics and Computer Science (in Russian); Менеджмент (на английском языке) / Management (in English),2,Accepted with budget,Bachelor
26003140,Гана /,Международные отношения (на английском языке) / International Relations (in English); Культурология (на английском языке) / Cultural Studies (in English),2,Accepted with budget,Master
26003141,Казахстан /,Журналистика и массовые коммуникации / Journalism and Mass Communication (in Russian),1,Accepted with budget,Master
26003142,Эфиопия /,Международные отношения (на английском языке) / International Relations (in English); Менеджмент (на английском языке) / Management (in English); Экономика (на английском языке) / Economics (in English),3,Accepted with budget,Master
26003143,Эфиопия /,Менеджмент (на английском языке) / Management (in English); Психология / Psychology (in Russian),2,Accepted with budget,Bachelor
26003144,Мали /,Английский язык / English; Журналистика и массовые коммуникации / Journalism and Mass Communication (in Russian),2,Accepted with budget,Bachelor
26003145,Египет /,Менеджмент (на английском языке) / Management (in English); Менеджмент и государственное и муниципальное управление / Management and Public Administration (in Russian); Экономика (на английском языке) / Economics (in English),3,Accepted with budget,Master
26003146,Пакистан /,Социология (на английском языке) / Sociology (in English),1,Accepted with budget,Master
26003147,Беларусь /,Экономика / Economics (in Russian),1,Accepted with budget,Bachelor
26003148,Афганистан /,Менеджмент (на английском языке) / Management (in English); Деловая коммуникация на английском языке / Business Communication in English; Экономика (на английском языке) / Economics (in English),3,Accepted with budget,Master
26003150,Казахстан /,Нефтегазовое дело / Petroleum Engineering (in Russian); Экономика / Economics (in Russian),2,Accepted with budget,Bachelor
26003151,Судан /,Медицина (на английском языке) / Medicine (in English); Медицина / Medicine (in Russian); Стоматология (на английском языке) / Dental Medicine (in English),3,Accepted with budget,Specialist
26003155,Афганистан /,Стоматология / Dental Medicine (in Russian),1,Accepted with budget,Specialist
26003156,"КОНГО, ДЕМОКРАТИЧЕСКАЯ РЕСПУБЛИКА /",Математика и механика / Mathematics and Mechanics (in Russian); Математика и компьютерные науки / Mathematics and Computer Science (in Russian); Биология / Biology (in Russian),3,Accepted with budget,Bachelor
26003159,ТУРКМЕНИСТАН /,Стоматология / Dental Medicine (in Russian),1,Accepted with budget,Specialist
26003160,Беларусь /,Менеджмент (на английском языке) / Management (in English); Экономика / Economics (in Russian),2,Accepted with budget,Bachelor
26003163,"ПАЛЕСТИНА, ГОСУДАРСТВО /",Медицина / Medicine (in Russian); Стоматология / Dental Medicine (in Russian),2,Accepted with budget,Specialist
26003166,Нигерия /,Медицина (на английском языке) / Medicine (in English),1,Accepted with budget,Specialist
26003167,Беларусь /,Стоматология / Dental Medicine (in Russian); Медицина / Medicine (in Russian),2,Accepted with budget,Specialist
26003170,Беларусь /,Экономика / Economics (in Russian); Прикладная математика и процессы управления / Applied Mathematics and Control Processes (in Russian); Менеджмент и государственное и муниципальное управление / Management and Public Administration (in Russian),3,Accepted with budget,Bachelor
26003171,Эфиопия /,Медицина (на английском языке) / Medicine (in English); Стоматология (на английском языке) / Dental Medicine (in English),2,Accepted with budget,Specialist
26003174,Узбекистан /,Медицина / Medicine (in Russian),1,Accepted with budget,Specialist
26003175,ТУРКМЕНИСТАН /,Математика и компьютерные науки / Mathematics and Computer Science (in Russian); Английский язык / English,2,Accepted with budget,Bachelor
26003176,Пакистан /,Медицина (на английском языке) / Medicine (in English),1,Accepted with budget,Specialist
26003178,Беларусь /,Английский язык / English,1,Accepted with budget,Bachelor
26003181,Йемен /,Медицина (на английском языке) / Medicine (in English); Стоматология (на английском языке) / Dental Medicine (in English); Медицина / Medicine (in Russian),3,Accepted with budget,Specialist
26003184,Йемен /,Медицина (на английском языке) / Medicine (in English),1,Accepted with budget,Specialist
26003188,Алжир /,Медицина (на английском языке) / Medicine (in English),1,Accepted with budget,Specialist
26003189,Беларусь /,Менеджмент и государственное и муниципальное управление / Management and Public Administration (in Russian); Экономика / Economics (in Russian),2,Accepted with budget,Bachelor
26003190,Бангладеш /,Медицина (на английском языке) / Medicine (in English); Медицина / Medicine (in Russian); Стоматология (на английском языке) / Dental Medicine (in English),3,Accepted with budget,Specialist
26003191,Мозамбик /,Биология / Biology (in Russian),1,Accepted with budget,Master
26003194,Казахстан /,Стоматология / Dental Medicine (in Russian),1,Accepted with budget,Specialist
26003196,Гана /,Международные отношения (на английском языке) / International Relations (in English); Юриспруденция (на английском языке) / Law (in English),2,Accepted with budget,Master
26003197,Пакистан /,Медицина (на английском языке) / Medicine (in English); Стоматология / Dental Medicine (in Russian),2,Accepted with budget,Specialist
26003198,Казахстан /,Психология / Psychology (in Russian),1,Accepted with budget,Bachelor
26003199,Азербайджан /,Юриспруденция / Law (in Russian); Международные отношения / International Relations (in Russian); Менеджмент и государственное и муниципальное управление / Management and Public Administration (in Russian),3,Accepted with budget,Master
26003201,Судан /,Стоматология / Dental Medicine (in Russian); Стоматология (на английском языке) / Dental Medicine (in English),2,Accepted with budget,Specialist
26003202,КОНГО /,Графический дизайн / Graphic Design (in Russian),1,Accepted with budget,Master
26003203,Гамбия /,Менеджмент (на английском языке) / Management (in English),1,Accepted with budget,Master
26003205,Пакистан /,Стоматология (на английском языке) / Dental Medicine (in English),1,Accepted with budget,Specialist
26003206,Пакистан /,Международные отношения (на английском языке) / International Relations (in English),1,Accepted with budget,Master
26003207,Нигерия /,Стоматология (на английском языке) / Dental Medicine (in English),1,Accepted with budget,Specialist
26003210,Зимбабве /,Экономика (на английском языке) / Economics (in English); Деловая коммуникация на английском языке / Business Communication in English; Менеджмент (на английском языке) / Management (in English),3,Accepted with budget,Master
26003212,Египет /,Медицина (на английском языке) / Medicine (in English); Медицина / Medicine (in Russian); Стоматология (на английском языке) / Dental Medicine (in English),3,Accepted with budget,Specialist
26003213,Пакистан /,Медицина (на английском языке) / Medicine (in English),1,Accepted with budget,Specialist
26003214,Сенегал /,Экономика (на английском языке) / Economics (in English),1,Accepted with budget,Master
26003216,Бангладеш /,Менеджмент (на английском языке) / Management (in English); Деловая коммуникация на английском языке / Business Communication in English; Экономика (на английском языке) / Economics (in English),3,Accepted with budget,Master
26003217,Беларусь /,Стоматология / Dental Medicine (in Russian); Медицина / Medicine (in Russian),2,Accepted with budget,Specialist
26003218,Афганистан /,Экономика (на английском языке) / Economics (in English); Менеджмент (на английском языке) / Management (in English),2,Accepted with budget,Master
26003219,Бангладеш /,Прикладная математика и процессы управления (на английском языке) / Applied Mathematics and Control Processes (in English); Языкознание и литературоведение (на английском языке) / Foreign Languages (in English),2,Accepted with budget,Master
26003220,Судан /,Медицина (на английском языке) / Medicine (in English); Стоматология (на английском языке) / Dental Medicine (in English),2,Accepted with budget,Specialist
26003221,Мексика /,Современная математика (на английском языке) / Modern Mathematics (in English); Прикладная математика и процессы управления (на английском языке) / Applied Mathematics and Control Processes (in English),2,Accepted with budget,Master
26003222,Пакистан /,Экономика (на английском языке) / Economics (in English),1,Accepted with budget,Master
26003224,Йемен /,Языкознание и литературоведение (на английском языке) / Foreign Languages (in English); Языкознание и литературоведение / Linguistics and Literary Studies (in Russian); Когнитивные исследования / Cognitive Studies (in Russian),3,Accepted with budget,Master
26003226,Йемен /,Международные отношения (на английском языке) / International Relations (in English); Менеджмент (на английском языке) / Management (in English); Деловая коммуникация на английском языке / Business Communication in English,3,Accepted with budget,Master
26003229,Египет /,Медицина (на английском языке) / Medicine (in English),1,Accepted with budget,Specialist
26003232,"ИРАН, ИСЛАМСКАЯ РЕСПУБЛИКА /",Стоматология / Dental Medicine (in Russian); Стоматология (на английском языке) / Dental Medicine (in English); Медицина (на английском языке) / Medicine (in English),3,Accepted with budget,Specialist
26003233,Афганистан /,Прикладная математика и процессы управления (на английском языке) / Applied Mathematics and Control Processes (in English); Физика (на английском языке) / Physics (in English),2,Accepted with budget,Master
26003234,Йемен /,Прикладная математика и процессы управления (на английском языке) / Applied Mathematics and Control Processes (in English),1,Accepted with budget,Master
26003236,Нигерия /,Менеджмент (на английском языке) / Management (in English); Деловая коммуникация на английском языке / Business Communication in English; Международные отношения (на английском языке) / International Relations (in English),3,Accepted with budget,Master
26003241,Египет /,Медицина (на английском языке) / Medicine (in English); Медицина / Medicine (in Russian),2,Accepted with budget,Specialist
26003243,Нигерия /,Медицина (на английском языке) / Medicine (in English); Стоматология (на английском языке) / Dental Medicine (in English),2,Accepted with budget,Specialist
26003244,Пакистан /,Менеджмент (на английском языке) / Management (in English); Деловая коммуникация на английском языке / Business Communication in English; Экономика (на английском языке) / Economics (in English),3,Accepted with budget,Master
26003245,Гана /,Международные отношения (на английском языке) / International Relations (in English),1,Accepted with budget,Master
26003246,Эфиопия /,Экономика (на английском языке) / Economics (in English); Менеджмент (на английском языке) / Management (in English),2,Accepted with budget,Master
26003248,"ИРАН, ИСЛАМСКАЯ РЕСПУБЛИКА /",Стоматология (на английском языке) / Dental Medicine (in English); Медицина (на английском языке) / Medicine (in English); Стоматология / Dental Medicine (in Russian),3,Accepted with budget,Specialist
26003249,Индия /,Международные отношения (на английском языке) / International Relations (in English); Языкознание и литературоведение (на английском языке) / Foreign Languages (in English); Деловая коммуникация на английском языке / Business Communication in English,3,Accepted with budget,Master
26003250,Нигерия /,Менеджмент (на английском языке) / Management (in English); Деловая коммуникация на английском языке / Business Communication in English; Культурология (на английском языке) / Cultural Studies (in English),3,Accepted with budget,Master
26003251,Эфиопия /,Экономика (на английском языке) / Economics (in English); Менеджмент (на английском языке) / Management (in English),2,Accepted with budget,Master
26003252,Индия /,Менеджмент (на английском языке) / Management (in English),1,Accepted with budget,Master
26003253,Нигерия /,Деловая коммуникация на английском языке / Business Communication in English; Международные отношения (на английском языке) / International Relations (in English); Менеджмент (на английском языке) / Management (in English),3,Accepted with budget,Master
26003254,Индия /,Международные отношения (на английском языке) / International Relations (in English); Юриспруденция (на английском языке) / Law (in English),2,Accepted with budget,Master
26003255,Руанда /,Биология / Biology (in Russian); Менеджмент и государственное и муниципальное управление / Management and Public Administration (in Russian); Иностранные языки / Foreign Languages (in Russian),3,Accepted with budget,Master
26003256,СИРИЙСКАЯ АРАБСКАЯ РЕСПУБЛИКА /,Медицина / Medicine (in Russian),1,Accepted with budget,Specialist
26003257,СИРИЙСКАЯ АРАБСКАЯ РЕСПУБЛИКА /,Химия / Chemistry (in Russian); Науки о Земле и окружающей среде / Earth and Environmental Sciences (in Russian),2,Accepted with budget,Master
26003259,Эфиопия /,Деловая коммуникация на английском языке / Business Communication in English; Международные отношения (на английском языке) / International Relations (in English),2,Accepted with budget,Master
26003261,СИРИЙСКАЯ АРАБСКАЯ РЕСПУБЛИКА /,Стоматология / Dental Medicine (in Russian); Медицина / Medicine (in Russian),2,Accepted with budget,Specialist
26003262,Пакистан /,Языкознание и литературоведение (на английском языке) / Foreign Languages (in English),1,Accepted with budget,Master
26003266,Нигерия /,Языкознание и литературоведение (на английском языке) / Foreign Languages (in English),1,Accepted with budget,Master
26003267,Камерун /,Менеджмент (на английском языке) / Management (in English); Экономика (на английском языке) / Economics (in English); Деловая коммуникация на английском языке / Business Communication in English,3,Accepted with budget,Master
26003268,Нигерия /,Биология / Biology (in Russian); Менеджмент (на английском языке) / Management (in English),2,Accepted with budget,Master
26003269,Таджикистан /,Медицина / Medicine (in Russian); Стоматология / Dental Medicine (in Russian),2,Accepted with budget,Specialist
26003270,Нигерия /,Менеджмент (на английском языке) / Management (in English),1,Accepted with budget,Master
26003273,Турция /,Экономика / Economics (in Russian),1,Accepted with budget,Master
26003274,Бангладеш /,Медицина (на английском языке) / Medicine (in English); Стоматология (на английском языке) / Dental Medicine (in English); Медицина / Medicine (in Russian),3,Accepted with budget,Specialist
26003275,Нигерия /,Менеджмент (на английском языке) / Management (in English); Социология (на английском языке) / Sociology (in English); Деловая коммуникация на английском языке / Business Communication in English,3,Accepted with budget,Master
26003277,"ПАЛЕСТИНА, ГОСУДАРСТВО /",Науки о Земле и окружающей среде / Earth and Environmental Sciences (in Russian),1,Accepted with budget,Master
26003278,Индия /,Социология (на английском языке) / Sociology (in English),1,Accepted with budget,Master
26003279,Гана /,Экономика (на английском языке) / Economics (in English),1,Accepted with budget,Master
26003280,Нигерия /,Прикладная математика и процессы управления (на английском языке) / Applied Mathematics and Control Processes (in English),1,Accepted with budget,Master
26003281,Пакистан /,Менеджмент (на английском языке) / Management (in English); Математика и компьютерные науки / Mathematics and Computer Science (in Russian),2,Accepted with budget,Bachelor
26003282,Нигерия /,Международные отношения (на английском языке) / International Relations (in English); Политология / Political Science (in Russian),2,Accepted with budget,Master
26003283,Пакистан /,Менеджмент (на английском языке) / Management (in English); Деловая коммуникация на английском языке / Business Communication in English,2,Accepted with budget,Master
26003284,"ИРАН, ИСЛАМСКАЯ РЕСПУБЛИКА /",Стоматология (на английском языке) / Dental Medicine (in English); Стоматология / Dental Medicine (in Russian); Медицина (на английском языке) / Medicine (in English),3,Accepted with budget,Specialist
26003285,"ИРАН, ИСЛАМСКАЯ РЕСПУБЛИКА /",Физическая культура / Physical Education (in Russian); Востоковедение и африканистика / Asian and African Studies (in Russian); Экономика / Economics (in Russian),3,Accepted with budget,Bachelor
26003286,Беларусь /,Медицина / Medicine (in Russian),1,Accepted with budget,Specialist
26003287,Турция /,Когнитивные исследования / Cognitive Studies (in Russian); Психология / Psychology (in Russian); Педагогика / Pedagogy (in Russian),3,Accepted with budget,Master
26003288,Казахстан /,Графика / Graphics (in Russian); Живопись / Painting (in Russian),2,Accepted with budget,Specialist
26003289,Турция /,Международные отношения (на английском языке) / International Relations (in English),1,Accepted with budget,Master
26003290,Узбекистан /,Языкознание и литературоведение / Linguistics and Literary Studies (in Russian); Педагогика / Pedagogy (in Russian); Искусства и гуманитарные науки / Arts and Humanities (in Russian),3,Accepted with budget,Master
26003291,Нигерия /,Менеджмент и государственное и муниципальное управление / Management and Public Administration (in Russian),1,Accepted with budget,Bachelor
26003292,Мали /,Экономика / Economics (in Russian),1,Accepted with budget,Master
26003293,Нигерия /,Менеджмент (на английском языке) / Management (in English); Английский язык / English,2,Accepted with budget,Bachelor
26003294,"ИРАН, ИСЛАМСКАЯ РЕСПУБЛИКА /",Стоматология (на английском языке) / Dental Medicine (in English); Стоматология / Dental Medicine (in Russian); Медицина (на английском языке) / Medicine (in English),3,Accepted with budget,Specialist
26003296,"ИРАН, ИСЛАМСКАЯ РЕСПУБЛИКА /",Стоматология (на английском языке) / Dental Medicine (in English); Стоматология / Dental Medicine (in Russian); Медицина (на английском языке) / Medicine (in English),3,Accepted with budget,Specialist
26003298,Мали /,Экономика / Economics (in Russian),1,Accepted with budget,Bachelor
26003300,Колумбия /,Биология / Biology (in Russian),1,Accepted with budget,Master
26003302,Сьерра-Леоне /,Медицина (на английском языке) / Medicine (in English); Стоматология (на английском языке) / Dental Medicine (in English),2,Accepted with budget,Specialist
26003303,Нигерия /,Прикладная математика и процессы управления (на английском языке) / Applied Mathematics and Control Processes (in English),1,Accepted with budget,Master
26003304,Казахстан /,Математика и механика / Mathematics and Mechanics (in Russian); Графический дизайн / Graphic Design (in Russian); Прикладная математика и процессы управления / Applied Mathematics and Control Processes (in Russian),3,Accepted with budget,Bachelor
26003305,Нигерия /,Языкознание и литературоведение / Linguistics and Literary Studies (in Russian); Искусства и гуманитарные науки / Arts and Humanities (in Russian),2,Accepted with budget,Master
26003306,Казахстан /,Математика и механика / Mathematics and Mechanics (in Russian); Математика и компьютерные науки / Mathematics and Computer Science (in Russian),2,Accepted with budget,Bachelor
26003307,Пакистан /,Медицина (на английском языке) / Medicine (in English); Стоматология (на английском языке) / Dental Medicine (in English),2,Accepted with budget,Specialist
26003308,Бангладеш /,Менеджмент (на английском языке) / Management (in English); Социология / Sociology (in Russian); Менеджмент и государственное и муниципальное управление / Management and Public Administration (in Russian),3,Accepted with budget,Bachelor
26003309,Пакистан /,Медицина (на английском языке) / Medicine (in English); Стоматология (на английском языке) / Dental Medicine (in English),2,Accepted with budget,Specialist
26003310,Египет /,Математика и компьютерные науки / Mathematics and Computer Science (in Russian); Математика и механика / Mathematics and Mechanics (in Russian); Менеджмент (на английском языке) / Management (in English),3,Accepted with budget,Bachelor
26003311,Кения /,Стоматология (на английском языке) / Dental Medicine (in English),1,Accepted with budget,Specialist
26003312,Иордания /,Менеджмент (на английском языке) / Management (in English),1,Accepted with budget,Bachelor
26003313,ТУРКМЕНИСТАН /,Медицина / Medicine (in Russian),1,Accepted with budget,Specialist
26003314,Йемен /,Медицина (на английском языке) / Medicine (in English),1,Accepted with budget,Specialist
26003315,"ИРАН, ИСЛАМСКАЯ РЕСПУБЛИКА /",Стоматология (на английском языке) / Dental Medicine (in English); Стоматология / Dental Medicine (in Russian); Медицина (на английском языке) / Medicine (in English),3,Accepted with budget,Specialist
26003316,"ИРАН, ИСЛАМСКАЯ РЕСПУБЛИКА /",Стоматология (на английском языке) / Dental Medicine (in English); Медицина (на английском языке) / Medicine (in English); Стоматология / Dental Medicine (in Russian),3,Accepted with budget,Specialist
26003318,Пакистан /,Математика и механика / Mathematics and Mechanics (in Russian); Науки о Земле и окружающей среде / Earth and Environmental Sciences (in Russian); Экономика (на английском языке) / Economics (in English),3,Accepted with budget,Master
26003323,Йемен /,Деловая коммуникация на английском языке / Business Communication in English; Менеджмент (на английском языке) / Management (in English),2,Accepted with budget,Master
26003327,Нигерия /,Международные отношения / International Relations (in Russian); Языкознание и литературоведение / Linguistics and Literary Studies (in Russian); Политология / Political Science (in Russian),3,Accepted with budget,Master
26003328,КИРГИЗИЯ /,Менеджмент (на английском языке) / Management (in English); Журналистика и массовые коммуникации / Journalism and Mass Communication (in Russian); Международные отношения (на английском языке) / International Relations (in English),3,Accepted with budget,Master
26003334,Беларусь /,Прикладная математика и процессы управления / Applied Mathematics and Control Processes (in Russian); Юриспруденция / Law (in Russian); Психология / Psychology (in Russian),3,Accepted with budget,Master
26003335,Индия /,Менеджмент (на английском языке) / Management (in English),1,Accepted with budget,Master
26003336,Беларусь /,Математика и компьютерные науки / Mathematics and Computer Science (in Russian),1,Accepted with budget,Bachelor
26003337,Нигерия /,Биология / Biology (in Russian); Науки о Земле и окружающей среде / Earth and Environmental Sciences (in Russian); Химия / Chemistry (in Russian),3,Accepted with budget,Master
26003338,Эфиопия /,Языкознание и литературоведение (на английском языке) / Foreign Languages (in English); Менеджмент (на английском языке) / Management (in English); Деловая коммуникация на английском языке / Business Communication in English,3,Accepted with budget,Master
26003339,Нигерия /,Языкознание и литературоведение (на английском языке) / Foreign Languages (in English); Международные отношения (на английском языке) / International Relations (in English); Культурология (на английском языке) / Cultural Studies (in English),3,Accepted with budget,Master
26003341,Гонконг (Китай) /,Менеджмент (на английском языке) / Management (in English),1,Accepted with budget,Master
26003342,Пакистан /,Прикладная математика и процессы управления (на английском языке) / Applied Mathematics and Control Processes (in English); Математика и механика (на английском языке) / Mathematics and Mechanics (in English); Современная математика (на английском языке) / Modern Mathematics (in English),3,Accepted with budget,Master
26003344,Оман /,Менеджмент (на английском языке) / Management (in English); Современная математика (на английском языке) / Modern Mathematics (in English); Экономика (на английском языке) / Economics (in English),3,Accepted with budget,Master
26003345,КИРГИЗИЯ /,Журналистика и массовые коммуникации / Journalism and Mass Communication (in Russian),1,Accepted with budget,Master
26003346,Эфиопия /,Физика (на английском языке) / Physics (in English),1,Accepted with budget,Master
26003347,Узбекистан /,Языкознание и литературоведение / Linguistics and Literary Studies (in Russian),1,Accepted with budget,Master
26003349,ЧАД /,Прикладная математика и процессы управления / Applied Mathematics and Control Processes (in Russian),1,Accepted with budget,Master
26003350,Гана /,Деловая коммуникация на английском языке / Business Communication in English; Международные отношения (на английском языке) / International Relations (in English); Менеджмент (на английском языке) / Management (in English),3,Accepted with budget,Master
26003351,Алжир /,Менеджмент (на английском языке) / Management (in English); Деловая коммуникация на английском языке / Business Communication in English; Экономика (на английском языке) / Economics (in English),3,Accepted with budget,Master
26003352,Сенегал /,Прикладная математика и процессы управления / Applied Mathematics and Control Processes (in Russian); Графический дизайн / Graphic Design (in Russian),2,Accepted with budget,Master
26003353,Пакистан /,Психология / Psychology (in Russian); Когнитивные исследования / Cognitive Studies (in Russian),2,Accepted with budget,Master
26003354,Казахстан /,Менеджмент и государственное и муниципальное управление / Management and Public Administration (in Russian); Юриспруденция / Law (in Russian); Психология / Psychology (in Russian),3,Accepted with budget,Master
26003355,Нигерия /,Международные отношения (на английском языке) / International Relations (in English); Социология (на английском языке) / Sociology (in English); Менеджмент (на английском языке) / Management (in English),3,Accepted with budget,Master
26003356,Йемен /,Деловая коммуникация на английском языке / Business Communication in English; Международные отношения / International Relations (in Russian),2,Accepted with budget,Master
26003358,Бангладеш /,Физика / Physics (in Russian),1,Accepted with budget,Bachelor
26003359,Алжир /,Менеджмент (на английском языке) / Management (in English); Экономика / Economics (in Russian); Экономика (на английском языке) / Economics (in English),3,Accepted with budget,Master
26003360,КИТАЙ /,Математика и механика / Mathematics and Mechanics (in Russian); Математика и компьютерные науки / Mathematics and Computer Science (in Russian); Прикладная математика и процессы управления / Applied Mathematics and Control Processes (in Russian),3,Accepted with budget,Bachelor
26003363,Грузия /,Экономика / Economics (in Russian),1,Accepted with budget,Bachelor
26003366,Нигерия /,Нефтегазовое дело / Petroleum Engineering (in Russian); Математика и компьютерные науки / Mathematics and Computer Science (in Russian); Науки о Земле / Earth Sciences (in Russian),3,Accepted with budget,Bachelor
26003369,Нигерия /,Нефтегазовое дело / Petroleum Engineering (in Russian); Экономика / Economics (in Russian),2,Accepted with budget,Bachelor
26003374,Пакистан /,Социология / Sociology (in Russian); Международные отношения / International Relations (in Russian),2,Accepted with budget,Bachelor
26003377,Азербайджан /,Юриспруденция / Law (in Russian),1,Accepted with budget,Bachelor
26003380,"МОЛДОВА, РЕСПУБЛИКА /",Английский язык / English; Международные отношения / International Relations (in Russian),2,Accepted with budget,Bachelor
26003385,Нигерия /,Менеджмент (на английском языке) / Management (in English),1,Accepted with budget,Bachelor
26003388,Казахстан /,Искусства и гуманитарные науки / Arts and Humanities (in Russian); Психология / Psychology (in Russian); Дизайн среды / Environmental Design (in Russian),3,Accepted with budget,Bachelor
26003390,Казахстан /,Экономика / Economics (in Russian),1,Accepted with budget,Bachelor
26003391,"ИРАН, ИСЛАМСКАЯ РЕСПУБЛИКА /",Стоматология / Dental Medicine (in Russian); Стоматология (на английском языке) / Dental Medicine (in English); Медицина (на английском языке) / Medicine (in English),3,Accepted with budget,Specialist
26003392,Индия /,Математика и компьютерные науки / Mathematics and Computer Science (in Russian),1,Accepted with budget,Bachelor
26003393,ТУРКМЕНИСТАН /,Менеджмент и государственное и муниципальное управление / Management and Public Administration (in Russian); Науки о Земле / Earth Sciences (in Russian); Психология / Psychology (in Russian),3,Accepted with budget,Bachelor
26003394,Узбекистан /,Международные отношения / International Relations (in Russian); Юриспруденция / Law (in Russian); Политология / Political Science (in Russian),3,Accepted with budget,Bachelor
26003395,Узбекистан /,Математика и компьютерные науки / Mathematics and Computer Science (in Russian); Графический дизайн / Graphic Design (in Russian); Физика / Physics (in Russian),3,Accepted with budget,Bachelor
26003396,Казахстан /,Прикладная математика и процессы управления / Applied Mathematics and Control Processes (in Russian),1,Accepted with budget,Bachelor
26003397,Казахстан /,Английский язык / English,1,Accepted with budget,Bachelor
26003398,Казахстан /,Журналистика и массовые коммуникации / Journalism and Mass Communication (in Russian); Языкознание и литературоведение / Linguistics and Literary Studies (in Russian),2,Accepted with budget,Bachelor
26003399,Индия /,Английский язык / English,1,Accepted with budget,Bachelor
26003400,Таджикистан /,Юриспруденция / Law (in Russian); Международные отношения / International Relations (in Russian); Английский язык / English,3,Accepted with budget,Bachelor
26003401,Пакистан /,Менеджмент (на английском языке) / Management (in English),1,Accepted with budget,Bachelor
26003402,Узбекистан /,Экономика / Economics (in Russian),1,Accepted with budget,Bachelor
26003403,Узбекистан /,Медицина / Medicine (in Russian),1,Accepted with budget,Specialist
26003404,Кения /,Менеджмент (на английском языке) / Management (in English),1,Accepted with budget,Bachelor
26003405,Казахстан /,Биология / Biology (in Russian),1,Accepted with budget,Bachelor
26003406,Эфиопия /,Менеджмент (на английском языке) / Management (in English); Журналистика и массовые коммуникации / Journalism and Mass Communication (in Russian),2,Accepted with budget,Bachelor
26003407,"МОЛДОВА, РЕСПУБЛИКА /",Юриспруденция / Law (in Russian); История / History (in Russian),2,Accepted with budget,Bachelor
26003408,Эфиопия /,Менеджмент (на английском языке) / Management (in English); Менеджмент и государственное и муниципальное управление / Management and Public Administration (in Russian); Экономика / Economics (in Russian),3,Accepted with budget,Bachelor
26003409,Турция /,Медицина / Medicine (in Russian),1,Accepted with budget,Specialist
26003410,Казахстан /,Дизайн среды / Environmental Design (in Russian); Графический дизайн / Graphic Design (in Russian); Журналистика и массовые коммуникации / Journalism and Mass Communication (in Russian),3,Accepted with budget,Bachelor
26003411,Бангладеш /,Менеджмент (на английском языке) / Management (in English); Менеджмент и государственное и муниципальное управление / Management and Public Administration (in Russian); Экономика / Economics (in Russian),3,Accepted with budget,Bachelor
26003412,Египет /,Математика и компьютерные науки / Mathematics and Computer Science (in Russian); Математика и механика / Mathematics and Mechanics (in Russian),2,Accepted with budget,Bachelor
26003413,ТУРКМЕНИСТАН /,Физическая культура / Physical Education (in Russian),1,Accepted with budget,Bachelor
26003414,Египет /,Математика и компьютерные науки / Mathematics and Computer Science (in Russian); Прикладная математика и процессы управления / Applied Mathematics and Control Processes (in Russian),2,Accepted with budget,Bachelor
26003415,Бангладеш /,Менеджмент (на английском языке) / Management (in English),1,Accepted with budget,Bachelor
26003416,Алжир /,Медицина (на английском языке) / Medicine (in English),1,Accepted with budget,Specialist
26003417,СИРИЙСКАЯ АРАБСКАЯ РЕСПУБЛИКА /,Стоматология / Dental Medicine (in Russian),1,Accepted with budget,Specialist
26003418,ТУРКМЕНИСТАН /,Стоматология / Dental Medicine (in Russian),1,Accepted with budget,Specialist
26003419,Алжир /,Медицина / Medicine (in Russian),1,Accepted with budget,Specialist
26003420,Пакистан /,Медицина (на английском языке) / Medicine (in English); Стоматология (на английском языке) / Dental Medicine (in English); Медицина / Medicine (in Russian),3,Accepted with budget,Specialist
26003421,ТУРКМЕНИСТАН /,Стоматология / Dental Medicine (in Russian),1,Accepted with budget,Specialist
26003424,Камерун /,Графический дизайн / Graphic Design (in Russian),1,Accepted with budget,Master
26003427,СИРИЙСКАЯ АРАБСКАЯ РЕСПУБЛИКА /,Медицина / Medicine (in Russian),1,Accepted with budget,Specialist
26003437,Йемен /,Медицина (на английском языке) / Medicine (in English),1,Accepted with budget,Specialist
26003438,Йемен /,Медицина / Medicine (in Russian),1,Accepted with budget,Specialist
26003440,Пакистан /,Экономика (на английском языке) / Economics (in English); Менеджмент (на английском языке) / Management (in English); Деловая коммуникация на английском языке / Business Communication in English,3,Accepted with budget,Master
26003446,КИТАЙ /,Журналистика и массовые коммуникации / Journalism and Mass Communication (in Russian),1,Accepted with budget,Master
26003450,КИТАЙ /,Науки о Земле и окружающей среде / Earth and Environmental Sciences (in Russian); Международные отношения / International Relations (in Russian); Журналистика и массовые коммуникации / Journalism and Mass Communication (in Russian),3,Accepted with budget,Master
26003451,Пакистан /,Менеджмент (на английском языке) / Management (in English),1,Accepted with budget,Bachelor
26003451,Пакистан /,Стоматология (на английском языке) / Dental Medicine (in English); Медицина (на английском языке) / Medicine (in English),2,Accepted with budget,Specialist
26003453,Казахстан /,Экономика / Economics (in Russian); Философия / Philosophy (in Russian),2,Accepted with budget,Master
26003456,"ТАНЗАНИЯ, ОБЪЕДИНЕННАЯ РЕСПУБЛИКА /",Медицина (на английском языке) / Medicine (in English),1,Accepted with budget,Specialist
26003458,ЛИВИЙСКАЯ АРАБСКАЯ ДЖАМАХИРИЯ /,Науки о Земле и окружающей среде / Earth and Environmental Sciences (in Russian); Биология / Biology (in Russian); Химия / Chemistry (in Russian),3,Accepted with budget,Master
26003461,Судан /,Медицина (на английском языке) / Medicine (in English),1,Accepted with budget,Specialist
26003463,Пакистан /,Биология / Biology (in Russian); Психология / Psychology (in Russian); Менеджмент (на английском языке) / Management (in English),3,Accepted with budget,Master
26003468,КИТАЙ /,Прикладная математика и процессы управления (на английском языке) / Applied Mathematics and Control Processes (in English); Математика и механика (на английском языке) / Mathematics and Mechanics (in English); Прикладная математика и процессы управления / Applied Mathematics and Control Processes (in Russian),3,Accepted with budget,Master
26003470,"ИРАН, ИСЛАМСКАЯ РЕСПУБЛИКА /",Медицина (на английском языке) / Medicine (in English),1,Accepted with budget,Specialist
26003472,ТУРКМЕНИСТАН /,Математика и механика / Mathematics and Mechanics (in Russian); Прикладная математика и процессы управления / Applied Mathematics and Control Processes (in Russian); Менеджмент и государственное и муниципальное управление / Management and Public Administration (in Russian),3,Accepted with budget,Master
26003475,Йемен /,Медицина (на английском языке) / Medicine (in English); Медицина / Medicine (in Russian); Стоматология (на английском языке) / Dental Medicine (in English),3,Accepted with budget,Specialist
26003478,Пакистан /,Менеджмент (на английском языке) / Management (in English),1,Accepted with budget,Master
26003480,Египет /,Стоматология / Dental Medicine (in Russian); Медицина (на английском языке) / Medicine (in English); Стоматология (на английском языке) / Dental Medicine (in English),3,Accepted with budget,Specialist
26003483,Казахстан /,Менеджмент (на английском языке) / Management (in English),1,Accepted with budget,Master
26003485,"ТАНЗАНИЯ, ОБЪЕДИНЕННАЯ РЕСПУБЛИКА /",Медицина (на английском языке) / Medicine (in English),1,Accepted with budget,Specialist
26003489,КИРГИЗИЯ /,Юриспруденция / Law (in Russian),1,Accepted with budget,Master
26003490,"ИРАН, ИСЛАМСКАЯ РЕСПУБЛИКА /",Стоматология / Dental Medicine (in Russian); Стоматология (на английском языке) / Dental Medicine (in English); Медицина / Medicine (in Russian),3,Accepted with budget,Specialist
26003493,"ИРАН, ИСЛАМСКАЯ РЕСПУБЛИКА /",Стоматология / Dental Medicine (in Russian); Стоматология (на английском языке) / Dental Medicine (in English); Медицина / Medicine (in Russian),3,Accepted with budget,Specialist
26003499,Беларусь /,Экономика (на английском языке) / Economics (in English); Юриспруденция (на английском языке) / Law (in English); Экономика / Economics (in Russian),3,Accepted with budget,Master
26003501,Египет /,Медицина (на английском языке) / Medicine (in English),1,Accepted with budget,Specialist
26003502,Афганистан /,Юриспруденция (на английском языке) / Law (in English); Международные отношения (на английском языке) / International Relations (in English),2,Accepted with budget,Master
26003506,ТУРКМЕНИСТАН /,Науки о Земле и окружающей среде / Earth and Environmental Sciences (in Russian); Нефтегазовая геология / Petroleum Geology (in Russian); Психология / Psychology (in Russian),3,Accepted with budget,Master
26003509,Судан /,Медицина / Medicine (in Russian); Медицина (на английском языке) / Medicine (in English); Стоматология (на английском языке) / Dental Medicine (in English),3,Accepted with budget,Specialist
26003512,Нигерия /,Менеджмент (на английском языке) / Management (in English); Математика и механика (на английском языке) / Mathematics and Mechanics (in English),2,Accepted with budget,Master
26003516,"ИРАН, ИСЛАМСКАЯ РЕСПУБЛИКА /",Медицина (на английском языке) / Medicine (in English),1,Accepted with budget,Specialist
26003518,Пакистан /,Экономика (на английском языке) / Economics (in English); Менеджмент (на английском языке) / Management (in English),2,Accepted with budget,Master
26003521,Беларусь /,Социология / Sociology (in Russian); Экономика / Economics (in Russian); Философия / Philosophy (in Russian),3,Accepted with budget,Master
26003524,"ИРАН, ИСЛАМСКАЯ РЕСПУБЛИКА /",Стоматология (на английском языке) / Dental Medicine (in English); Стоматология / Dental Medicine (in Russian); Медицина (на английском языке) / Medicine (in English),3,Accepted with budget,Specialist
26003527,"ИРАН, ИСЛАМСКАЯ РЕСПУБЛИКА /",Стоматология (на английском языке) / Dental Medicine (in English); Медицина (на английском языке) / Medicine (in English); Стоматология / Dental Medicine (in Russian),3,Accepted with budget,Specialist
26003532,"ИРАН, ИСЛАМСКАЯ РЕСПУБЛИКА /",Стоматология (на английском языке) / Dental Medicine (in English); Медицина (на английском языке) / Medicine (in English); Стоматология / Dental Medicine (in Russian),3,Accepted with budget,Specialist
26003535,Йемен /,Медицина (на английском языке) / Medicine (in English); Медицина / Medicine (in Russian); Стоматология (на английском языке) / Dental Medicine (in English),3,Accepted with budget,Specialist
26003547,Южная Осетия /,Стоматология / Dental Medicine (in Russian),1,Accepted with budget,Specialist
26003549,Пакистан /,Медицина (на английском языке) / Medicine (in English); Стоматология (на английском языке) / Dental Medicine (in English),2,Accepted with budget,Specialist
26003549,Пакистан /,Английский язык / English,1,Accepted with budget,Bachelor
26003556,Камерун /,Медицина (на английском языке) / Medicine (in English); Медицина / Medicine (in Russian); Стоматология (на английском языке) / Dental Medicine (in English),3,Accepted with budget,Specialist
26003562,ЮЖНАЯ АФРИКА /,Нефтегазовая геология / Petroleum Geology (in Russian),1,Accepted with budget,Master
26003567,Пакистан /,Химия / Chemistry (in Russian),1,Accepted with budget,Master
26003572,Казахстан /,Журналистика и массовые коммуникации / Journalism and Mass Communication (in Russian); Языкознание и литературоведение / Linguistics and Literary Studies (in Russian); Искусства и гуманитарные науки / Arts and Humanities (in Russian),3,Accepted with budget,Master
26003575,Таджикистан /,Медицина / Medicine (in Russian),1,Accepted with budget,Specialist
26003576,Беларусь /,Политология / Political Science (in Russian); Международные отношения / International Relations (in Russian),2,Accepted with budget,Master
26003578,Казахстан /,Менеджмент (на английском языке) / Management (in English),1,Accepted with budget,Master
26003581,Казахстан /,Менеджмент и государственное и муниципальное управление / Management and Public Administration (in Russian); Юриспруденция / Law (in Russian); Социология / Sociology (in Russian),3,Accepted with budget,Master
26003583,ТУРКМЕНИСТАН /,Стоматология / Dental Medicine (in Russian),1,Accepted with budget,Specialist
26003584,Узбекистан /,Юриспруденция / Law (in Russian),1,Accepted with budget,Master
26003587,ТУРКМЕНИСТАН /,Иностранные языки / Foreign Languages (in Russian); Педагогика / Pedagogy (in Russian); Деловая коммуникация на английском языке / Business Communication in English,3,Accepted with budget,Master
26003593,Пакистан /,Прикладная математика и процессы управления (на английском языке) / Applied Mathematics and Control Processes (in English); Математика и механика (на английском языке) / Mathematics and Mechanics (in English); Деловая коммуникация на английском языке / Business Communication in English,3,Accepted with budget,Master
26003597,Болгария /,Юриспруденция / Law (in Russian); Юриспруденция (на английском языке) / Law (in English),2,Accepted with budget,Master
26003603,СИРИЙСКАЯ АРАБСКАЯ РЕСПУБЛИКА /,Прикладная математика и процессы управления (на английском языке) / Applied Mathematics and Control Processes (in English); Менеджмент (на английском языке) / Management (in English); Графический дизайн / Graphic Design (in Russian),3,Accepted with budget,Master
26003605,Пакистан /,Биология / Biology (in Russian); Науки о Земле и окружающей среде / Earth and Environmental Sciences (in Russian),2,Accepted with budget,Master
26003606,Пакистан /,Юриспруденция (на английском языке) / Law (in English); Международные отношения (на английском языке) / International Relations (in English); Журналистика и массовые коммуникации / Journalism and Mass Communication (in Russian),3,Accepted with budget,Master
26003607,Российская Федерация /,Стоматология / Dental Medicine (in Russian); Медицина / Medicine (in Russian),2,Accepted with budget,Specialist
26003609,Йемен /,Медицина / Medicine (in Russian),1,Accepted with budget,Specialist
26003610,Пакистан /,Экономика (на английском языке) / Economics (in English); Деловая коммуникация на английском языке / Business Communication in English; Менеджмент (на английском языке) / Management (in English),3,Accepted with budget,Master
26003612,Узбекистан /,Медицина / Medicine (in Russian),1,Accepted with budget,Specialist
26003613,Судан /,Математика и компьютерные науки / Mathematics and Computer Science (in Russian); Графический дизайн / Graphic Design (in Russian),2,Accepted with budget,Bachelor
26003614,Казахстан /,Теология / Theology (in Russian),1,Accepted with budget,Master
26003617,Нигерия /,Экономика (на английском языке) / Economics (in English); Международные отношения (на английском языке) / International Relations (in English); Деловая коммуникация на английском языке / Business Communication in English,3,Accepted with budget,Master
26003618,Нигерия /,Медицина (на английском языке) / Medicine (in English); Стоматология (на английском языке) / Dental Medicine (in English),2,Accepted with budget,Specialist
26003624,Таджикистан /,История / History (in Russian); Юриспруденция / Law (in Russian),2,Accepted with budget,Master
26003626,Гамбия /,Медицина (на английском языке) / Medicine (in English); Стоматология (на английском языке) / Dental Medicine (in English),2,Accepted with budget,Specialist
26003627,Пакистан /,Прикладная математика и процессы управления (на английском языке) / Applied Mathematics and Control Processes (in English); Математика и механика (на английском языке) / Mathematics and Mechanics (in English); Современная математика (на английском языке) / Modern Mathematics (in English),3,Accepted with budget,Master
26003628,Беларусь /,Стоматология / Dental Medicine (in Russian),1,Accepted with budget,Specialist
26003630,КОНГО /,Математика и механика / Mathematics and Mechanics (in Russian); Менеджмент (на английском языке) / Management (in English); Менеджмент и государственное и муниципальное управление / Management and Public Administration (in Russian),3,Accepted with budget,Bachelor
26003631,Беларусь /,Востоковедение и африканистика / Asian and African Studies (in Russian),1,Accepted with budget,Master
26003632,КИТАЙ /,Графический дизайн / Graphic Design (in Russian),1,Accepted with budget,Master
26003633,Нигерия /,Медицина (на английском языке) / Medicine (in English),1,Accepted with budget,Specialist
26003634,Индия /,Социология (на английском языке) / Sociology (in English),1,Accepted with budget,Master
26003636,Казахстан /,Юриспруденция / Law (in Russian),1,Accepted with budget,Master
26003637,"ПАЛЕСТИНА, ГОСУДАРСТВО /",Медицина (на английском языке) / Medicine (in English),1,Accepted with budget,Specialist
26003638,КИТАЙ /,Юриспруденция / Law (in Russian),1,Accepted with budget,Master
26003640,КИТАЙ /,Экономика / Economics (in Russian),1,Accepted with budget,Master
26003642,Йемен /,Химия / Chemistry (in Russian); Нефтегазовая геология / Petroleum Geology (in Russian); Науки о Земле и окружающей среде / Earth and Environmental Sciences (in Russian),3,Accepted with budget,Master
26003645,Нигерия /,Менеджмент (на английском языке) / Management (in English); Международные отношения (на английском языке) / International Relations (in English),2,Accepted with budget,Master
26003647,Пакистан /,Деловая коммуникация на английском языке / Business Communication in English; Менеджмент (на английском языке) / Management (in English); Культурология (на английском языке) / Cultural Studies (in English),3,Accepted with budget,Master
26003650,Экваториальная Гвинея /,Экономика (на английском языке) / Economics (in English),1,Accepted with budget,Master
26003652,Армения /,Менеджмент (на английском языке) / Management (in English); Деловая коммуникация на английском языке / Business Communication in English,2,Accepted with budget,Master
26003654,СИРИЙСКАЯ АРАБСКАЯ РЕСПУБЛИКА /,Экономика (на английском языке) / Economics (in English); Экономика / Economics (in Russian); Менеджмент (на английском языке) / Management (in English),3,Accepted with budget,Master
26003655,Камерун /,Медицина (на английском языке) / Medicine (in English); Медицина / Medicine (in Russian),2,Accepted with budget,Specialist
26003657,Нигерия /,Экономика (на английском языке) / Economics (in English),1,Accepted with budget,Master
26003673,Египет /,Прикладная математика и процессы управления (на английском языке) / Applied Mathematics and Control Processes (in English); Математика и механика (на английском языке) / Mathematics and Mechanics (in English),2,Accepted with budget,Master
26003680,КОНГО /,Прикладная математика и процессы управления / Applied Mathematics and Control Processes (in Russian),1,Accepted with budget,Master
26003682,Судан /,Медицина (на английском языке) / Medicine (in English),1,Accepted with budget,Specialist
26003683,Казахстан /,Физика / Physics (in Russian); Физика (на английском языке) / Physics (in English),2,Accepted with budget,Master
26003686,Египет /,Математика и компьютерные науки / Mathematics and Computer Science (in Russian); Менеджмент (на английском языке) / Management (in English),2,Accepted with budget,Bachelor
26003687,Замбия /,Прикладная математика и процессы управления (на английском языке) / Applied Mathematics and Control Processes (in English); Современная математика (на английском языке) / Modern Mathematics (in English),2,Accepted with budget,Master
26003692,"КОНГО, ДЕМОКРАТИЧЕСКАЯ РЕСПУБЛИКА /",Медицина / Medicine (in Russian),1,Accepted with budget,Specialist
26003701,ЛИВИЙСКАЯ АРАБСКАЯ ДЖАМАХИРИЯ /,Медицина / Medicine (in Russian),1,Accepted with budget,Specialist
26003703,Узбекистан /,Медицина / Medicine (in Russian),1,Accepted with budget,Specialist
26003704,ОБЪЕДИНЕННЫЕ АРАБСКИЕ ЭМИРАТЫ /,Политология / Political Science (in Russian),1,Accepted with budget,Bachelor
26003705,Нигерия /,Медицина (на английском языке) / Medicine (in English),1,Accepted with budget,Specialist
26003708,Пакистан /,Менеджмент (на английском языке) / Management (in English); Реставрация / Restoration of Fine and Applied Art Objects (in Russian); Графический дизайн / Graphic Design (in Russian),3,Accepted with budget,Bachelor
26003715,ЛИВИЙСКАЯ АРАБСКАЯ ДЖАМАХИРИЯ /,Стоматология / Dental Medicine (in Russian),1,Accepted with budget,Specialist
26003715,ЛИВИЙСКАЯ АРАБСКАЯ ДЖАМАХИРИЯ /,Политология / Political Science (in Russian); История / History (in Russian),2,Accepted with budget,Bachelor
26003716,Йемен /,Медицина (на английском языке) / Medicine (in English),1,Accepted with budget,Specialist
26003717,Узбекистан /,Иностранные языки / Foreign Languages (in Russian); Языкознание и литературоведение / Linguistics and Literary Studies (in Russian); Языкознание и литературоведение (на английском языке) / Foreign Languages (in English),3,Accepted with budget,Master
26003718,"ПАЛЕСТИНА, ГОСУДАРСТВО /",Медицина (на английском языке) / Medicine (in English); Медицина / Medicine (in Russian),2,Accepted with budget,Specialist
26003719,Египет /,Медицина (на английском языке) / Medicine (in English),1,Accepted with budget,Specialist
26003720,Бангладеш /,Менеджмент (на английском языке) / Management (in English); Деловая коммуникация на английском языке / Business Communication in English; Международные отношения (на английском языке) / International Relations (in English),3,Accepted with budget,Master
26003721,Казахстан /,Журналистика и массовые коммуникации / Journalism and Mass Communication (in Russian),1,Accepted with budget,Master
26003722,"ИРАН, ИСЛАМСКАЯ РЕСПУБЛИКА /",Медицина / Medicine (in Russian); Медицина (на английском языке) / Medicine (in English); Стоматология / Dental Medicine (in Russian),3,Accepted with budget,Specialist
26003723,Йемен /,Стоматология (на английском языке) / Dental Medicine (in English),1,Accepted with budget,Specialist
26003724,Нигерия /,Юриспруденция (на английском языке) / Law (in English); Менеджмент (на английском языке) / Management (in English); Международные отношения (на английском языке) / International Relations (in English),3,Accepted with budget,Master
26003725,Нигерия /,Медицина (на английском языке) / Medicine (in English); Стоматология (на английском языке) / Dental Medicine (in English),2,Accepted with budget,Specialist
26003726,Казахстан /,Языкознание и литературоведение / Linguistics and Literary Studies (in Russian),1,Accepted with budget,Bachelor
26003727,Судан /,Медицина / Medicine (in Russian); Стоматология / Dental Medicine (in Russian); Медицина (на английском языке) / Medicine (in English),3,Accepted with budget,Specialist
26003728,Пакистан /,Прикладная математика и процессы управления (на английском языке) / Applied Mathematics and Control Processes (in English); Математика и механика (на английском языке) / Mathematics and Mechanics (in English); Современная математика (на английском языке) / Modern Mathematics (in English),3,Accepted with budget,Master
26003729,КИТАЙ /,Экономика / Economics (in Russian); Международные отношения / International Relations (in Russian); Менеджмент и государственное и муниципальное управление / Management and Public Administration (in Russian),3,Accepted with budget,Master
26003730,Беларусь /,Менеджмент (на английском языке) / Management (in English); Математика и механика / Mathematics and Mechanics (in Russian); Прикладная математика и процессы управления / Applied Mathematics and Control Processes (in Russian),3,Accepted with budget,Master
26003731,Замбия /,Экономика (на английском языке) / Economics (in English); Прикладная математика и процессы управления (на английском языке) / Applied Mathematics and Control Processes (in English); Международные отношения (на английском языке) / International Relations (in English),3,Accepted with budget,Master
26003732,Египет /,Языкознание и литературоведение / Linguistics and Literary Studies (in Russian); Прикладная математика и процессы управления / Applied Mathematics and Control Processes (in Russian),2,Accepted with budget,Master
26003733,Пакистан /,Науки о Земле и окружающей среде / Earth and Environmental Sciences (in Russian); Химия / Chemistry (in Russian); Международные отношения (на английском языке) / International Relations (in English),3,Accepted with budget,Master
26003734,Алжир /,Дизайн среды / Environmental Design (in Russian); Науки о Земле и окружающей среде / Earth and Environmental Sciences (in Russian),2,Accepted with budget,Master
26003735,Нигерия /,Менеджмент (на английском языке) / Management (in English),1,Accepted with budget,Master
26003736,Пакистан /,Менеджмент (на английском языке) / Management (in English); Языкознание и литературоведение / Linguistics and Literary Studies (in Russian); Медиакоммуникации и журналистика / Mediacommunications and Journalism (in Russian),3,Accepted with budget,PhD
26003737,"ИРАН, ИСЛАМСКАЯ РЕСПУБЛИКА /",Стоматология / Dental Medicine (in Russian); Медицина / Medicine (in Russian),2,Accepted with budget,Specialist
26003738,Судан /,Медицина (на английском языке) / Medicine (in English),1,Accepted with budget,Specialist
26003739,"ИРАН, ИСЛАМСКАЯ РЕСПУБЛИКА /",Стоматология / Dental Medicine (in Russian); Медицина / Medicine (in Russian),2,Accepted with budget,Specialist
26003740,Алжир /,Медицина (на английском языке) / Medicine (in English); Медицина / Medicine (in Russian),2,Accepted with budget,Specialist
26003741,Нигерия /,Медицина (на английском языке) / Medicine (in English); Стоматология (на английском языке) / Dental Medicine (in English); Медицина / Medicine (in Russian),3,Accepted with budget,Specialist
26003742,Азербайджан /,Стоматология / Dental Medicine (in Russian); Стоматология (на английском языке) / Dental Medicine (in English); Медицина / Medicine (in Russian),3,Accepted with budget,Specialist
26003743,Алжир /,Стоматология (на английском языке) / Dental Medicine (in English); Стоматология / Dental Medicine (in Russian),2,Accepted with budget,Specialist
26003744,Азербайджан /,Медицина / Medicine (in Russian); Медицина (на английском языке) / Medicine (in English); Стоматология / Dental Medicine (in Russian),3,Accepted with budget,Specialist
26003745,"ПАЛЕСТИНА, ГОСУДАРСТВО /",Медицина / Medicine (in Russian); Медицина (на английском языке) / Medicine (in English); Стоматология / Dental Medicine (in Russian),3,Accepted with budget,Specialist
26003746,Казахстан /,Стоматология / Dental Medicine (in Russian),1,Accepted with budget,Specialist
26003747,Уганда /,Медицина (на английском языке) / Medicine (in English),1,Accepted with budget,Specialist
26003748,Таджикистан /,Английский язык / English; Международные отношения / International Relations (in Russian),2,Accepted with budget,Bachelor
26003749,Эфиопия /,Математика и компьютерные науки / Mathematics and Computer Science (in Russian),1,Accepted with budget,Bachelor
26003750,"ТАНЗАНИЯ, ОБЪЕДИНЕННАЯ РЕСПУБЛИКА /",Медицина (на английском языке) / Medicine (in English); Стоматология (на английском языке) / Dental Medicine (in English),2,Accepted with budget,Specialist
26003751,Пакистан /,Медицина (на английском языке) / Medicine (in English),1,Accepted with budget,Specialist
26003752,Таджикистан /,Стоматология / Dental Medicine (in Russian),1,Accepted with budget,Specialist
26003753,Камерун /,Медицина (на английском языке) / Medicine (in English); Стоматология (на английском языке) / Dental Medicine (in English); Стоматология / Dental Medicine (in Russian),3,Accepted with budget,Specialist
26003754,Пакистан /,Медицина (на английском языке) / Medicine (in English); Стоматология (на английском языке) / Dental Medicine (in English),2,Accepted with budget,Specialist
26003755,Алжир /,Стоматология (на английском языке) / Dental Medicine (in English); Стоматология / Dental Medicine (in Russian),2,Accepted with budget,Specialist
26003756,Нигерия /,Медицина (на английском языке) / Medicine (in English); Стоматология (на английском языке) / Dental Medicine (in English),2,Accepted with budget,Specialist
26003757,Таджикистан /,Медицина / Medicine (in Russian),1,Accepted with budget,Specialist
26003758,Казахстан /,Медицина / Medicine (in Russian),1,Accepted with budget,Specialist
26003759,Таджикистан /,Медицина / Medicine (in Russian),1,Accepted with budget,Specialist
26003761,Казахстан /,Журналистика и массовые коммуникации / Journalism and Mass Communication (in Russian); Востоковедение и африканистика / Asian and African Studies (in Russian); Международные отношения / International Relations (in Russian),3,Accepted with budget,Master
26003762,Пакистан /,Международные отношения (на английском языке) / International Relations (in English); Деловая коммуникация на английском языке / Business Communication in English,2,Accepted with budget,Master
26003764,Греция /,Менеджмент (на английском языке) / Management (in English); Психология / Psychology (in Russian); Международные отношения (на английском языке) / International Relations (in English),3,Accepted with budget,Master
26003765,Пакистан /,Международные отношения (на английском языке) / International Relations (in English); Биология / Biology (in Russian),2,Accepted with budget,Master
26003766,ТУРКМЕНИСТАН /,Прикладная математика и процессы управления / Applied Mathematics and Control Processes (in Russian); Менеджмент и государственное и муниципальное управление / Management and Public Administration (in Russian); Математика и механика / Mathematics and Mechanics (in Russian),3,Accepted with budget,Master
26003768,Афганистан /,Социология / Sociology (in Russian),1,Accepted with budget,Master
26003769,Узбекистан /,Физика / Physics (in Russian),1,Accepted with budget,Master
26003770,Йемен /,Менеджмент и государственное и муниципальное управление / Management and Public Administration (in Russian); Юриспруденция / Law (in Russian); Международные отношения / International Relations (in Russian),3,Accepted with budget,Master
26003772,Казахстан /,История / History (in Russian); Международные отношения / International Relations (in Russian); Журналистика и массовые коммуникации / Journalism and Mass Communication (in Russian),3,Accepted with budget,Master
26003774,Казахстан /,Международные отношения / International Relations (in Russian); Нефтегазовая геология / Petroleum Geology (in Russian); Менеджмент и государственное и муниципальное управление / Management and Public Administration (in Russian),3,Accepted with budget,Master
26003775,Алжир /,Науки о Земле и окружающей среде / Earth and Environmental Sciences (in Russian); Дизайн среды / Environmental Design (in Russian),2,Accepted with budget,Master
26003776,Беларусь /,Менеджмент и государственное и муниципальное управление / Management and Public Administration (in Russian),1,Accepted with budget,Master
26003777,Узбекистан /,Юриспруденция / Law (in Russian),1,Accepted with budget,Bachelor
26003778,ТУРКМЕНИСТАН /,Биология / Biology (in Russian),1,Accepted with budget,Master
26003779,Узбекистан /,Экономика / Economics (in Russian); Международные отношения / International Relations (in Russian); Журналистика и массовые коммуникации / Journalism and Mass Communication (in Russian),3,Accepted with budget,Master
26003781,Казахстан /,Математика и механика / Mathematics and Mechanics (in Russian),1,Accepted with budget,Bachelor
26003782,Пакистан /,Педагогика / Pedagogy (in Russian); Социология (на английском языке) / Sociology (in English); Культурология (на английском языке) / Cultural Studies (in English),3,Accepted with budget,Master
26003783,Ирак /,Нефтегазовая геология / Petroleum Geology (in Russian); Менеджмент и государственное и муниципальное управление / Management and Public Administration (in Russian); Науки о Земле и окружающей среде / Earth and Environmental Sciences (in Russian),3,Accepted with budget,Master
26003784,Казахстан /,Менеджмент (на английском языке) / Management (in English); Экономика / Economics (in Russian); Менеджмент и государственное и муниципальное управление / Management and Public Administration (in Russian),3,Accepted with budget,Master
26003787,Узбекистан /,Языкознание и литературоведение (на итальянском языке) / Linguistics and Literary Studies (in Italian); Искусства и гуманитарные науки / Arts and Humanities (in Russian); Историческое исполнительство на клавишных музыкальных инструментах / Historical Performance on Keyboard Musical Instruments (in Russian),3,Accepted with budget,Master
26003789,Тунис /,Физика (на английском языке) / Physics (in English); Прикладная математика и процессы управления (на английском языке) / Applied Mathematics and Control Processes (in English); Экономика (на английском языке) / Economics (in English),3,Accepted with budget,Master
26003790,Узбекистан /,Стоматология / Dental Medicine (in Russian),1,Accepted with budget,Specialist
26003791,Нигерия /,Биология / Biology (in Russian),1,Accepted with budget,Master
26003793,Нигерия /,Биология / Biology (in Russian); Физика (на английском языке) / Physics (in English),2,Accepted with budget,Master
26003794,Таджикистан /,Международные отношения / International Relations (in Russian),1,Accepted with budget,Bachelor
26003795,КОНГО /,Математика и механика (на английском языке) / Mathematics and Mechanics (in English); Математика и механика / Mathematics and Mechanics (in Russian); Прикладная математика и процессы управления (на английском языке) / Applied Mathematics and Control Processes (in English),3,Accepted with budget,Master
26003796,Узбекистан /,Экономика / Economics (in Russian); Менеджмент и государственное и муниципальное управление / Management and Public Administration (in Russian); Антимонопольное регулирование / Antimonopoly regulation (in Russian),3,Accepted with budget,Master
26003797,Нигерия /,Менеджмент (на английском языке) / Management (in English); Юриспруденция / Law (in Russian); Психология / Psychology (in Russian),3,Accepted with budget,Bachelor
26003799,Пакистан /,Современная математика (на английском языке) / Modern Mathematics (in English); Прикладная математика и процессы управления (на английском языке) / Applied Mathematics and Control Processes (in English); Математика и механика (на английском языке) / Mathematics and Mechanics (in English),3,Accepted with budget,Master
26003801,Казахстан /,Журналистика и массовые коммуникации / Journalism and Mass Communication (in Russian),1,Accepted with budget,Bachelor
26003803,Гана /,Экономика (на английском языке) / Economics (in English); Юриспруденция (на английском языке) / Law (in English); Международные отношения (на английском языке) / International Relations (in English),3,Accepted with budget,Master
26003804,Казахстан /,Экономика / Economics (in Russian),1,Accepted with budget,Bachelor
26003806,Казахстан /,Актерское искусство / Acting Art (in Russian),1,Accepted with budget,Specialist
26003807,Алжир /,Прикладная математика и процессы управления (на английском языке) / Applied Mathematics and Control Processes (in English); Математика и механика (на английском языке) / Mathematics and Mechanics (in English),2,Accepted with budget,Master
26003808,Нигерия /,Экономика (на английском языке) / Economics (in English),1,Accepted with budget,Master
26003809,КИТАЙ /,Педагогика / Pedagogy (in Russian),1,Accepted with budget,PhD
26003810,"КОНГО, ДЕМОКРАТИЧЕСКАЯ РЕСПУБЛИКА /",Языкознание и литературоведение / Linguistics and Literary Studies (in Russian),1,Accepted with budget,Bachelor
26003811,Казахстан /,Менеджмент (на английском языке) / Management (in English); Менеджмент и государственное и муниципальное управление / Management and Public Administration (in Russian); Социология / Sociology (in Russian),3,Accepted with budget,Master
26003812,Пакистан /,Прикладная математика и процессы управления (на английском языке) / Applied Mathematics and Control Processes (in English); Физика (на английском языке) / Physics (in English); Юриспруденция (на английском языке) / Law (in English),3,Accepted with budget,Master
26003813,Египет /,Нефтегазовое дело / Petroleum Engineering (in Russian); Биология / Biology (in Russian); Науки о Земле / Earth Sciences (in Russian),3,Accepted with budget,Bachelor
26003814,Египет /,Физика (на английском языке) / Physics (in English),1,Accepted with budget,Master
26003815,Узбекистан /,Менеджмент (на английском языке) / Management (in English); Экономика (на английском языке) / Economics (in English); Международные отношения (на английском языке) / International Relations (in English),3,Accepted with budget,Master
26003816,Казахстан /,Английский язык / English; Менеджмент (на английском языке) / Management (in English); Философия / Philosophy (in Russian),3,Accepted with budget,Bachelor
26003817,"ТАНЗАНИЯ, ОБЪЕДИНЕННАЯ РЕСПУБЛИКА /",Медицина (на английском языке) / Medicine (in English); Стоматология (на английском языке) / Dental Medicine (in English),2,Accepted with budget,Specialist
26003818,Эфиопия /,Биология / Biology (in Russian); Химия / Chemistry (in Russian); Менеджмент (на английском языке) / Management (in English),3,Accepted with budget,Master
26003819,Узбекистан /,Математика и механика / Mathematics and Mechanics (in Russian); Международные отношения / International Relations (in Russian),2,Accepted with budget,Master
26003820,Бангладеш /,Математика и механика / Mathematics and Mechanics (in Russian); Прикладная математика и процессы управления / Applied Mathematics and Control Processes (in Russian); Нефтегазовое дело / Petroleum Engineering (in Russian),3,Accepted with budget,Bachelor
26003821,Таджикистан /,Языкознание и литературоведение (на итальянском языке) / Linguistics and Literary Studies (in Italian); Культурология (на английском языке) / Cultural Studies (in English); Искусства и гуманитарные науки / Arts and Humanities (in Russian),3,Accepted with budget,Master
26003822,Узбекистан /,Психология / Psychology (in Russian),1,Accepted with budget,Master
26003824,Пакистан /,Деловая коммуникация на английском языке / Business Communication in English; Менеджмент (на английском языке) / Management (in English),2,Accepted with budget,Master
26003826,Судан /,Прикладная математика и процессы управления (на английском языке) / Applied Mathematics and Control Processes (in English); Математика и механика (на английском языке) / Mathematics and Mechanics (in English); Менеджмент (на английском языке) / Management (in English),3,Accepted with budget,Master
26003827,Узбекистан /,Медицина / Medicine (in Russian),1,Accepted with budget,Specialist
26003828,Кения /,Экономика / Economics (in Russian),1,Accepted with budget,Bachelor
26003829,Индия /,Менеджмент (на английском языке) / Management (in English),1,Accepted with budget,Master
26003831,Таджикистан /,Медицина / Medicine (in Russian),1,Accepted with budget,Specialist
26003832,Казахстан /,Медиакоммуникации и журналистика / Mediacommunications and Journalism (in Russian); Психология / Psychology (in Russian); Педагогика / Pedagogy (in Russian),3,Accepted with budget,PhD
26003833,Бангладеш /,Менеджмент (на английском языке) / Management (in English),1,Accepted with budget,Bachelor
26003834,СИРИЙСКАЯ АРАБСКАЯ РЕСПУБЛИКА /,Антимонопольное регулирование / Antimonopoly regulation (in Russian),1,Accepted with budget,Master
26003835,Йемен /,Экономика / Economics (in Russian); Менеджмент (на английском языке) / Management (in English),2,Accepted with budget,Master
26003838,Пакистан /,Прикладная математика и процессы управления (на английском языке) / Applied Mathematics and Control Processes (in English); Математика и механика (на английском языке) / Mathematics and Mechanics (in English); Современная математика (на английском языке) / Modern Mathematics (in English),3,Accepted with budget,Master
26003839,Бангладеш /,Политология / Political Science (in Russian); Международные отношения / International Relations (in Russian),2,Accepted with budget,Bachelor
26003842,Индия /,Менеджмент (на английском языке) / Management (in English),1,Accepted with budget,Bachelor
26003845,Бангладеш /,Культурология (на английском языке) / Cultural Studies (in English); Международные отношения (на английском языке) / International Relations (in English); Социология (на английском языке) / Sociology (in English),3,Accepted with budget,Master
26003846,Бангладеш /,Дизайн среды / Environmental Design (in Russian),1,Accepted with budget,Bachelor
26003848,Узбекистан /,Международные отношения / International Relations (in Russian); Юриспруденция / Law (in Russian),2,Accepted with budget,Bachelor
26003849,Узбекистан /,Математика и механика / Mathematics and Mechanics (in Russian); Физика / Physics (in Russian); Прикладная математика и процессы управления / Applied Mathematics and Control Processes (in Russian),3,Accepted with budget,Bachelor
26003851,Узбекистан /,Международные отношения / International Relations (in Russian); Юриспруденция / Law (in Russian); История / History (in Russian),3,Accepted with budget,Bachelor
26003852,Словакия /,Международные отношения / International Relations (in Russian),1,Accepted with budget,Master
26003853,Эфиопия /,Менеджмент (на английском языке) / Management (in English),1,Accepted with budget,Bachelor
26003857,Афганистан /,Экономика / Economics (in Russian); Менеджмент и государственное и муниципальное управление / Management and Public Administration (in Russian),2,Accepted with budget,Master
26003858,Нигерия /,Менеджмент (на английском языке) / Management (in English),1,Accepted with budget,Bachelor
26003861,Нигерия /,Математика и компьютерные науки / Mathematics and Computer Science (in Russian),1,Accepted with budget,Bachelor
26003863,ТУРКМЕНИСТАН /,Международные отношения / International Relations (in Russian),1,Accepted with budget,Master
26003864,"МОЛДОВА, РЕСПУБЛИКА /",Математика и компьютерные науки / Mathematics and Computer Science (in Russian); Экономика / Economics (in Russian); Математика и механика / Mathematics and Mechanics (in Russian),3,Accepted with budget,Bachelor
26003866,Вьетнам /,Науки о Земле / Earth Sciences (in Russian),1,Accepted with budget,Bachelor
26003867,Узбекистан /,Прикладная математика и процессы управления / Applied Mathematics and Control Processes (in Russian); Экономика / Economics (in Russian); Английский язык / English,3,Accepted with budget,Bachelor
26003869,Оман /,Английский язык / English,1,Accepted with budget,Bachelor
26003871,Казахстан /,Английский язык / English; Языкознание и литературоведение / Linguistics and Literary Studies (in Russian),2,Accepted with budget,Bachelor
26003873,Мозамбик /,Математика и компьютерные науки / Mathematics and Computer Science (in Russian); Менеджмент (на английском языке) / Management (in English); Международные отношения / International Relations (in Russian),3,Accepted with budget,Bachelor
26003875,Нигерия /,Политология / Political Science (in Russian); Социология / Sociology (in Russian); Юриспруденция / Law (in Russian),3,Accepted with budget,Bachelor
26003876,Алжир /,Математика и механика / Mathematics and Mechanics (in Russian); Математика и компьютерные науки / Mathematics and Computer Science (in Russian),2,Accepted with budget,Bachelor
26003878,Нигерия /,Менеджмент (на английском языке) / Management (in English),1,Accepted with budget,Master
26003879,Нигерия /,Менеджмент (на английском языке) / Management (in English),1,Accepted with budget,Bachelor
26003880,Пакистан /,Биология / Biology (in Russian); Менеджмент (на английском языке) / Management (in English),2,Accepted with budget,Master
26003882,Нигерия /,Международные отношения (на английском языке) / International Relations (in English); Языкознание и литературоведение (на английском языке) / Foreign Languages (in English),2,Accepted with budget,Master
26003883,Нигер /,Математика и компьютерные науки / Mathematics and Computer Science (in Russian); Прикладная математика и процессы управления / Applied Mathematics and Control Processes (in Russian); Графический дизайн / Graphic Design (in Russian),3,Accepted with budget,Bachelor
26003886,Гвинея /,Политология / Political Science (in Russian),1,Accepted with budget,Bachelor
26003887,Бангладеш /,Языкознание и литературоведение / Linguistics and Literary Studies (in Russian); Международные отношения / International Relations (in Russian); Теология / Theology (in Russian),3,Accepted with budget,Bachelor
26003888,Бангладеш /,Менеджмент (на английском языке) / Management (in English); Менеджмент и государственное и муниципальное управление / Management and Public Administration (in Russian),2,Accepted with budget,Bachelor
26003890,КИТАЙ /,Юриспруденция / Law (in Russian); Международные отношения / International Relations (in Russian); Языкознание и литературоведение / Linguistics and Literary Studies (in Russian),3,Accepted with budget,Bachelor
26003891,"ПАЛЕСТИНА, ГОСУДАРСТВО /",Медицина (на английском языке) / Medicine (in English); Медицина / Medicine (in Russian),2,Accepted with budget,Specialist
26003892,Египет /,Стоматология (на английском языке) / Dental Medicine (in English),1,Accepted with budget,Specialist
26003893,ЛИВИЙСКАЯ АРАБСКАЯ ДЖАМАХИРИЯ /,Медицина / Medicine (in Russian); Медицина (на английском языке) / Medicine (in English),2,Accepted with budget,Specialist
26003894,Казахстан /,Актерское искусство / Acting Art (in Russian),1,Accepted with budget,Specialist
26003895,Казахстан /,Стоматология / Dental Medicine (in Russian); Медицина / Medicine (in Russian),2,Accepted with budget,Specialist
26003896,Пакистан /,Медицина (на английском языке) / Medicine (in English),1,Accepted with budget,Specialist
26003897,"ТАНЗАНИЯ, ОБЪЕДИНЕННАЯ РЕСПУБЛИКА /",Медицина (на английском языке) / Medicine (in English); Стоматология (на английском языке) / Dental Medicine (in English),2,Accepted with budget,Specialist
26003898,Казахстан /,Медицина / Medicine (in Russian); Стоматология / Dental Medicine (in Russian),2,Accepted with budget,Specialist
26003899,Египет /,Медицина (на английском языке) / Medicine (in English),1,Accepted with budget,Specialist
26003900,СИРИЙСКАЯ АРАБСКАЯ РЕСПУБЛИКА /,Медицина / Medicine (in Russian),1,Accepted with budget,Specialist
26003901,Казахстан /,Математика и компьютерные науки / Mathematics and Computer Science (in Russian); Математика и механика / Mathematics and Mechanics (in Russian),2,Accepted with budget,Bachelor
26003902,КИРГИЗИЯ /,Нефтегазовое дело / Petroleum Engineering (in Russian),1,Accepted with budget,Bachelor
26003903,Пакистан /,Медицина (на английском языке) / Medicine (in English); Стоматология (на английском языке) / Dental Medicine (in English),2,Accepted with budget,Specialist
26003904,Нигерия /,Математика и компьютерные науки / Mathematics and Computer Science (in Russian); Менеджмент (на английском языке) / Management (in English),2,Accepted with budget,Bachelor
26003905,Казахстан /,Медицина / Medicine (in Russian),1,Accepted with budget,Specialist
26003906,Украина /,Математика и механика / Mathematics and Mechanics (in Russian); Физика / Physics (in Russian); Прикладная математика и процессы управления / Applied Mathematics and Control Processes (in Russian),3,Accepted with budget,Bachelor
26003907,Казахстан /,Стоматология / Dental Medicine (in Russian),1,Accepted with budget,Specialist
26003908,Казахстан /,Дизайн среды / Environmental Design (in Russian); Графический дизайн / Graphic Design (in Russian),2,Accepted with budget,Bachelor
26003909,Казахстан /,Стоматология / Dental Medicine (in Russian); Медицина / Medicine (in Russian),2,Accepted with budget,Specialist
26003911,Афганистан /,Математика и компьютерные науки / Mathematics and Computer Science (in Russian); Менеджмент и государственное и муниципальное управление / Management and Public Administration (in Russian); Менеджмент (на английском языке) / Management (in English),3,Accepted with budget,Bachelor
26003912,Бангладеш /,Международные отношения / International Relations (in Russian); Экономика / Economics (in Russian),2,Accepted with budget,Bachelor
26003913,"ПАЛЕСТИНА, ГОСУДАРСТВО /",Стоматология / Dental Medicine (in Russian),1,Accepted with budget,Specialist
26003914,ТУРКМЕНИСТАН /,Математика и компьютерные науки / Mathematics and Computer Science (in Russian),1,Accepted with budget,Bachelor
26003915,Казахстан /,Юриспруденция / Law (in Russian); Международные отношения / International Relations (in Russian); Менеджмент и государственное и муниципальное управление / Management and Public Administration (in Russian),3,Accepted with budget,Bachelor
26003916,Алжир /,Медицина (на английском языке) / Medicine (in English),1,Accepted with budget,Specialist
26003917,Нигерия /,Менеджмент (на английском языке) / Management (in English); Английский язык / English,2,Accepted with budget,Bachelor
26003918,Казахстан /,Медицина / Medicine (in Russian); Стоматология / Dental Medicine (in Russian),2,Accepted with budget,Specialist
26003920,Казахстан /,Медицина / Medicine (in Russian),1,Accepted with budget,Specialist
26003922,Египет /,Психология / Psychology (in Russian); Журналистика и массовые коммуникации / Journalism and Mass Communication (in Russian); Менеджмент (на английском языке) / Management (in English),3,Accepted with budget,Bachelor
26003923,Судан /,История / History (in Russian),1,Accepted with budget,Bachelor
26003924,Судан /,Медицина (на английском языке) / Medicine (in English),1,Accepted with budget,Specialist
26003925,Нигерия /,Менеджмент (на английском языке) / Management (in English),1,Accepted with budget,Bachelor
26003928,Италия /,Английский язык / English,1,Accepted with budget,Bachelor
26003931,КИТАЙ /,Медицина / Medicine (in Russian),1,Accepted with budget,Specialist
26003932,КИТАЙ /,Медицина / Medicine (in Russian),1,Accepted with budget,Specialist
26003933,Судан /,Менеджмент и государственное и муниципальное управление / Management and Public Administration (in Russian); Математика и компьютерные науки / Mathematics and Computer Science (in Russian); Экономика / Economics (in Russian),3,Accepted with budget,Bachelor
26003934,Египет /,Математика и компьютерные науки / Mathematics and Computer Science (in Russian),1,Accepted with budget,Bachelor
26003935,Узбекистан /,Биология / Biology (in Russian); Химия / Chemistry (in Russian),2,Accepted with budget,Bachelor
26003936,КИТАЙ /,Международные отношения / International Relations (in Russian); Языкознание и литературоведение / Linguistics and Literary Studies (in Russian); Английский язык / English,3,Accepted with budget,Bachelor
26003937,КИТАЙ /,Медицина / Medicine (in Russian),1,Accepted with budget,Specialist
26003940,Российская Федерация /,Стоматология / Dental Medicine (in Russian),1,Accepted with budget,Specialist
26003942,Российская Федерация /,Медицина / Medicine (in Russian); Стоматология / Dental Medicine (in Russian),2,Accepted with budget,Specialist
26003944,Российская Федерация /,Стоматология / Dental Medicine (in Russian),1,Accepted with budget,Specialist
26003946,Судан /,Медицина (на английском языке) / Medicine (in English),1,Accepted with budget,Specialist
26003947,Йемен /,Медицина (на английском языке) / Medicine (in English); Стоматология (на английском языке) / Dental Medicine (in English),2,Accepted with budget,Specialist
26003948,Египет /,Медицина (на английском языке) / Medicine (in English),1,Accepted with budget,Specialist
26003949,Алжир /,Стоматология / Dental Medicine (in Russian),1,Accepted with budget,Specialist
26003950,Гана /,Медицина / Medicine (in Russian),1,Accepted with budget,Specialist
26003951,Камерун /,Медицина / Medicine (in Russian),1,Accepted with budget,Specialist
26003952,Гамбия /,Менеджмент (на английском языке) / Management (in English); Международные отношения / International Relations (in Russian),2,Accepted with budget,Bachelor
26003953,Афганистан /,Медицина (на английском языке) / Medicine (in English); Стоматология (на английском языке) / Dental Medicine (in English),2,Accepted with budget,Specialist
26003955,Египет /,Математика и компьютерные науки / Mathematics and Computer Science (in Russian); Графический дизайн / Graphic Design (in Russian); Прикладная математика и процессы управления / Applied Mathematics and Control Processes (in Russian),3,Accepted with budget,Bachelor
26003956,Руанда /,Живопись / Painting (in Russian),1,Accepted with budget,Specialist
26003956,Руанда /,Менеджмент (на английском языке) / Management (in English),1,Accepted with budget,Bachelor
26003957,ТУРКМЕНИСТАН /,Стоматология / Dental Medicine (in Russian),1,Accepted with budget,Specialist
26003958,Йемен /,Математика и компьютерные науки / Mathematics and Computer Science (in Russian); Прикладная математика и процессы управления / Applied Mathematics and Control Processes (in Russian); Теология / Theology (in Russian),3,Accepted with budget,Bachelor
26003959,Эфиопия /,Физика / Physics (in Russian),1,Accepted with budget,Bachelor
26003961,Египет /,Медицина (на английском языке) / Medicine (in English),1,Accepted with budget,Specialist
26003962,Йемен /,Медицина (на английском языке) / Medicine (in English); Медицина / Medicine (in Russian); Стоматология (на английском языке) / Dental Medicine (in English),3,Accepted with budget,Specialist
26003963,Турция /,Медицина / Medicine (in Russian); Стоматология (на английском языке) / Dental Medicine (in English); Стоматология / Dental Medicine (in Russian),3,Accepted with budget,Specialist
26003964,Турция /,Медицина / Medicine (in Russian),1,Accepted with budget,Specialist
26003965,Турция /,Медицина / Medicine (in Russian),1,Accepted with budget,Specialist
26003966,Ботсвана /,Медицина (на английском языке) / Medicine (in English),1,Accepted with budget,Specialist
26003967,СИРИЙСКАЯ АРАБСКАЯ РЕСПУБЛИКА /,Медицина / Medicine (in Russian),1,Accepted with budget,Specialist
26003968,Алжир /,Медицина / Medicine (in Russian),1,Accepted with budget,Specialist
26003971,Афганистан /,Медицина (на английском языке) / Medicine (in English); Стоматология (на английском языке) / Dental Medicine (in English),2,Accepted with budget,Specialist
26003972,Перу /,Медицина (на английском языке) / Medicine (in English),1,Accepted with budget,Specialist
26003975,Пакистан /,Менеджмент (на английском языке) / Management (in English),1,Accepted with budget,Bachelor
26003981,ТУРКМЕНИСТАН /,Стоматология / Dental Medicine (in Russian),1,Accepted with budget,Specialist
26003983,Египет /,Медицина (на английском языке) / Medicine (in English),1,Accepted with budget,Specialist
26003984,Казахстан /,Международные отношения / International Relations (in Russian),1,Accepted with budget,Bachelor
26003986,Беларусь /,Стоматология / Dental Medicine (in Russian),1,Accepted with budget,Specialist
26003987,Кения /,Психология / Psychology (in Russian),1,Accepted with budget,Bachelor
26003989,Грузия /,Менеджмент (на английском языке) / Management (in English); Международные отношения / International Relations (in Russian),2,Accepted with budget,Bachelor
26003992,"ИРАН, ИСЛАМСКАЯ РЕСПУБЛИКА /",Стоматология / Dental Medicine (in Russian); Стоматология (на английском языке) / Dental Medicine (in English); Медицина / Medicine (in Russian),3,Accepted with budget,Specialist
26003994,Латвия /,Стоматология / Dental Medicine (in Russian),1,Accepted with budget,Specialist
26003995,Нигерия /,Физическая культура / Physical Education (in Russian),1,Accepted with budget,Bachelor
26003997,Эфиопия /,Математика и компьютерные науки / Mathematics and Computer Science (in Russian); Экономика / Economics (in Russian); Международные отношения / International Relations (in Russian),3,Accepted with budget,Bachelor
26003999,Казахстан /,Математика и компьютерные науки / Mathematics and Computer Science (in Russian); Прикладная математика и процессы управления / Applied Mathematics and Control Processes (in Russian),2,Accepted with budget,Bachelor
26004002,Буркина-Фасо /,Международные отношения / International Relations (in Russian); Менеджмент и государственное и муниципальное управление / Management and Public Administration (in Russian); Биология / Biology (in Russian),3,Accepted with budget,Bachelor
26004003,Судан /,Медицина (на английском языке) / Medicine (in English); Стоматология / Dental Medicine (in Russian),2,Accepted with budget,Specialist
26004005,Нигерия /,Менеджмент (на английском языке) / Management (in English),1,Accepted with budget,Bachelor
26004008,Пакистан /,Экономика / Economics (in Russian); Менеджмент и государственное и муниципальное управление / Management and Public Administration (in Russian),2,Accepted with budget,Bachelor
26004011,Пакистан /,Стоматология (на английском языке) / Dental Medicine (in English),1,Accepted with budget,Specialist
26004012,Йемен /,Медицина / Medicine (in Russian); Стоматология / Dental Medicine (in Russian); Медицина (на английском языке) / Medicine (in English),3,Accepted with budget,Specialist
26004013,Судан /,Международные отношения / International Relations (in Russian),1,Accepted with budget,Bachelor
26004014,"ПАЛЕСТИНА, ГОСУДАРСТВО /",Менеджмент (на английском языке) / Management (in English); Менеджмент и государственное и муниципальное управление / Management and Public Administration (in Russian),2,Accepted with budget,Bachelor
26004016,Камерун /,Графический дизайн / Graphic Design (in Russian),1,Accepted with budget,Bachelor
26004018,Узбекистан /,Юриспруденция / Law (in Russian); Международные отношения / International Relations (in Russian),2,Accepted with budget,Bachelor
26004019,Египет /,Медицина (на английском языке) / Medicine (in English); Стоматология (на английском языке) / Dental Medicine (in English),2,Accepted with budget,Specialist
26004020,Афганистан /,Математика и компьютерные науки / Mathematics and Computer Science (in Russian); Менеджмент и государственное и муниципальное управление / Management and Public Administration (in Russian); Экономика / Economics (in Russian),3,Accepted with budget,Bachelor
26004023,Камерун /,Медицина (на английском языке) / Medicine (in English); Стоматология (на английском языке) / Dental Medicine (in English),2,Accepted with budget,Specialist
26004024,"МОЛДОВА, РЕСПУБЛИКА /",Графический дизайн / Graphic Design (in Russian); Дизайн среды / Environmental Design (in Russian),2,Accepted with budget,Bachelor
26004026,Египет /,Медицина (на английском языке) / Medicine (in English); Стоматология (на английском языке) / Dental Medicine (in English); Медицина / Medicine (in Russian),3,Accepted with budget,Specialist
26004028,Мозамбик /,Математика и механика / Mathematics and Mechanics (in Russian),1,Accepted with budget,Bachelor
26004029,Судан /,Медицина / Medicine (in Russian),1,Accepted with budget,Specialist
26004031,Египет /,Медицина (на английском языке) / Medicine (in English); Стоматология (на английском языке) / Dental Medicine (in English),2,Accepted with budget,Specialist
26004032,Того /,Нефтегазовое дело / Petroleum Engineering (in Russian); Науки о Земле / Earth Sciences (in Russian),2,Accepted with budget,Bachelor
26004033,Пакистан /,Медицина (на английском языке) / Medicine (in English); Стоматология (на английском языке) / Dental Medicine (in English),2,Accepted with budget,Specialist
26004034,Судан /,Менеджмент и государственное и муниципальное управление / Management and Public Administration (in Russian); Психология / Psychology (in Russian); Химия / Chemistry (in Russian),3,Accepted with budget,Bachelor
26004035,Алжир /,Медицина (на английском языке) / Medicine (in English); Медицина / Medicine (in Russian),2,Accepted with budget,Specialist
26004036,Египет /,Математика и компьютерные науки / Mathematics and Computer Science (in Russian),1,Accepted with budget,Bachelor
26004038,Алжир /,Стоматология / Dental Medicine (in Russian); Стоматология (на английском языке) / Dental Medicine (in English),2,Accepted with budget,Specialist
26004040,Узбекистан /,Медицина / Medicine (in Russian),1,Accepted with budget,Specialist
26004042,Тунис /,Медицина / Medicine (in Russian),1,Accepted with budget,Specialist
26004047,Намибия /,Медицина / Medicine (in Russian),1,Accepted with budget,Specialist
26004048,Нигерия /,Менеджмент (на английском языке) / Management (in English),1,Accepted with budget,Bachelor
26004049,СИРИЙСКАЯ АРАБСКАЯ РЕСПУБЛИКА /,Менеджмент (на английском языке) / Management (in English); Физическая культура / Physical Education (in Russian),2,Accepted with budget,Bachelor
26004050,Судан /,Математика и механика / Mathematics and Mechanics (in Russian); Политология / Political Science (in Russian),2,Accepted with budget,Bachelor
26004052,Нигерия /,Менеджмент (на английском языке) / Management (in English),1,Accepted with budget,Bachelor
26004054,Египет /,Менеджмент (на английском языке) / Management (in English),1,Accepted with budget,Bachelor
26004055,Нигерия /,Экономика / Economics (in Russian),1,Accepted with budget,Bachelor
26004057,КИТАЙ /,Стоматология / Dental Medicine (in Russian),1,Accepted with budget,Specialist
26004058,Нигерия /,Менеджмент (на английском языке) / Management (in English); Английский язык / English,2,Accepted with budget,Bachelor
26004060,Казахстан /,Юриспруденция / Law (in Russian); Психология / Psychology (in Russian); Графический дизайн / Graphic Design (in Russian),3,Accepted with budget,Bachelor
26004062,"ПАЛЕСТИНА, ГОСУДАРСТВО /",Медицина (на английском языке) / Medicine (in English),1,Accepted with budget,Specialist
26004063,Индия /,Физика / Physics (in Russian),1,Accepted with budget,Bachelor
26004064,Нигерия /,Медицина (на английском языке) / Medicine (in English); Стоматология (на английском языке) / Dental Medicine (in English),2,Accepted with budget,Specialist
26004068,"ИРАН, ИСЛАМСКАЯ РЕСПУБЛИКА /",Медицина (на английском языке) / Medicine (in English); Стоматология (на английском языке) / Dental Medicine (in English); Медицина / Medicine (in Russian),3,Accepted with budget,Specialist
26004070,"ПАЛЕСТИНА, ГОСУДАРСТВО /",Медицина (на английском языке) / Medicine (in English),1,Accepted with budget,Specialist
26004072,"ПАЛЕСТИНА, ГОСУДАРСТВО /",Медицина (на английском языке) / Medicine (in English); Стоматология (на английском языке) / Dental Medicine (in English); Медицина / Medicine (in Russian),3,Accepted with budget,Specialist
26004074,Пакистан /,Стоматология (на английском языке) / Dental Medicine (in English); Медицина (на английском языке) / Medicine (in English),2,Accepted with budget,Specialist
26004076,Пакистан /,Медицина (на английском языке) / Medicine (in English),1,Accepted with budget,Specialist
26004082,КИТАЙ /,Экономика / Economics (in Russian),1,Accepted with budget,Bachelor
26004083,КИТАЙ /,Экономика / Economics (in Russian),1,Accepted with budget,Bachelor
26004084,КИТАЙ /,Биология / Biology (in Russian),1,Accepted with budget,Master
26004085,КИТАЙ /,Графический дизайн / Graphic Design (in Russian),1,Accepted with budget,Master
26004086,КИТАЙ /,Деловая коммуникация на английском языке / Business Communication in English,1,Accepted with budget,Master
26004087,КИТАЙ /,История / History (in Russian),1,Accepted with budget,Master
26004088,КИТАЙ /,Языкознание и литературоведение / Linguistics and Literary Studies (in Russian),1,Accepted with budget,Master
